gene,gene,protein,site,fel_selection,fel_beta,fel_alpha,prime_marker,fel_pval,substitutions,prime_qval,meme_marker,majority_residue,composition
GCF_000864105.1_noTerminalStopCodon.part_lcl__NC_007357.1_cds_YP_308664.1_1,PB2,polymerase,1,neutral,0,0,-,1,NA,1,1,M,"M:4163,?:148"
GCF_000864105.1_noTerminalStopCodon.part_lcl__NC_007357.1_cds_YP_308664.1_1,PB2,polymerase,2,negative,0,1.282,-,0,"E:E:29,E:G:1,E:N:1,D:E:2,E:K:1,E:S:1,E:T:1",1,0.667,E,"E:4162,?:142,G:1,N:1,D:2,K:1,S:1,T:1"
GCF_000864105.1_noTerminalStopCodon.part_lcl__NC_007357.1_cds_YP_308664.1_1,PB2,polymerase,3,negative,0.039,0.972,-,0,"R:R:21,G:R:1,C:G:1",1,0.667,R,"R:4174,?:135,C:1,G:1"
GCF_000864105.1_noTerminalStopCodon.part_lcl__NC_007357.1_cds_YP_308664.1_1,PB2,polymerase,4,neutral,0.073,0.266,-,0.441,"I:V:4,I:R:2,I:L:1,I:M:1,I:T:2",1,0.001,I,"I:4175,V:4,?:124,R:3,L:1,M:1,T:3"
GCF_000864105.1_noTerminalStopCodon.part_lcl__NC_007357.1_cds_YP_308664.1_1,PB2,polymerase,5,negative,0.139,0.61,-,0.011,"K:R:6,D:K:1,K:K:11,I:K:1,G:R:1,E:K:1",1,0.656,K,"K:3934,R:254,?:119,D:1,I:1,G:1,E:1"
GCF_000864105.1_noTerminalStopCodon.part_lcl__NC_007357.1_cds_YP_308664.1_1,PB2,polymerase,6,negative,0.137,0.61,-,0.009,"E:G:4,E:E:12,E:K:5,D:E:1",1,0.644,E,"E:4170,G:6,?:118,K:16,D:1"
GCF_000864105.1_noTerminalStopCodon.part_lcl__NC_007357.1_cds_YP_308664.1_1,PB2,polymerase,7,negative,0,1.129,-,0,"L:L:42,?:L:1,F:L:1,L:R:1",1,0.667,L,"L:4191,?:118,F:1,R:1"
GCF_000864105.1_noTerminalStopCodon.part_lcl__NC_007357.1_cds_YP_308664.1_1,PB2,polymerase,8,negative,0.043,1.023,-,0,"R:R:23,K:R:3,R:S:1,I:R:1",1,0.667,R,"R:4191,?:115,K:3,S:1,I:1"
GCF_000864105.1_noTerminalStopCodon.part_lcl__NC_007357.1_cds_YP_308664.1_1,PB2,polymerase,9,negative,0.165,0.516,-,0.048,"D:V:2,D:E:3,D:N:13,D:D:9,D:Y:1",1,0.62,D,"D:4162,V:2,?:111,E:3,N:32,Y:1"
GCF_000864105.1_noTerminalStopCodon.part_lcl__NC_007357.1_cds_YP_308664.1_1,PB2,polymerase,10,negative,0,1.013,-,0,L:L:37,1,0.667,L,"L:4208,?:103"
GCF_000864105.1_noTerminalStopCodon.part_lcl__NC_007357.1_cds_YP_308664.1_1,PB2,polymerase,11,neutral,0.058,0.034,-,0.978,"I:M:2,M:V:1,L:M:1",1,0.631,M,"M:4214,I:3,?:91,V:1,L:2"
GCF_000864105.1_noTerminalStopCodon.part_lcl__NC_007357.1_cds_YP_308664.1_1,PB2,polymerase,12,negative,0,1.309,-,0,"S:S:32,A:S:1,S:T:1,S:Y:1,P:S:1",1,0.667,S,"S:4247,?:60,A:1,T:1,Y:1,P:1"
GCF_000864105.1_noTerminalStopCodon.part_lcl__NC_007357.1_cds_YP_308664.1_1,PB2,polymerase,13,negative,0.076,0.857,-,0.001,"P:Q:1,Q:Q:22,H:Q:3,K:Q:2,L:Q:1",1,0.667,Q,"Q:4253,P:1,?:50,H:4,K:2,L:1"
GCF_000864105.1_noTerminalStopCodon.part_lcl__NC_007357.1_cds_YP_308664.1_1,PB2,polymerase,14,negative,0.082,0.895,-,0,"S:S:22,F:S:1,P:S:2",1,0.667,S,"S:4247,?:48,F:1,P:15"
GCF_000864105.1_noTerminalStopCodon.part_lcl__NC_007357.1_cds_YP_308664.1_1,PB2,polymerase,15,negative,0,0.123,-,0.048,"D:R:1,R:R:3",1,0.667,R,"R:4262,?:48,D:1"
GCF_000864105.1_noTerminalStopCodon.part_lcl__NC_007357.1_cds_YP_308664.1_1,PB2,polymerase,16,negative,0.039,1.644,-,0,"T:T:39,?:T:2,P:T:4,A:T:1",1,0.667,T,"T:4255,?:50,P:5,A:1"
GCF_000864105.1_noTerminalStopCodon.part_lcl__NC_007357.1_cds_YP_308664.1_1,PB2,polymerase,17,neutral,0.089,0.245,-,0.185,"L:R:1,C:R:4,R:R:6,R:S:1",1,0.084,R,"R:4256,?:46,L:1,C:7,S:1"
GCF_000864105.1_noTerminalStopCodon.part_lcl__NC_007357.1_cds_YP_308664.1_1,PB2,polymerase,18,neutral,0,0,-,1,E:Q:1,1,0.667,E,"E:4269,?:41,Q:1"
GCF_000864105.1_noTerminalStopCodon.part_lcl__NC_007357.1_cds_YP_308664.1_1,PB2,polymerase,19,neutral,0,0,-,1,I:V:4,1,0.667,I,"I:4266,?:41,V:4"
GCF_000864105.1_noTerminalStopCodon.part_lcl__NC_007357.1_cds_YP_308664.1_1,PB2,polymerase,20,negative,0,1.232,-,0,L:L:48,1,0.667,L,"L:4267,?:44"
GCF_000864105.1_noTerminalStopCodon.part_lcl__NC_007357.1_cds_YP_308664.1_1,PB2,polymerase,21,negative,0.077,0.651,-,0,"I:T:3,T:T:16,A:T:2,S:T:1",1,0.667,T,"T:4269,I:6,?:33,A:2,S:1"
GCF_000864105.1_noTerminalStopCodon.part_lcl__NC_007357.1_cds_YP_308664.1_1,PB2,polymerase,22,negative,0.092,1.069,-,0,"K:K:21,K:R:8,E:K:1",1,0.667,K,"K:4209,R:68,?:33,E:1"
GCF_000864105.1_noTerminalStopCodon.part_lcl__NC_007357.1_cds_YP_308664.1_1,PB2,polymerase,23,negative,0,0.748,-,0,T:T:18,1,0.667,T,"T:4280,?:31"
GCF_000864105.1_noTerminalStopCodon.part_lcl__NC_007357.1_cds_YP_308664.1_1,PB2,polymerase,24,negative,0,0.919,-,0,"T:T:23,N:T:1",1,0.667,T,"T:4279,?:31,N:1"
GCF_000864105.1_noTerminalStopCodon.part_lcl__NC_007357.1_cds_YP_308664.1_1,PB2,polymerase,25,negative,0,0.666,-,0,"I:V:1,V:V:19",1,0.667,V,"V:4280,I:1,?:30"
GCF_000864105.1_noTerminalStopCodon.part_lcl__NC_007357.1_cds_YP_308664.1_1,PB2,polymerase,26,negative,0,0.52,-,0,D:D:9,1,0.667,D,"D:4282,?:29"
GCF_000864105.1_noTerminalStopCodon.part_lcl__NC_007357.1_cds_YP_308664.1_1,PB2,polymerase,27,negative,0,1.422,-,0,H:H:24,1,0.667,H,"H:4282,?:29"
GCF_000864105.1_noTerminalStopCodon.part_lcl__NC_007357.1_cds_YP_308664.1_1,PB2,polymerase,28,neutral,0.058,0.011,-,0.98,"I:M:5,M:T:1",1,0.635,M,"M:4272,I:9,?:29,T:1"
GCF_000864105.1_noTerminalStopCodon.part_lcl__NC_007357.1_cds_YP_308664.1_1,PB2,polymerase,29,negative,0,0.748,-,0,"A:A:18,A:G:1",1,0.667,A,"A:4253,?:57,G:1"
GCF_000864105.1_noTerminalStopCodon.part_lcl__NC_007357.1_cds_YP_308664.1_1,PB2,polymerase,30,negative,0.066,1.343,-,0,"I:T:1,I:L:1,I:R:1,I:V:3,I:I:6",1,0.667,I,"I:4241,T:1,L:5,R:1,?:59,V:4"
GCF_000864105.1_noTerminalStopCodon.part_lcl__NC_007357.1_cds_YP_308664.1_1,PB2,polymerase,31,negative,0.043,1.198,-,0,"I:I:24,I:K:1,I:L:2,I:V:1",1,0.667,I,"I:4250,K:1,?:56,L:3,V:1"
GCF_000864105.1_noTerminalStopCodon.part_lcl__NC_007357.1_cds_YP_308664.1_1,PB2,polymerase,32,negative,0,0.71,-,0,"K:K:17,E:K:1,K:R:2",1,0.667,K,"K:4251,E:1,?:57,R:2"
GCF_000864105.1_noTerminalStopCodon.part_lcl__NC_007357.1_cds_YP_308664.1_1,PB2,polymerase,33,negative,0.046,1.45,-,0,"K:K:30,K:R:4",1,0.667,K,"K:4250,?:56,R:5"
GCF_000864105.1_noTerminalStopCodon.part_lcl__NC_007357.1_cds_YP_308664.1_1,PB2,polymerase,34,negative,0,1.017,-,0,"Y:Y:17,C:Y:1,D:Y:2",1,0.667,Y,"Y:4251,?:57,C:1,D:2"
GCF_000864105.1_noTerminalStopCodon.part_lcl__NC_007357.1_cds_YP_308664.1_1,PB2,polymerase,35,negative,0,1.132,-,0,T:T:28,1,0.667,T,"T:4254,?:57"
GCF_000864105.1_noTerminalStopCodon.part_lcl__NC_007357.1_cds_YP_308664.1_1,PB2,polymerase,36,negative,0,1.706,-,0,S:S:42,1,0.667,S,"S:4252,?:59"
GCF_000864105.1_noTerminalStopCodon.part_lcl__NC_007357.1_cds_YP_308664.1_1,PB2,polymerase,37,negative,0,1.13,-,0,"G:G:27,G:R:1",1,0.667,G,"G:4252,?:58,R:1"
GCF_000864105.1_noTerminalStopCodon.part_lcl__NC_007357.1_cds_YP_308664.1_1,PB2,polymerase,38,negative,0,1.482,-,0,R:R:36,1,0.667,R,"R:4252,?:59"
GCF_000864105.1_noTerminalStopCodon.part_lcl__NC_007357.1_cds_YP_308664.1_1,PB2,polymerase,39,negative,0,0.93,-,0,"K:Q:2,Q:Q:20,L:Q:1,Q:R:1",1,0.667,Q,"Q:4250,K:2,?:57,L:1,R:1"
GCF_000864105.1_noTerminalStopCodon.part_lcl__NC_007357.1_cds_YP_308664.1_1,PB2,polymerase,40,negative,0,0.93,-,0,E:E:23,1,0.667,E,"E:4253,?:58"
GCF_000864105.1_noTerminalStopCodon.part_lcl__NC_007357.1_cds_YP_308664.1_1,PB2,polymerase,41,negative,0.048,0.379,-,0.011,"K:K:10,K:R:3",1,0.667,K,"K:4251,?:55,R:5"
GCF_000864105.1_noTerminalStopCodon.part_lcl__NC_007357.1_cds_YP_308664.1_1,PB2,polymerase,42,negative,0,1.804,-,0,"N:N:28,N:T:1,N:S:1",1,0.667,N,"N:4254,T:1,S:1,?:55"
GCF_000864105.1_noTerminalStopCodon.part_lcl__NC_007357.1_cds_YP_308664.1_1,PB2,polymerase,43,negative,0,1.114,-,0,P:P:27,1,0.667,P,"P:4256,?:55"
GCF_000864105.1_noTerminalStopCodon.part_lcl__NC_007357.1_cds_YP_308664.1_1,PB2,polymerase,44,negative,0,1.587,-,0,A:A:37,1,0.667,A,"A:4257,?:54"
GCF_000864105.1_noTerminalStopCodon.part_lcl__NC_007357.1_cds_YP_308664.1_1,PB2,polymerase,45,negative,0.048,0.918,-,0,"L:L:22,H:L:1,I:L:1",1,0.667,L,"L:4254,H:1,?:54,I:2"
GCF_000864105.1_noTerminalStopCodon.part_lcl__NC_007357.1_cds_YP_308664.1_1,PB2,polymerase,46,negative,0,1.211,-,0,"R:R:31,I:R:1",1,0.667,R,"R:4255,?:55,I:1"
GCF_000864105.1_noTerminalStopCodon.part_lcl__NC_007357.1_cds_YP_308664.1_1,PB2,polymerase,47,neutral,0,0,-,1,NA,1,1,M,"M:4257,?:54"
GCF_000864105.1_noTerminalStopCodon.part_lcl__NC_007357.1_cds_YP_308664.1_1,PB2,polymerase,48,negative,0,1.319,-,0,"K:K:26,K:N:1,K:R:2",1,0.667,K,"K:4254,?:54,N:1,R:2"
GCF_000864105.1_noTerminalStopCodon.part_lcl__NC_007357.1_cds_YP_308664.1_1,PB2,polymerase,49,neutral,0,0.059,-,1,"K:W:1,R:W:1",1,0.667,W,"W:4254,?:55,K:1,R:1"
GCF_000864105.1_noTerminalStopCodon.part_lcl__NC_007357.1_cds_YP_308664.1_1,PB2,polymerase,50,neutral,0,0.048,-,1,"I:M:3,M:T:1",1,0.667,M,"M:4253,?:54,I:3,T:1"
GCF_000864105.1_noTerminalStopCodon.part_lcl__NC_007357.1_cds_YP_308664.1_1,PB2,polymerase,51,neutral,0,0,-,1,NA,1,1,M,"M:4257,?:54"
GCF_000864105.1_noTerminalStopCodon.part_lcl__NC_007357.1_cds_YP_308664.1_1,PB2,polymerase,52,neutral,0.038,0.159,-,0.146,"A:T:3,A:A:4",1,0.663,A,"A:4253,T:4,?:54"
GCF_000864105.1_noTerminalStopCodon.part_lcl__NC_007357.1_cds_YP_308664.1_1,PB2,polymerase,53,neutral,0,0,-,0.997,M:T:1,1,0.667,M,"M:4257,T:1,?:53"
GCF_000864105.1_noTerminalStopCodon.part_lcl__NC_007357.1_cds_YP_308664.1_1,PB2,polymerase,54,negative,0.231,0.649,-,0.039,"K:N:2,K:K:12,K:R:7,R:R:1",1,0.242,K,"K:4231,N:2,?:53,R:25"
GCF_000864105.1_noTerminalStopCodon.part_lcl__NC_007357.1_cds_YP_308664.1_1,PB2,polymerase,55,negative,0,2.262,-,0,"Y:Y:37,N:Y:1,H:Y:5",1,0.667,Y,"Y:4252,N:1,?:53,H:5"
GCF_000864105.1_noTerminalStopCodon.part_lcl__NC_007357.1_cds_YP_308664.1_1,PB2,polymerase,56,negative,0,0.845,-,0,"P:P:22,P:Q:1,P:S:2",1,0.667,P,"P:4255,?:53,Q:1,S:2"
GCF_000864105.1_noTerminalStopCodon.part_lcl__NC_007357.1_cds_YP_308664.1_1,PB2,polymerase,57,negative,0,1.589,-,0,"I:I:34,I:V:1",1,0.667,I,"I:4253,?:57,V:1"
GCF_000864105.1_noTerminalStopCodon.part_lcl__NC_007357.1_cds_YP_308664.1_1,PB2,polymerase,58,neutral,0.273,0.599,-,0.077,"T:T:13,A:T:25,K:T:1,S:T:1,A:A:1",1,0.025,T,"T:3690,A:594,?:24,K:1,S:2"
GCF_000864105.1_noTerminalStopCodon.part_lcl__NC_007357.1_cds_YP_308664.1_1,PB2,polymerase,59,negative,0,1.126,-,0,"A:A:28,A:T:1",1,0.667,A,"A:4286,?:24,T:1"
GCF_000864105.1_noTerminalStopCodon.part_lcl__NC_007357.1_cds_YP_308664.1_1,PB2,polymerase,60,negative,0.124,1.306,-,0,"D:D:21,D:N:8,D:R:1,A:D:1,D:E:1",1,0.667,D,"D:4270,?:26,N:12,R:1,A:1,E:1"
GCF_000864105.1_noTerminalStopCodon.part_lcl__NC_007357.1_cds_YP_308664.1_1,PB2,polymerase,61,negative,0.094,0.765,-,0,"K:K:18,K:R:7,I:K:1,K:Q:1,E:K:1",1,0.667,K,"K:4271,?:24,R:13,I:1,Q:1,E:1"
GCF_000864105.1_noTerminalStopCodon.part_lcl__NC_007357.1_cds_YP_308664.1_1,PB2,polymerase,62,negative,0.138,1.49,-,0,"R:R:34,G:R:1,R:W:1,K:R:7,K:K:1,Q:R:3",1,0.667,R,"R:4252,G:9,?:25,W:1,K:18,Q:6"
GCF_000864105.1_noTerminalStopCodon.part_lcl__NC_007357.1_cds_YP_308664.1_1,PB2,polymerase,63,neutral,0.065,0,-,0.43,"I:V:9,I:L:1",1,0.382,I,"I:4269,?:25,V:16,L:1"
GCF_000864105.1_noTerminalStopCodon.part_lcl__NC_007357.1_cds_YP_308664.1_1,PB2,polymerase,64,negative,0.36,2.303,-,0.027,"I:M:14,M:T:1,M:V:5,L:M:2,I:I:2,I:V:2,I:L:1,I:T:1",1,0.022,M,"M:3736,?:26,I:523,T:12,V:9,L:5"
GCF_000864105.1_noTerminalStopCodon.part_lcl__NC_007357.1_cds_YP_308664.1_1,PB2,polymerase,65,negative,0.183,0.949,-,0,"E:E:19,E:K:7,D:E:6,D:D:2,E:G:3",1,0.667,E,"E:3989,K:12,?:25,D:282,G:3"
GCF_000864105.1_noTerminalStopCodon.part_lcl__NC_007357.1_cds_YP_308664.1_1,PB2,polymerase,66,negative,0.177,12.583,-,0.028,"M:T:2,I:M:13,M:V:3,L:M:4",1,0.092,M,"M:4238,T:3,?:26,I:35,V:4,L:5"
GCF_000864105.1_noTerminalStopCodon.part_lcl__NC_007357.1_cds_YP_308664.1_1,PB2,polymerase,67,negative,0.175,1.138,-,0,"I:V:13,I:I:25,I:M:1,I:L:2",1,0.175,I,"I:4261,V:19,?:28,M:1,L:2"
GCF_000864105.1_noTerminalStopCodon.part_lcl__NC_007357.1_cds_YP_308664.1_1,PB2,polymerase,68,negative,0,0.876,-,0,"P:P:21,P:S:1,L:P:1,A:P:1",1,0.667,P,"P:4285,?:23,S:1,L:1,A:1"
GCF_000864105.1_noTerminalStopCodon.part_lcl__NC_007357.1_cds_YP_308664.1_1,PB2,polymerase,69,negative,0,1.332,-,0,"E:E:27,E:G:1,E:V:1,D:E:2,?:E:1",1,0.667,E,"E:4280,?:27,G:1,V:1,D:2"
GCF_000864105.1_noTerminalStopCodon.part_lcl__NC_007357.1_cds_YP_308664.1_1,PB2,polymerase,70,negative,0,1.312,-,0,"R:S:2,K:R:5,R:R:34",1,0.667,R,"R:4278,S:2,K:5,?:26"
GCF_000864105.1_noTerminalStopCodon.part_lcl__NC_007357.1_cds_YP_308664.1_1,PB2,polymerase,71,negative,0,0.679,-,0,"N:N:12,K:N:1,D:N:1",1,0.667,N,"N:4285,?:24,K:1,D:1"
GCF_000864105.1_noTerminalStopCodon.part_lcl__NC_007357.1_cds_YP_308664.1_1,PB2,polymerase,72,negative,0,1.099,-,0,"E:E:23,E:G:2",1,0.667,E,"E:4284,?:25,G:2"
GCF_000864105.1_noTerminalStopCodon.part_lcl__NC_007357.1_cds_YP_308664.1_1,PB2,polymerase,73,negative,0.144,1.062,-,0.001,"Q:Q:21,Q:R:4,K:Q:3,H:Q:1",1,0.667,Q,"Q:4272,?:26,R:4,K:8,H:1"
GCF_000864105.1_noTerminalStopCodon.part_lcl__NC_007357.1_cds_YP_308664.1_1,PB2,polymerase,74,negative,0.041,1.573,-,0,"G:G:39,G:S:1,N:S:1,C:G:1",1,0.667,G,"G:4271,S:11,N:1,?:27,C:1"
GCF_000864105.1_noTerminalStopCodon.part_lcl__NC_007357.1_cds_YP_308664.1_1,PB2,polymerase,75,negative,0,1.334,-,0,"Q:Q:29,H:Q:1",1,0.667,Q,"Q:4274,?:36,H:1"
GCF_000864105.1_noTerminalStopCodon.part_lcl__NC_007357.1_cds_YP_308664.1_1,PB2,polymerase,76,negative,0.115,1.369,-,0,"T:T:32,I:T:11,M:T:1,A:T:5,I:I:1,N:T:1",1,0.667,T,"T:4192,?:36,I:75,M:1,A:6,N:1"
GCF_000864105.1_noTerminalStopCodon.part_lcl__NC_007357.1_cds_YP_308664.1_1,PB2,polymerase,77,negative,0,1.555,-,0,L:L:36,1,0.667,L,"L:4274,?:37"
GCF_000864105.1_noTerminalStopCodon.part_lcl__NC_007357.1_cds_YP_308664.1_1,PB2,polymerase,78,negative,0,1037.108,-,0.001,G:W:2,1,0.667,W,"W:4274,G:2,?:35"
GCF_000864105.1_noTerminalStopCodon.part_lcl__NC_007357.1_cds_YP_308664.1_1,PB2,polymerase,79,negative,0.112,0.569,-,0.007,"G:S:8,N:S:2,S:S:9,G:G:1,I:S:2,C:S:1",1,0.667,S,"S:4010,G:261,N:2,?:35,I:2,C:1"
GCF_000864105.1_noTerminalStopCodon.part_lcl__NC_007357.1_cds_YP_308664.1_1,PB2,polymerase,80,negative,0.093,0.58,-,0.004,"K:K:13,K:R:12,K:T:1,K:N:1",1,0.667,K,"K:4243,?:33,R:33,T:1,N:1"
GCF_000864105.1_noTerminalStopCodon.part_lcl__NC_007357.1_cds_YP_308664.1_1,PB2,polymerase,81,negative,0.235,0.702,-,0.013,"A:T:6,T:T:17,K:T:1,I:T:6,M:T:1",1,0.388,T,"T:4237,A:30,?:33,K:2,I:8,M:1"
GCF_000864105.1_noTerminalStopCodon.part_lcl__NC_007357.1_cds_YP_308664.1_1,PB2,polymerase,82,negative,0.17,1.29,-,0,"N:N:21,N:T:6,K:N:2,N:S:7,D:N:2,H:N:2",1,0.667,N,"N:4210,T:6,?:33,K:2,S:34,D:3,H:23"
GCF_000864105.1_noTerminalStopCodon.part_lcl__NC_007357.1_cds_YP_308664.1_1,PB2,polymerase,83,negative,0,0.335,-,0.001,D:D:6,1,0.667,D,"D:4278,?:33"
GCF_000864105.1_noTerminalStopCodon.part_lcl__NC_007357.1_cds_YP_308664.1_1,PB2,polymerase,84,negative,0,1.23,-,0,"A:A:30,A:S:2,A:V:1,A:G:1",1,0.667,A,"A:4274,?:33,S:2,V:1,G:1"
GCF_000864105.1_noTerminalStopCodon.part_lcl__NC_007357.1_cds_YP_308664.1_1,PB2,polymerase,85,negative,0,1.603,-,0,"G:G:40,E:G:1",1,0.667,G,"G:4276,?:34,E:1"
GCF_000864105.1_noTerminalStopCodon.part_lcl__NC_007357.1_cds_YP_308664.1_1,PB2,polymerase,86,negative,0,0.819,-,0,"S:S:21,S:T:1",1,0.667,S,"S:4275,?:35,T:1"
GCF_000864105.1_noTerminalStopCodon.part_lcl__NC_007357.1_cds_YP_308664.1_1,PB2,polymerase,87,negative,0.082,1.353,-,0,"D:G:3,D:D:23,D:Y:1,D:N:3,D:E:2",1,0.667,D,"D:4259,G:8,?:34,Y:1,N:3,E:6"
GCF_000864105.1_noTerminalStopCodon.part_lcl__NC_007357.1_cds_YP_308664.1_1,PB2,polymerase,88,negative,0,1.376,-,0,"R:R:36,K:R:4",1,0.667,R,"R:4273,K:4,?:34"
GCF_000864105.1_noTerminalStopCodon.part_lcl__NC_007357.1_cds_YP_308664.1_1,PB2,polymerase,89,negative,0.131,0.994,-,0,"V:V:28,M:V:4,A:V:1,I:V:1,L:V:2",1,0.667,V,"V:4244,?:35,M:19,A:1,I:1,L:11"
GCF_000864105.1_noTerminalStopCodon.part_lcl__NC_007357.1_cds_YP_308664.1_1,PB2,polymerase,90,neutral,0.087,0.002,-,0.943,"I:M:6,L:M:1,M:V:6",1,0.654,M,"M:4262,?:33,I:7,L:1,V:8"
GCF_000864105.1_noTerminalStopCodon.part_lcl__NC_007357.1_cds_YP_308664.1_1,PB2,polymerase,91,negative,0.044,0.81,-,0,"V:V:22,I:V:3,A:V:1",1,0.667,V,"V:4270,I:7,?:33,A:1"
GCF_000864105.1_noTerminalStopCodon.part_lcl__NC_007357.1_cds_YP_308664.1_1,PB2,polymerase,92,negative,0,0.608,-,0,"S:S:15,S:T:1",1,0.667,S,"S:4277,?:33,T:1"
GCF_000864105.1_noTerminalStopCodon.part_lcl__NC_007357.1_cds_YP_308664.1_1,PB2,polymerase,93,negative,0.041,0.979,-,0,"P:P:24,H:P:1,P:S:3,L:P:1",1,0.667,P,"P:4265,?:33,H:1,S:11,L:1"
GCF_000864105.1_noTerminalStopCodon.part_lcl__NC_007357.1_cds_YP_308664.1_1,PB2,polymerase,94,negative,0,0.67,-,0,"L:L:29,L:Q:1",1,0.667,L,"L:4277,?:33,Q:1"
GCF_000864105.1_noTerminalStopCodon.part_lcl__NC_007357.1_cds_YP_308664.1_1,PB2,polymerase,95,negative,0,1.128,-,0,"A:S:2,A:A:28,A:V:1",1,0.667,A,"A:4276,S:2,?:32,V:1"
GCF_000864105.1_noTerminalStopCodon.part_lcl__NC_007357.1_cds_YP_308664.1_1,PB2,polymerase,96,negative,0.044,0.794,-,0,"V:V:22,I:V:3",1,0.667,V,"V:4275,?:32,I:4"
GCF_000864105.1_noTerminalStopCodon.part_lcl__NC_007357.1_cds_YP_308664.1_1,PB2,polymerase,97,negative,0,1.247,-,0,"T:T:31,A:T:1",1,0.667,T,"T:4278,?:32,A:1"
GCF_000864105.1_noTerminalStopCodon.part_lcl__NC_007357.1_cds_YP_308664.1_1,PB2,polymerase,98,neutral,0,0.131,-,0.997,R:W:1,1,0.667,W,"W:4279,?:31,R:1"
GCF_000864105.1_noTerminalStopCodon.part_lcl__NC_007357.1_cds_YP_308664.1_1,PB2,polymerase,99,neutral,0,0.223,-,1,NA,1,0.667,W,"W:4280,?:31"
GCF_000864105.1_noTerminalStopCodon.part_lcl__NC_007357.1_cds_YP_308664.1_1,PB2,polymerase,100,negative,0,1.175,-,0,"N:N:20,I:N:1",1,0.667,N,"N:4275,?:35,I:1"
GCF_000864105.1_noTerminalStopCodon.part_lcl__NC_007357.1_cds_YP_308664.1_1,PB2,polymerase,101,negative,0,1.441,-,0,"R:R:37,K:R:2",1,0.667,R,"R:4277,?:32,K:2"
GCF_000864105.1_noTerminalStopCodon.part_lcl__NC_007357.1_cds_YP_308664.1_1,PB2,polymerase,102,negative,0.298,0.911,-,0.01,"N:S:15,N:N:16,K:N:4",1,0.208,N,"N:4098,S:176,?:32,K:5"
GCF_000864105.1_noTerminalStopCodon.part_lcl__NC_007357.1_cds_YP_308664.1_1,PB2,polymerase,103,negative,0,1.714,-,0,G:G:43,1,0.667,G,"G:4279,?:32"
GCF_000864105.1_noTerminalStopCodon.part_lcl__NC_007357.1_cds_YP_308664.1_1,PB2,polymerase,104,negative,0.081,1.254,-,0,"P:P:32,E:P:1,P:S:2,P:Q:1",1,0.667,P,"P:4182,E:1,?:33,S:90,Q:5"
GCF_000864105.1_noTerminalStopCodon.part_lcl__NC_007357.1_cds_YP_308664.1_1,PB2,polymerase,105,negative,0.224,1.607,-,0,"T:T:36,P:T:2,A:T:10,M:T:2,A:A:4,R:T:1,K:T:2,I:T:2",1,0.667,T,"T:4163,P:2,A:105,?:34,M:2,R:1,K:2,I:2"
GCF_000864105.1_noTerminalStopCodon.part_lcl__NC_007357.1_cds_YP_308664.1_1,PB2,polymerase,106,neutral,0.434,0.318,-,0.501,"A:T:17,T:T:8,K:T:3,S:T:1,I:T:3",1,0.14,T,"A:64,T:4206,?:33,K:3,S:2,I:3"
GCF_000864105.1_noTerminalStopCodon.part_lcl__NC_007357.1_cds_YP_308664.1_1,PB2,polymerase,107,negative,0.301,1.505,-,0,"N:S:16,I:S:2,S:S:23,N:N:2,D:N:1,D:S:1,G:S:2,R:S:1",1,0.353,S,"S:4065,N:193,I:2,?:33,D:13,G:4,R:1"
GCF_000864105.1_noTerminalStopCodon.part_lcl__NC_007357.1_cds_YP_308664.1_1,PB2,polymerase,108,negative,0.194,0.555,-,0.033,"A:T:13,T:T:14,A:V:3,M:T:3",1,0.161,T,"T:4136,A:133,?:33,V:6,M:3"
GCF_000864105.1_noTerminalStopCodon.part_lcl__NC_007357.1_cds_YP_308664.1_1,PB2,polymerase,109,negative,0.263,1.141,-,0,"V:V:26,I:V:17,F:V:1,A:V:5,I:T:1,I:I:1",1,0.618,V,"V:3502,?:33,I:768,F:2,A:5,T:1"
GCF_000864105.1_noTerminalStopCodon.part_lcl__NC_007357.1_cds_YP_308664.1_1,PB2,polymerase,110,negative,0.045,1.478,-,0,"H:H:25,H:R:2,H:Y:2,H:N:2,H:Q:2",1,0.667,H,"H:4265,?:34,R:2,Y:2,N:2,Q:6"
GCF_000864105.1_noTerminalStopCodon.part_lcl__NC_007357.1_cds_YP_308664.1_1,PB2,polymerase,111,negative,0,1.786,-,0,"Y:Y:30,F:Y:1",1,0.667,Y,"Y:4277,?:33,F:1"
GCF_000864105.1_noTerminalStopCodon.part_lcl__NC_007357.1_cds_YP_308664.1_1,PB2,polymerase,112,negative,0.041,0.725,-,0,"P:P:18,P:T:2,P:S:2",1,0.667,P,"P:4273,?:33,T:2,S:3"
GCF_000864105.1_noTerminalStopCodon.part_lcl__NC_007357.1_cds_YP_308664.1_1,PB2,polymerase,113,negative,0.047,0.757,-,0,"K:N:1,K:K:19,K:R:2",1,0.667,K,"K:4263,N:11,?:35,R:2"
GCF_000864105.1_noTerminalStopCodon.part_lcl__NC_007357.1_cds_YP_308664.1_1,PB2,polymerase,114,negative,0,1.433,-,0,"A:V:3,I:V:2,V:V:33",1,0.667,V,"V:4272,A:3,I:2,?:34"
GCF_000864105.1_noTerminalStopCodon.part_lcl__NC_007357.1_cds_YP_308664.1_1,PB2,polymerase,115,negative,0,1.346,-,0,"Y:Y:22,H:Y:1,N:Y:1,S:Y:1",1,0.667,Y,"Y:4274,H:1,?:34,N:1,S:1"
GCF_000864105.1_noTerminalStopCodon.part_lcl__NC_007357.1_cds_YP_308664.1_1,PB2,polymerase,116,negative,0.092,0.45,-,0.02,"K:R:10,K:K:9",1,0.667,K,"K:4266,R:12,?:33"
GCF_000864105.1_noTerminalStopCodon.part_lcl__NC_007357.1_cds_YP_308664.1_1,PB2,polymerase,117,negative,0.234,0.857,-,0.002,"I:T:6,T:T:21,A:T:2,P:T:12,N:T:5",1,0.129,T,"T:4243,I:7,?:34,A:2,P:19,N:6"
GCF_000864105.1_noTerminalStopCodon.part_lcl__NC_007357.1_cds_YP_308664.1_1,PB2,polymerase,118,negative,0,1.476,-,0,"Y:Y:25,D:Y:1",1,0.667,Y,"Y:4277,?:33,D:1"
GCF_000864105.1_noTerminalStopCodon.part_lcl__NC_007357.1_cds_YP_308664.1_1,PB2,polymerase,119,negative,0,0.927,-,0,"F:F:16,F:V:1",1,0.667,F,"F:4276,?:34,V:1"
GCF_000864105.1_noTerminalStopCodon.part_lcl__NC_007357.1_cds_YP_308664.1_1,PB2,polymerase,120,negative,0.183,0.774,-,0.004,"E:E:17,E:K:2,E:G:9,D:E:1",1,0.641,E,"E:4238,K:2,?:33,G:37,D:1"
GCF_000864105.1_noTerminalStopCodon.part_lcl__NC_007357.1_cds_YP_308664.1_1,PB2,polymerase,121,negative,0.094,2.031,-,0,"K:K:44,K:R:8",1,0.667,K,"K:4268,?:32,R:11"
GCF_000864105.1_noTerminalStopCodon.part_lcl__NC_007357.1_cds_YP_308664.1_1,PB2,polymerase,122,negative,0.131,0.863,-,0,"V:V:22,I:V:14,F:V:2,A:V:4",1,0.667,V,"V:4251,I:17,?:35,F:2,A:6"
GCF_000864105.1_noTerminalStopCodon.part_lcl__NC_007357.1_cds_YP_308664.1_1,PB2,polymerase,123,neutral,0.179,0.447,-,0.115,"E:G:6,E:E:9,D:E:2,E:K:2,E:V:1",1,0.015,E,"E:4239,G:13,?:32,D:24,K:2,V:1"
GCF_000864105.1_noTerminalStopCodon.part_lcl__NC_007357.1_cds_YP_308664.1_1,PB2,polymerase,124,negative,0,1.19,-,0,"R:R:33,R:S:1",1,0.667,R,"R:4279,S:1,?:31"
GCF_000864105.1_noTerminalStopCodon.part_lcl__NC_007357.1_cds_YP_308664.1_1,PB2,polymerase,125,negative,0,1,-,0,"L:L:37,F:L:1,L:S:1",1,0.667,L,"L:4277,?:32,F:1,S:1"
GCF_000864105.1_noTerminalStopCodon.part_lcl__NC_007357.1_cds_YP_308664.1_1,PB2,polymerase,126,negative,0.093,1.52,-,0,"K:K:30,K:R:5,E:K:1",1,0.667,K,"K:4265,?:33,R:12,E:1"
GCF_000864105.1_noTerminalStopCodon.part_lcl__NC_007357.1_cds_YP_308664.1_1,PB2,polymerase,127,negative,0.181,1.658,-,0,"H:H:28,H:Q:5,H:N:4,H:Y:8,H:R:2",1,0.041,H,"H:4210,Q:6,?:35,N:4,Y:54,R:2"
GCF_000864105.1_noTerminalStopCodon.part_lcl__NC_007357.1_cds_YP_308664.1_1,PB2,polymerase,128,negative,0,1.06,-,0,G:G:28,1,0.667,G,"G:4277,?:34"
GCF_000864105.1_noTerminalStopCodon.part_lcl__NC_007357.1_cds_YP_308664.1_1,PB2,polymerase,129,negative,0.195,0.917,-,0,"T:T:20,N:T:1,N:N:2,A:T:2,I:T:2,A:V:1",1,0.667,T,"T:4207,?:33,N:17,A:49,I:3,V:2"
GCF_000864105.1_noTerminalStopCodon.part_lcl__NC_007357.1_cds_YP_308664.1_1,PB2,polymerase,130,negative,0,1.738,-,0,"F:F:29,F:Y:1",1,0.667,F,"F:4276,?:34,Y:1"
GCF_000864105.1_noTerminalStopCodon.part_lcl__NC_007357.1_cds_YP_308664.1_1,PB2,polymerase,131,negative,0,1.148,-,0,G:G:27,1,0.667,G,"G:4278,?:33"
GCF_000864105.1_noTerminalStopCodon.part_lcl__NC_007357.1_cds_YP_308664.1_1,PB2,polymerase,132,negative,0,1.159,-,0,"P:P:28,H:P:1",1,0.667,P,"P:4277,H:1,?:33"
GCF_000864105.1_noTerminalStopCodon.part_lcl__NC_007357.1_cds_YP_308664.1_1,PB2,polymerase,133,negative,0.044,2.435,-,0,"V:V:56,I:V:2",1,0.667,V,"V:4268,?:35,I:8"
GCF_000864105.1_noTerminalStopCodon.part_lcl__NC_007357.1_cds_YP_308664.1_1,PB2,polymerase,134,negative,0.045,1.383,-,0,"H:H:24,H:R:4",1,0.667,H,"H:4272,?:34,R:5"
GCF_000864105.1_noTerminalStopCodon.part_lcl__NC_007357.1_cds_YP_308664.1_1,PB2,polymerase,135,negative,0,0.647,-,0,F:F:11,1,0.667,F,"F:4277,?:34"
GCF_000864105.1_noTerminalStopCodon.part_lcl__NC_007357.1_cds_YP_308664.1_1,PB2,polymerase,136,negative,0.058,1.268,-,0,"R:R:34,Q:R:4,G:R:1",1,0.667,R,"R:4265,Q:11,?:34,G:1"
GCF_000864105.1_noTerminalStopCodon.part_lcl__NC_007357.1_cds_YP_308664.1_1,PB2,polymerase,137,negative,0.085,1.923,-,0,"N:N:32,N:S:2,N:Y:1,N:T:1",1,0.667,N,"N:4254,?:36,S:19,Y:1,T:1"
GCF_000864105.1_noTerminalStopCodon.part_lcl__NC_007357.1_cds_YP_308664.1_1,PB2,polymerase,138,negative,0,0.621,-,0,"Q:Q:13,H:Q:1",1,0.667,Q,"Q:4276,?:34,H:1"
GCF_000864105.1_noTerminalStopCodon.part_lcl__NC_007357.1_cds_YP_308664.1_1,PB2,polymerase,139,negative,0.31,1.311,-,0,"V:V:32,I:V:21",1,0.431,V,"V:3360,?:34,I:917"
GCF_000864105.1_noTerminalStopCodon.part_lcl__NC_007357.1_cds_YP_308664.1_1,PB2,polymerase,140,negative,0,0.956,-,0,"K:R:1,K:K:21",1,0.667,K,"K:4275,R:1,?:35"
GCF_000864105.1_noTerminalStopCodon.part_lcl__NC_007357.1_cds_YP_308664.1_1,PB2,polymerase,141,negative,0,0.196,-,0.049,"I:I:1,I:T:3,I:M:1,I:V:2",1,0.667,I,"I:4270,?:35,T:3,M:1,V:2"
GCF_000864105.1_noTerminalStopCodon.part_lcl__NC_007357.1_cds_YP_308664.1_1,PB2,polymerase,142,negative,0,0.896,-,0,"R:R:19,C:R:2,K:R:1",1,0.667,R,"R:4268,?:40,C:2,K:1"
GCF_000864105.1_noTerminalStopCodon.part_lcl__NC_007357.1_cds_YP_308664.1_1,PB2,polymerase,143,negative,0,1.055,-,0,"R:R:29,C:R:1",1,0.667,R,"R:4276,?:34,C:1"
GCF_000864105.1_noTerminalStopCodon.part_lcl__NC_007357.1_cds_YP_308664.1_1,PB2,polymerase,144,negative,0,0.968,-,0,"R:R:26,K:R:2,P:R:1,Q:R:3",1,0.667,R,"R:4271,?:34,K:2,P:1,Q:3"
GCF_000864105.1_noTerminalStopCodon.part_lcl__NC_007357.1_cds_YP_308664.1_1,PB2,polymerase,145,negative,0,1.265,-,0,"V:V:31,I:V:1",1,0.667,V,"V:4274,?:36,I:1"
GCF_000864105.1_noTerminalStopCodon.part_lcl__NC_007357.1_cds_YP_308664.1_1,PB2,polymerase,146,negative,0.041,0.931,-,0,"D:D:16,D:S:1,D:E:2,D:N:1,D:G:1",1,0.667,D,"D:4270,?:34,S:1,E:4,N:1,G:1"
GCF_000864105.1_noTerminalStopCodon.part_lcl__NC_007357.1_cds_YP_308664.1_1,PB2,polymerase,147,neutral,0.523,0.437,-,0.74,"I:V:10,I:T:17,T:T:2,I:M:2,I:I:2",1,0.34,I,"I:3777,V:26,?:34,T:471,M:3"
GCF_000864105.1_noTerminalStopCodon.part_lcl__NC_007357.1_cds_YP_308664.1_1,PB2,polymerase,148,negative,0,1.636,-,0,"N:N:27,D:N:1,N:S:1",1,0.667,N,"N:4275,?:34,D:1,S:1"
GCF_000864105.1_noTerminalStopCodon.part_lcl__NC_007357.1_cds_YP_308664.1_1,PB2,polymerase,149,negative,0,1.785,-,0,"P:P:47,P:S:1",1,0.667,P,"P:4273,?:37,S:1"
GCF_000864105.1_noTerminalStopCodon.part_lcl__NC_007357.1_cds_YP_308664.1_1,PB2,polymerase,150,negative,0,1.156,-,0,G:G:27,1,0.667,G,"G:4275,?:36"
GCF_000864105.1_noTerminalStopCodon.part_lcl__NC_007357.1_cds_YP_308664.1_1,PB2,polymerase,151,negative,0,1.211,-,0,H:H:21,1,0.667,H,"H:4278,?:33"
GCF_000864105.1_noTerminalStopCodon.part_lcl__NC_007357.1_cds_YP_308664.1_1,PB2,polymerase,152,negative,0.226,0.646,-,0.02,"A:T:5,A:A:16,A:S:8,A:E:1,A:V:2",1,0.456,A,"A:4248,T:8,S:14,?:35,E:4,V:2"
GCF_000864105.1_noTerminalStopCodon.part_lcl__NC_007357.1_cds_YP_308664.1_1,PB2,polymerase,153,negative,0.082,1.823,-,0,"D:D:30,D:G:3,A:D:1,D:N:1",1,0.667,D,"D:4269,G:7,?:33,A:1,N:1"
GCF_000864105.1_noTerminalStopCodon.part_lcl__NC_007357.1_cds_YP_308664.1_1,PB2,polymerase,154,negative,0.048,0.877,-,0,"L:L:20,F:L:1,F:F:1",1,0.667,L,"L:4229,?:33,F:49"
GCF_000864105.1_noTerminalStopCodon.part_lcl__NC_007357.1_cds_YP_308664.1_1,PB2,polymerase,155,negative,0.076,0.676,-,0,"N:S:14,S:S:12,G:S:2",1,0.667,S,"S:4259,N:17,?:33,G:2"
GCF_000864105.1_noTerminalStopCodon.part_lcl__NC_007357.1_cds_YP_308664.1_1,PB2,polymerase,156,negative,0.112,1.149,-,0,"A:T:6,A:A:28,A:V:11,A:S:1",1,0.667,A,"A:4254,T:6,?:32,V:18,S:1"
GCF_000864105.1_noTerminalStopCodon.part_lcl__NC_007357.1_cds_YP_308664.1_1,PB2,polymerase,157,negative,0.046,0.506,-,0.002,"K:N:1,K:K:10,K:R:2,K:Q:2,E:K:1",1,0.667,K,"K:4271,?:31,N:1,R:2,Q:5,E:1"
GCF_000864105.1_noTerminalStopCodon.part_lcl__NC_007357.1_cds_YP_308664.1_1,PB2,polymerase,158,negative,0.045,0.675,-,0,"E:E:15,D:E:2,E:K:1,A:E:1",1,0.667,E,"E:4269,D:7,?:33,K:1,A:1"
GCF_000864105.1_noTerminalStopCodon.part_lcl__NC_007357.1_cds_YP_308664.1_1,PB2,polymerase,159,negative,0,1.071,-,0,"A:A:28,A:E:1",1,0.667,A,"A:4277,?:33,E:1"
GCF_000864105.1_noTerminalStopCodon.part_lcl__NC_007357.1_cds_YP_308664.1_1,PB2,polymerase,160,negative,0,1.273,-,0,Q:Q:28,1,0.667,Q,"Q:4278,?:33"
GCF_000864105.1_noTerminalStopCodon.part_lcl__NC_007357.1_cds_YP_308664.1_1,PB2,polymerase,161,negative,0.041,0.581,-,0.001,"D:E:2,D:D:10,D:G:1",1,0.667,D,"D:4274,E:3,?:33,G:1"
GCF_000864105.1_noTerminalStopCodon.part_lcl__NC_007357.1_cds_YP_308664.1_1,PB2,polymerase,162,negative,0.044,0.912,-,0,"I:V:4,V:V:22",1,0.667,V,"V:4273,I:5,?:33"
GCF_000864105.1_noTerminalStopCodon.part_lcl__NC_007357.1_cds_YP_308664.1_1,PB2,polymerase,163,negative,0.088,0.667,-,0.001,"I:V:3,I:I:15",1,0.667,I,"I:4273,V:5,?:33"
GCF_000864105.1_noTerminalStopCodon.part_lcl__NC_007357.1_cds_YP_308664.1_1,PB2,polymerase,164,neutral,0,0.223,-,1,NA,1,0.667,M,"M:4278,?:33"
GCF_000864105.1_noTerminalStopCodon.part_lcl__NC_007357.1_cds_YP_308664.1_1,PB2,polymerase,165,negative,0,1.099,-,0,"E:E:24,E:K:1",1,0.667,E,"E:4277,?:33,K:1"
GCF_000864105.1_noTerminalStopCodon.part_lcl__NC_007357.1_cds_YP_308664.1_1,PB2,polymerase,166,negative,0.131,1.381,-,0,"I:V:8,V:V:33,A:V:1",1,0.667,V,"V:4247,I:26,?:37,A:1"
GCF_000864105.1_noTerminalStopCodon.part_lcl__NC_007357.1_cds_YP_308664.1_1,PB2,polymerase,167,negative,0,1.011,-,0,"V:V:24,M:V:1,I:V:2",1,0.667,V,"V:4274,M:1,?:34,I:2"
GCF_000864105.1_noTerminalStopCodon.part_lcl__NC_007357.1_cds_YP_308664.1_1,PB2,polymerase,168,negative,0,1.608,-,0,"F:F:26,F:I:1",1,0.667,F,"F:4276,I:1,?:34"
GCF_000864105.1_noTerminalStopCodon.part_lcl__NC_007357.1_cds_YP_308664.1_1,PB2,polymerase,169,negative,0,0.518,-,0,P:P:13,1,0.667,P,"P:4278,?:33"
GCF_000864105.1_noTerminalStopCodon.part_lcl__NC_007357.1_cds_YP_308664.1_1,PB2,polymerase,170,negative,0,1.128,-,0,N:N:20,1,0.667,N,"N:4278,?:33"
GCF_000864105.1_noTerminalStopCodon.part_lcl__NC_007357.1_cds_YP_308664.1_1,PB2,polymerase,171,negative,0,0.994,-,0,E:E:20,1,0.667,E,"E:4278,?:33"
GCF_000864105.1_noTerminalStopCodon.part_lcl__NC_007357.1_cds_YP_308664.1_1,PB2,polymerase,172,negative,0,0.809,-,0,"V:V:21,M:V:3,L:V:1",1,0.667,V,"V:4273,?:34,M:3,L:1"
GCF_000864105.1_noTerminalStopCodon.part_lcl__NC_007357.1_cds_YP_308664.1_1,PB2,polymerase,173,negative,0,0.935,-,0,G:G:23,1,0.667,G,"G:4278,?:33"
GCF_000864105.1_noTerminalStopCodon.part_lcl__NC_007357.1_cds_YP_308664.1_1,PB2,polymerase,174,negative,0,0.853,-,0,"A:A:21,A:S:1",1,0.667,A,"A:4277,?:33,S:1"
GCF_000864105.1_noTerminalStopCodon.part_lcl__NC_007357.1_cds_YP_308664.1_1,PB2,polymerase,175,negative,0.126,0.982,-,0,"R:R:24,K:R:13,G:R:3,I:R:1",1,0.667,R,"R:4249,K:24,?:34,G:3,I:1"
GCF_000864105.1_noTerminalStopCodon.part_lcl__NC_007357.1_cds_YP_308664.1_1,PB2,polymerase,176,neutral,0.065,0.194,-,0.412,"I:I:1,I:V:4,I:M:1,I:T:6,I:L:1",1,0.415,I,"I:4263,?:34,V:4,M:1,T:8,L:1"
GCF_000864105.1_noTerminalStopCodon.part_lcl__NC_007357.1_cds_YP_308664.1_1,PB2,polymerase,177,negative,0,1.039,-,0,"L:L:42,L:P:1",1,0.667,L,"L:4277,?:33,P:1"
GCF_000864105.1_noTerminalStopCodon.part_lcl__NC_007357.1_cds_YP_308664.1_1,PB2,polymerase,178,negative,0.039,1.224,-,0,"T:T:31,A:T:6,P:T:1,M:T:1",1,0.667,T,"T:4253,?:34,A:22,P:1,M:1"
GCF_000864105.1_noTerminalStopCodon.part_lcl__NC_007357.1_cds_YP_308664.1_1,PB2,polymerase,179,negative,0,1.003,-,0,"S:S:27,A:S:2",1,0.667,S,"S:4278,?:31,A:2"
GCF_000864105.1_noTerminalStopCodon.part_lcl__NC_007357.1_cds_YP_308664.1_1,PB2,polymerase,180,negative,0,1.496,-,0,"E:E:37,D:E:1",1,0.667,E,"E:4278,?:32,D:1"
GCF_000864105.1_noTerminalStopCodon.part_lcl__NC_007357.1_cds_YP_308664.1_1,PB2,polymerase,181,negative,0,1.142,-,0,S:S:29,1,0.667,S,"S:4278,?:33"
GCF_000864105.1_noTerminalStopCodon.part_lcl__NC_007357.1_cds_YP_308664.1_1,PB2,polymerase,182,negative,0,1.225,-,0,"Q:Q:25,H:Q:2,K:Q:2",1,0.667,Q,"Q:4275,?:32,H:2,K:2"
GCF_000864105.1_noTerminalStopCodon.part_lcl__NC_007357.1_cds_YP_308664.1_1,PB2,polymerase,183,negative,0,0.685,-,0,"L:L:27,L:M:5,L:Q:1",1,0.667,L,"L:4274,?:31,M:5,Q:1"
GCF_000864105.1_noTerminalStopCodon.part_lcl__NC_007357.1_cds_YP_308664.1_1,PB2,polymerase,184,negative,0.194,0.728,-,0.004,"T:T:19,A:T:14,K:T:6,I:T:2,R:T:1",1,0.371,T,"T:4221,?:32,A:47,K:6,I:4,R:1"
GCF_000864105.1_noTerminalStopCodon.part_lcl__NC_007357.1_cds_YP_308664.1_1,PB2,polymerase,185,negative,0.233,1.022,-,0.012,"I:V:8,I:T:1,I:I:6,I:M:1",1,0.366,I,"I:4231,V:44,?:31,T:3,M:2"
GCF_000864105.1_noTerminalStopCodon.part_lcl__NC_007357.1_cds_YP_308664.1_1,PB2,polymerase,186,negative,0,0.861,-,0,"T:T:21,Q:T:1,M:T:2,A:T:2",1,0.667,T,"T:4275,?:31,Q:1,M:2,A:2"
GCF_000864105.1_noTerminalStopCodon.part_lcl__NC_007357.1_cds_YP_308664.1_1,PB2,polymerase,187,negative,0.235,1.115,-,0,"K:K:25,K:R:6,K:Q:2,E:K:1",1,0.667,K,"K:4253,R:23,?:31,Q:3,E:1"
GCF_000864105.1_noTerminalStopCodon.part_lcl__NC_007357.1_cds_YP_308664.1_1,PB2,polymerase,188,negative,0,1.132,-,0,"E:K:5,E:E:26,E:G:1,E:V:2,A:E:2",1,0.667,E,"E:4270,K:5,G:1,?:31,V:2,A:2"
GCF_000864105.1_noTerminalStopCodon.part_lcl__NC_007357.1_cds_YP_308664.1_1,PB2,polymerase,189,negative,0,0.876,-,0,"K:R:2,K:K:22",1,0.667,K,"K:4278,R:2,?:31"
GCF_000864105.1_noTerminalStopCodon.part_lcl__NC_007357.1_cds_YP_308664.1_1,PB2,polymerase,190,negative,0.094,1.688,-,0,"K:K:37,K:R:4",1,0.168,K,"K:4274,?:31,R:6"
GCF_000864105.1_noTerminalStopCodon.part_lcl__NC_007357.1_cds_YP_308664.1_1,PB2,polymerase,191,negative,0.137,0.806,-,0.001,"E:E:17,E:G:4,D:E:3,E:K:9,A:E:1",1,0.667,E,"E:4241,?:31,G:22,D:3,K:13,A:1"
GCF_000864105.1_noTerminalStopCodon.part_lcl__NC_007357.1_cds_YP_308664.1_1,PB2,polymerase,192,negative,0,1.018,-,0,"E:E:23,E:K:4,E:V:1",1,0.667,E,"E:4275,?:31,K:4,V:1"
GCF_000864105.1_noTerminalStopCodon.part_lcl__NC_007357.1_cds_YP_308664.1_1,PB2,polymerase,193,negative,0,0.788,-,0,"L:L:19,L:T:1,F:L:2,I:L:1",1,0.667,L,"L:4276,T:1,?:31,F:2,I:1"
GCF_000864105.1_noTerminalStopCodon.part_lcl__NC_007357.1_cds_YP_308664.1_1,PB2,polymerase,194,negative,0.149,0.691,-,0.014,"Q:Q:16,H:Q:4,K:Q:2,?:Q:1,Q:R:2,L:Q:1",1,0.667,Q,"Q:4235,H:20,?:31,K:2,R:2,L:21"
GCF_000864105.1_noTerminalStopCodon.part_lcl__NC_007357.1_cds_YP_308664.1_1,PB2,polymerase,195,negative,0.335,1.238,-,0.001,"D:E:4,D:N:23,D:D:18,D:G:14,E:G:1,A:D:1",1,0.061,D,"D:4032,E:39,N:151,G:58,?:30,A:1"
GCF_000864105.1_noTerminalStopCodon.part_lcl__NC_007357.1_cds_YP_308664.1_1,PB2,polymerase,196,negative,0,0.805,-,0,C:C:14,1,0.667,C,"C:4280,?:31"
GCF_000864105.1_noTerminalStopCodon.part_lcl__NC_007357.1_cds_YP_308664.1_1,PB2,polymerase,197,negative,0.141,0.777,-,0.001,"K:K:18,K:R:3,E:K:1,K:T:1",1,0.667,K,"K:4250,?:32,R:27,E:1,T:1"
GCF_000864105.1_noTerminalStopCodon.part_lcl__NC_007357.1_cds_YP_308664.1_1,PB2,polymerase,198,negative,0.043,1.356,-,0,"I:I:29,I:V:2",1,0.667,I,"I:4277,?:32,V:2"
GCF_000864105.1_noTerminalStopCodon.part_lcl__NC_007357.1_cds_YP_308664.1_1,PB2,polymerase,199,negative,0.188,0.945,-,0,"A:A:23,A:T:10,A:S:2",1,0.21,A,"A:4251,?:31,T:26,S:3"
GCF_000864105.1_noTerminalStopCodon.part_lcl__NC_007357.1_cds_YP_308664.1_1,PB2,polymerase,200,negative,0,0.937,-,0,"P:P:23,P:S:1",1,0.667,P,"P:4278,?:32,S:1"
GCF_000864105.1_noTerminalStopCodon.part_lcl__NC_007357.1_cds_YP_308664.1_1,PB2,polymerase,201,negative,0,0.784,-,0,"L:L:30,I:L:1",1,0.667,L,"L:4280,?:30,I:1"
GCF_000864105.1_noTerminalStopCodon.part_lcl__NC_007357.1_cds_YP_308664.1_1,PB2,polymerase,202,neutral,0.058,0,-,0.936,"I:M:1,L:M:3,M:V:1",1,0.652,M,"M:4255,?:29,I:19,L:7,V:1"
GCF_000864105.1_noTerminalStopCodon.part_lcl__NC_007357.1_cds_YP_308664.1_1,PB2,polymerase,203,negative,0,0.995,-,0,"I:V:5,V:V:26,M:V:1",1,0.667,V,"V:4276,I:5,?:29,M:1"
GCF_000864105.1_noTerminalStopCodon.part_lcl__NC_007357.1_cds_YP_308664.1_1,PB2,polymerase,204,negative,0,0.601,-,0,"A:A:15,A:T:1",1,0.667,A,"A:4281,?:29,T:1"
GCF_000864105.1_noTerminalStopCodon.part_lcl__NC_007357.1_cds_YP_308664.1_1,PB2,polymerase,205,negative,0,1.185,-,0,Y:Y:20,1,0.667,Y,"Y:4283,?:28"
GCF_000864105.1_noTerminalStopCodon.part_lcl__NC_007357.1_cds_YP_308664.1_1,PB2,polymerase,206,neutral,0,0.223,-,1,NA,1,0.667,M,"M:4283,?:28"
GCF_000864105.1_noTerminalStopCodon.part_lcl__NC_007357.1_cds_YP_308664.1_1,PB2,polymerase,207,negative,0,0.645,-,0,L:L:25,1,0.667,L,"L:4282,?:29"
GCF_000864105.1_noTerminalStopCodon.part_lcl__NC_007357.1_cds_YP_308664.1_1,PB2,polymerase,208,negative,0,1.286,-,0,E:E:27,1,0.667,E,"E:4282,?:29"
GCF_000864105.1_noTerminalStopCodon.part_lcl__NC_007357.1_cds_YP_308664.1_1,PB2,polymerase,209,negative,0,1.757,-,0,"R:R:41,K:R:1",1,0.667,R,"R:4282,?:28,K:1"
GCF_000864105.1_noTerminalStopCodon.part_lcl__NC_007357.1_cds_YP_308664.1_1,PB2,polymerase,210,negative,0,0.906,-,0,E:E:20,1,0.667,E,"E:4282,?:29"
GCF_000864105.1_noTerminalStopCodon.part_lcl__NC_007357.1_cds_YP_308664.1_1,PB2,polymerase,211,negative,0,0.689,-,0,"L:L:30,L:M:1",1,0.667,L,"L:4282,?:28,M:1"
GCF_000864105.1_noTerminalStopCodon.part_lcl__NC_007357.1_cds_YP_308664.1_1,PB2,polymerase,212,negative,0,0.777,-,0,"V:V:19,I:V:1",1,0.667,V,"V:4281,?:29,I:1"
GCF_000864105.1_noTerminalStopCodon.part_lcl__NC_007357.1_cds_YP_308664.1_1,PB2,polymerase,213,negative,0,1.398,-,0,"R:R:34,Q:R:1",1,0.667,R,"R:4280,?:30,Q:1"
GCF_000864105.1_noTerminalStopCodon.part_lcl__NC_007357.1_cds_YP_308664.1_1,PB2,polymerase,214,negative,0.093,0.866,-,0,"K:K:19,K:R:7,K:T:1,K:Q:1",1,0.667,K,"K:4268,?:30,R:11,T:1,Q:1"
GCF_000864105.1_noTerminalStopCodon.part_lcl__NC_007357.1_cds_YP_308664.1_1,PB2,polymerase,215,negative,0,1.136,-,0,"T:T:28,I:T:1,A:T:1,M:T:2",1,0.667,T,"T:4274,?:33,I:1,A:1,M:2"
GCF_000864105.1_noTerminalStopCodon.part_lcl__NC_007357.1_cds_YP_308664.1_1,PB2,polymerase,216,negative,0,1.101,-,0,"R:R:28,K:R:1",1,0.667,R,"R:4280,?:30,K:1"
GCF_000864105.1_noTerminalStopCodon.part_lcl__NC_007357.1_cds_YP_308664.1_1,PB2,polymerase,217,negative,0,1.438,-,0,F:F:24,1,0.667,F,"F:4281,?:30"
GCF_000864105.1_noTerminalStopCodon.part_lcl__NC_007357.1_cds_YP_308664.1_1,PB2,polymerase,218,negative,0,0.523,-,0,L:L:18,1,0.667,L,"L:4279,?:32"
GCF_000864105.1_noTerminalStopCodon.part_lcl__NC_007357.1_cds_YP_308664.1_1,PB2,polymerase,219,negative,0,0.959,-,0,"P:P:25,A:P:1",1,0.667,P,"P:4281,?:29,A:1"
GCF_000864105.1_noTerminalStopCodon.part_lcl__NC_007357.1_cds_YP_308664.1_1,PB2,polymerase,220,negative,0.131,0.896,-,0,"V:V:22,G:V:1,I:V:5,K:V:1",1,0.002,V,"V:4269,G:1,?:30,I:9,K:2"
GCF_000864105.1_noTerminalStopCodon.part_lcl__NC_007357.1_cds_YP_308664.1_1,PB2,polymerase,221,neutral,0.264,0.318,-,0.718,"A:T:8,A:V:5,A:S:4,A:A:8,A:D:1",1,0.228,A,"A:4196,T:53,V:16,?:30,S:15,D:1"
GCF_000864105.1_noTerminalStopCodon.part_lcl__NC_007357.1_cds_YP_308664.1_1,PB2,polymerase,222,negative,0,0.773,-,0,"G:G:19,G:R:1",1,0.667,G,"G:4280,?:30,R:1"
GCF_000864105.1_noTerminalStopCodon.part_lcl__NC_007357.1_cds_YP_308664.1_1,PB2,polymerase,223,negative,0,1.418,-,0,G:G:36,1,0.667,G,"G:4281,?:30"
GCF_000864105.1_noTerminalStopCodon.part_lcl__NC_007357.1_cds_YP_308664.1_1,PB2,polymerase,224,neutral,0.116,0.316,-,0.119,"I:T:3,A:T:2,T:T:8,K:T:1",1,0.316,T,"T:4271,I:4,?:30,A:5,K:1"
GCF_000864105.1_noTerminalStopCodon.part_lcl__NC_007357.1_cds_YP_308664.1_1,PB2,polymerase,225,negative,0.038,0.582,-,0,"G:S:7,S:S:10,N:S:1",1,0.667,S,"S:4272,G:8,?:30,N:1"
GCF_000864105.1_noTerminalStopCodon.part_lcl__NC_007357.1_cds_YP_308664.1_1,PB2,polymerase,226,negative,0,1.22,-,0,S:S:21,1,0.667,S,"S:4284,?:27"
GCF_000864105.1_noTerminalStopCodon.part_lcl__NC_007357.1_cds_YP_308664.1_1,PB2,polymerase,227,negative,0.131,1.541,-,0,"V:V:39,L:V:1,A:V:3,I:V:7",1,0.667,V,"V:4267,?:25,L:1,A:4,I:14"
GCF_000864105.1_noTerminalStopCodon.part_lcl__NC_007357.1_cds_YP_308664.1_1,PB2,polymerase,228,negative,0,1.372,-,0,Y:Y:23,1,0.667,Y,"Y:4286,?:25"
GCF_000864105.1_noTerminalStopCodon.part_lcl__NC_007357.1_cds_YP_308664.1_1,PB2,polymerase,229,negative,0.043,0.836,-,0,"I:I:18,I:V:4",1,0.667,I,"I:4279,?:27,V:5"
GCF_000864105.1_noTerminalStopCodon.part_lcl__NC_007357.1_cds_YP_308664.1_1,PB2,polymerase,230,negative,0,1.513,-,0,E:E:37,1,0.667,E,"E:4285,?:26"
GCF_000864105.1_noTerminalStopCodon.part_lcl__NC_007357.1_cds_YP_308664.1_1,PB2,polymerase,231,negative,0.131,1.064,-,0,"V:V:29,G:V:1,M:V:3,I:V:3",1,0.667,V,"V:4253,G:1,?:27,M:6,I:24"
GCF_000864105.1_noTerminalStopCodon.part_lcl__NC_007357.1_cds_YP_308664.1_1,PB2,polymerase,232,negative,0,1.353,-,0,L:L:56,1,0.667,L,"L:4283,?:28"
GCF_000864105.1_noTerminalStopCodon.part_lcl__NC_007357.1_cds_YP_308664.1_1,PB2,polymerase,233,negative,0,0.817,-,0,H:H:15,1,0.667,H,"H:4284,?:27"
GCF_000864105.1_noTerminalStopCodon.part_lcl__NC_007357.1_cds_YP_308664.1_1,PB2,polymerase,234,negative,0.072,0.761,-,0.001,"L:L:31,F:L:2,L:W:1",1,0.667,L,"L:4281,?:26,F:3,W:1"
GCF_000864105.1_noTerminalStopCodon.part_lcl__NC_007357.1_cds_YP_308664.1_1,PB2,polymerase,235,negative,0,1.157,-,0,"T:T:28,A:T:1",1,0.667,T,"T:4282,?:28,A:1"
GCF_000864105.1_noTerminalStopCodon.part_lcl__NC_007357.1_cds_YP_308664.1_1,PB2,polymerase,236,negative,0,0.634,-,0,"Q:Q:14,H:Q:2",1,0.667,Q,"Q:4280,?:29,H:2"
GCF_000864105.1_noTerminalStopCodon.part_lcl__NC_007357.1_cds_YP_308664.1_1,PB2,polymerase,237,negative,0,1.57,-,0,"G:G:41,G:R:2",1,0.667,G,"G:4281,?:28,R:2"
GCF_000864105.1_noTerminalStopCodon.part_lcl__NC_007357.1_cds_YP_308664.1_1,PB2,polymerase,238,negative,0,0.826,-,0,"T:T:20,I:T:1,A:T:1,K:T:1",1,0.667,T,"T:4286,?:22,I:1,A:1,K:1"
GCF_000864105.1_noTerminalStopCodon.part_lcl__NC_007357.1_cds_YP_308664.1_1,PB2,polymerase,239,negative,0,0.408,-,0.001,"C:S:1,C:C:7",1,0.667,C,"C:4287,S:1,?:23"
GCF_000864105.1_noTerminalStopCodon.part_lcl__NC_007357.1_cds_YP_308664.1_1,PB2,polymerase,240,neutral,0,0.001,-,1,C:W:1,1,0.667,W,"W:4288,?:22,C:1"
GCF_000864105.1_noTerminalStopCodon.part_lcl__NC_007357.1_cds_YP_308664.1_1,PB2,polymerase,241,negative,0,0.962,-,0,E:E:22,1,0.667,E,"E:4289,?:22"
GCF_000864105.1_noTerminalStopCodon.part_lcl__NC_007357.1_cds_YP_308664.1_1,PB2,polymerase,242,negative,0,0.847,-,0,"Q:Q:20,Q:R:1,H:Q:1",1,0.667,Q,"Q:4287,?:22,R:1,H:1"
GCF_000864105.1_noTerminalStopCodon.part_lcl__NC_007357.1_cds_YP_308664.1_1,PB2,polymerase,243,neutral,0.058,0,-,0.913,"L:M:5,I:M:1,M:T:1",1,0.623,M,"M:4275,?:22,L:12,I:1,T:1"
GCF_000864105.1_noTerminalStopCodon.part_lcl__NC_007357.1_cds_YP_308664.1_1,PB2,polymerase,244,negative,0,0.891,-,0,"Y:Y:15,F:Y:1",1,0.667,Y,"Y:4288,?:22,F:1"
GCF_000864105.1_noTerminalStopCodon.part_lcl__NC_007357.1_cds_YP_308664.1_1,PB2,polymerase,245,negative,0,1.056,-,0,"T:T:26,P:T:2,S:T:1",1,0.667,T,"T:4286,?:22,P:2,S:1"
GCF_000864105.1_noTerminalStopCodon.part_lcl__NC_007357.1_cds_YP_308664.1_1,PB2,polymerase,246,negative,0,1.328,-,0,P:P:34,1,0.667,P,"P:4288,?:23"
GCF_000864105.1_noTerminalStopCodon.part_lcl__NC_007357.1_cds_YP_308664.1_1,PB2,polymerase,247,negative,0,0.94,-,0,"G:G:23,G:S:1",1,0.667,G,"G:4286,?:24,S:1"
GCF_000864105.1_noTerminalStopCodon.part_lcl__NC_007357.1_cds_YP_308664.1_1,PB2,polymerase,248,negative,0,1.134,-,0,"G:G:29,E:G:1,G:R:1",1,0.667,G,"G:4286,?:23,E:1,R:1"
GCF_000864105.1_noTerminalStopCodon.part_lcl__NC_007357.1_cds_YP_308664.1_1,PB2,polymerase,249,neutral,0.694,0.83,-,0.617,"E:G:17,E:E:16,E:V:2,E:K:12,D:E:2",1,0.101,E,"E:4106,G:128,?:23,V:3,K:25,D:26"
GCF_000864105.1_noTerminalStopCodon.part_lcl__NC_007357.1_cds_YP_308664.1_1,PB2,polymerase,250,negative,0,0.59,-,0,"V:V:17,A:V:1,L:V:1",1,0.667,V,"V:4285,?:24,A:1,L:1"
GCF_000864105.1_noTerminalStopCodon.part_lcl__NC_007357.1_cds_YP_308664.1_1,PB2,polymerase,251,negative,0.126,0.956,-,0,"R:R:22,K:R:12,R:W:1",1,0.667,R,"R:4115,K:173,?:22,W:1"
GCF_000864105.1_noTerminalStopCodon.part_lcl__NC_007357.1_cds_YP_308664.1_1,PB2,polymerase,252,negative,0,1.466,-,0,"N:N:25,H:N:1,N:S:2",1,0.667,N,"N:4286,?:22,H:1,S:2"
GCF_000864105.1_noTerminalStopCodon.part_lcl__NC_007357.1_cds_YP_308664.1_1,PB2,polymerase,253,negative,0,0.796,-,0,D:D:14,1,0.667,D,"D:4289,?:22"
GCF_000864105.1_noTerminalStopCodon.part_lcl__NC_007357.1_cds_YP_308664.1_1,PB2,polymerase,254,negative,0,0.573,-,0,"D:E:1,D:D:10,D:H:1,D:N:1,D:Y:1",1,0.667,D,"D:4283,E:1,?:24,H:1,N:1,Y:1"
GCF_000864105.1_noTerminalStopCodon.part_lcl__NC_007357.1_cds_YP_308664.1_1,PB2,polymerase,255,negative,0.36,1.076,-,0.004,"V:V:26,I:V:10,L:V:4,A:V:3",1,0.227,V,"V:4231,I:27,?:24,L:25,A:4"
GCF_000864105.1_noTerminalStopCodon.part_lcl__NC_007357.1_cds_YP_308664.1_1,PB2,polymerase,256,negative,0,1.538,-,0,"D:D:26,D:N:1",1,0.667,D,"D:4288,?:22,N:1"
GCF_000864105.1_noTerminalStopCodon.part_lcl__NC_007357.1_cds_YP_308664.1_1,PB2,polymerase,257,negative,0.15,0.959,-,0.001,"Q:Q:22,H:Q:2,L:Q:1",1,0.667,Q,"Q:4283,?:22,H:5,L:1"
GCF_000864105.1_noTerminalStopCodon.part_lcl__NC_007357.1_cds_YP_308664.1_1,PB2,polymerase,258,negative,0,0.911,-,0,"S:S:16,S:T:1,I:S:1",1,0.667,S,"S:4287,T:1,?:22,I:1"
GCF_000864105.1_noTerminalStopCodon.part_lcl__NC_007357.1_cds_YP_308664.1_1,PB2,polymerase,259,negative,0,1.41,-,0,L:L:54,1,0.667,L,"L:4288,?:23"
GCF_000864105.1_noTerminalStopCodon.part_lcl__NC_007357.1_cds_YP_308664.1_1,PB2,polymerase,260,negative,0.131,0.997,-,0,"I:I:22,I:V:8",1,0.667,I,"I:4273,?:23,V:15"
GCF_000864105.1_noTerminalStopCodon.part_lcl__NC_007357.1_cds_YP_308664.1_1,PB2,polymerase,261,negative,0.211,1.616,-,0,"I:I:31,I:T:5,I:V:8",1,0.667,I,"I:4262,?:22,T:11,V:16"
GCF_000864105.1_noTerminalStopCodon.part_lcl__NC_007357.1_cds_YP_308664.1_1,PB2,polymerase,262,negative,0,0.477,-,0,A:A:12,1,0.667,A,"A:4290,?:21"
GCF_000864105.1_noTerminalStopCodon.part_lcl__NC_007357.1_cds_YP_308664.1_1,PB2,polymerase,263,negative,0,1.285,-,0,"A:A:31,A:S:3",1,0.667,A,"A:4287,?:21,S:3"
GCF_000864105.1_noTerminalStopCodon.part_lcl__NC_007357.1_cds_YP_308664.1_1,PB2,polymerase,264,negative,0,1.251,-,0,"R:R:32,R:S:1,G:R:1",1,0.667,R,"R:4288,S:1,?:21,G:1"
GCF_000864105.1_noTerminalStopCodon.part_lcl__NC_007357.1_cds_YP_308664.1_1,PB2,polymerase,265,negative,0.086,1.252,-,0,"N:N:21,K:N:1,N:S:7,N:T:1",1,0.667,N,"N:4278,?:22,K:1,S:9,T:1"
GCF_000864105.1_noTerminalStopCodon.part_lcl__NC_007357.1_cds_YP_308664.1_1,PB2,polymerase,266,negative,0.039,1.094,-,0,"I:I:16,I:V:1",1,0.667,I,"I:4282,?:21,V:8"
GCF_000864105.1_noTerminalStopCodon.part_lcl__NC_007357.1_cds_YP_308664.1_1,PB2,polymerase,267,negative,0,0.896,-,0,"V:V:22,I:V:1",1,0.667,V,"V:4290,?:20,I:1"
GCF_000864105.1_noTerminalStopCodon.part_lcl__NC_007357.1_cds_YP_308664.1_1,PB2,polymerase,268,negative,0,1.035,-,0,"R:R:27,K:R:1",1,0.667,R,"R:4290,?:20,K:1"
GCF_000864105.1_noTerminalStopCodon.part_lcl__NC_007357.1_cds_YP_308664.1_1,PB2,polymerase,269,negative,0,0.921,-,0,"R:R:21,K:R:1",1,0.667,R,"R:4290,?:20,K:1"
GCF_000864105.1_noTerminalStopCodon.part_lcl__NC_007357.1_cds_YP_308664.1_1,PB2,polymerase,270,negative,0.037,0.521,-,0,"A:A:13,A:V:1,A:S:1",1,0.667,A,"A:4288,V:1,?:19,S:3"
GCF_000864105.1_noTerminalStopCodon.part_lcl__NC_007357.1_cds_YP_308664.1_1,PB2,polymerase,271,negative,0.155,1.149,-,0,"T:T:29,A:T:3,I:T:5,S:T:1,T:V:1,M:T:5",1,0.667,T,"T:4262,?:19,A:4,I:5,S:2,V:1,M:18"
GCF_000864105.1_noTerminalStopCodon.part_lcl__NC_007357.1_cds_YP_308664.1_1,PB2,polymerase,272,negative,0,1.117,-,0,V:V:28,1,0.667,V,"V:4291,?:20"
GCF_000864105.1_noTerminalStopCodon.part_lcl__NC_007357.1_cds_YP_308664.1_1,PB2,polymerase,273,negative,0,0.725,-,0,"S:S:18,A:S:1",1,0.667,S,"S:4291,?:19,A:1"
GCF_000864105.1_noTerminalStopCodon.part_lcl__NC_007357.1_cds_YP_308664.1_1,PB2,polymerase,274,negative,0.075,1.311,-,0,"A:A:33,A:T:6,A:V:2",1,0.667,A,"A:4277,?:22,T:10,V:2"
GCF_000864105.1_noTerminalStopCodon.part_lcl__NC_007357.1_cds_YP_308664.1_1,PB2,polymerase,275,negative,0,1.92,-,0,D:D:32,1,0.667,D,"D:4287,?:24"
GCF_000864105.1_noTerminalStopCodon.part_lcl__NC_007357.1_cds_YP_308664.1_1,PB2,polymerase,276,negative,0,0.856,-,0,"P:P:22,L:P:1",1,0.667,P,"P:4286,?:24,L:1"
GCF_000864105.1_noTerminalStopCodon.part_lcl__NC_007357.1_cds_YP_308664.1_1,PB2,polymerase,277,negative,0,0.983,-,0,L:L:39,1,0.667,L,"L:4290,?:21"
GCF_000864105.1_noTerminalStopCodon.part_lcl__NC_007357.1_cds_YP_308664.1_1,PB2,polymerase,278,negative,0,0.623,-,0,"A:A:15,A:V:1,A:T:1",1,0.667,A,"A:4289,?:20,V:1,T:1"
GCF_000864105.1_noTerminalStopCodon.part_lcl__NC_007357.1_cds_YP_308664.1_1,PB2,polymerase,279,negative,0,0.863,-,0,"S:S:22,F:S:1,A:S:1",1,0.667,S,"S:4288,?:21,F:1,A:1"
GCF_000864105.1_noTerminalStopCodon.part_lcl__NC_007357.1_cds_YP_308664.1_1,PB2,polymerase,280,negative,0,1.36,-,0,L:L:49,1,0.667,L,"L:4288,?:23"
GCF_000864105.1_noTerminalStopCodon.part_lcl__NC_007357.1_cds_YP_308664.1_1,PB2,polymerase,281,negative,0,0.912,-,0,"L:L:39,L:V:1",1,0.667,L,"L:4288,?:22,V:1"
GCF_000864105.1_noTerminalStopCodon.part_lcl__NC_007357.1_cds_YP_308664.1_1,PB2,polymerase,282,negative,0,0.724,-,0,E:E:18,1,0.667,E,"E:4287,?:24"
GCF_000864105.1_noTerminalStopCodon.part_lcl__NC_007357.1_cds_YP_308664.1_1,PB2,polymerase,283,neutral,0,0.142,-,1,I:M:2,1,0.667,M,"M:4291,?:18,I:2"
GCF_000864105.1_noTerminalStopCodon.part_lcl__NC_007357.1_cds_YP_308664.1_1,PB2,polymerase,284,negative,0,0.872,-,0,C:C:15,1,0.667,C,"C:4292,?:19"
GCF_000864105.1_noTerminalStopCodon.part_lcl__NC_007357.1_cds_YP_308664.1_1,PB2,polymerase,285,negative,0,0.817,-,0,"H:H:14,H:Y:5",1,0.667,H,"H:4288,?:18,Y:5"
GCF_000864105.1_noTerminalStopCodon.part_lcl__NC_007357.1_cds_YP_308664.1_1,PB2,polymerase,286,negative,0.074,1.291,-,0,"S:S:22,G:S:5,S:T:1,N:S:3",1,0.667,S,"S:4280,?:19,G:8,T:1,N:3"
GCF_000864105.1_noTerminalStopCodon.part_lcl__NC_007357.1_cds_YP_308664.1_1,PB2,polymerase,287,negative,0,0.482,-,0,T:T:12,1,0.667,T,"T:4292,?:19"
GCF_000864105.1_noTerminalStopCodon.part_lcl__NC_007357.1_cds_YP_308664.1_1,PB2,polymerase,288,negative,0.29,1.025,-,0.009,"Q:Q:20,Q:R:6,K:Q:4,L:Q:2",1,0.13,Q,"Q:4270,?:20,R:9,K:7,L:5"
GCF_000864105.1_noTerminalStopCodon.part_lcl__NC_007357.1_cds_YP_308664.1_1,PB2,polymerase,289,negative,0.042,0.472,-,0.002,"I:I:10,I:V:2",1,0.667,I,"I:4287,?:20,V:4"
GCF_000864105.1_noTerminalStopCodon.part_lcl__NC_007357.1_cds_YP_308664.1_1,PB2,polymerase,290,negative,0,1.214,-,0,"G:G:30,G:S:3",1,0.667,G,"G:4287,?:21,S:3"
GCF_000864105.1_noTerminalStopCodon.part_lcl__NC_007357.1_cds_YP_308664.1_1,PB2,polymerase,291,negative,0,1.325,-,0,G:G:34,1,0.667,G,"G:4292,?:19"
GCF_000864105.1_noTerminalStopCodon.part_lcl__NC_007357.1_cds_YP_308664.1_1,PB2,polymerase,292,neutral,0.878,0.61,-,0.451,"I:L:4,I:V:23,I:T:17,I:M:14,A:T:1,I:I:4",1,0.12,I,"I:3962,L:6,V:85,?:19,T:204,M:33,A:2"
GCF_000864105.1_noTerminalStopCodon.part_lcl__NC_007357.1_cds_YP_308664.1_1,PB2,polymerase,293,negative,0.127,1.087,-,0,"R:R:30,K:R:10,G:R:2",1,0.667,R,"R:4279,K:13,?:17,G:2"
GCF_000864105.1_noTerminalStopCodon.part_lcl__NC_007357.1_cds_YP_308664.1_1,PB2,polymerase,294,neutral,0,0.223,-,1,NA,1,0.667,M,"M:4296,?:15"
GCF_000864105.1_noTerminalStopCodon.part_lcl__NC_007357.1_cds_YP_308664.1_1,PB2,polymerase,295,negative,0.406,1.397,-,0,"I:V:13,V:V:34,M:V:2,I:M:1,A:V:5",1,0.126,V,"V:4229,I:34,?:17,M:21,A:10"
GCF_000864105.1_noTerminalStopCodon.part_lcl__NC_007357.1_cds_YP_308664.1_1,PB2,polymerase,296,negative,0,0.58,-,0,"D:D:10,D:E:1,D:N:5",1,0.667,D,"D:4293,?:12,E:1,N:5"
GCF_000864105.1_noTerminalStopCodon.part_lcl__NC_007357.1_cds_YP_308664.1_1,PB2,polymerase,297,negative,0,1.524,-,0,"I:I:33,I:L:1,I:S:1,I:V:2",1,0.667,I,"I:4295,?:12,L:1,S:1,V:2"
GCF_000864105.1_noTerminalStopCodon.part_lcl__NC_007357.1_cds_YP_308664.1_1,PB2,polymerase,298,negative,0,0.711,-,0,L:L:17,1,0.667,L,"L:4301,?:10"
GCF_000864105.1_noTerminalStopCodon.part_lcl__NC_007357.1_cds_YP_308664.1_1,PB2,polymerase,299,negative,0.182,1.477,-,0,"R:R:41,K:R:12,G:R:1,Q:R:2",1,0.667,R,"R:4276,?:12,K:20,G:1,Q:2"
GCF_000864105.1_noTerminalStopCodon.part_lcl__NC_007357.1_cds_YP_308664.1_1,PB2,polymerase,300,negative,0,1.21,-,0,"Q:Q:25,H:Q:1,K:Q:1",1,0.667,Q,"Q:4297,?:12,H:1,K:1"
GCF_000864105.1_noTerminalStopCodon.part_lcl__NC_007357.1_cds_YP_308664.1_1,PB2,polymerase,301,negative,0,1.184,-,0,"N:N:19,N:T:3,I:N:1,N:S:1,H:N:1",1,0.667,N,"N:4294,?:11,T:3,I:1,S:1,H:1"
GCF_000864105.1_noTerminalStopCodon.part_lcl__NC_007357.1_cds_YP_308664.1_1,PB2,polymerase,302,negative,0.041,0.762,-,0,"P:P:19,P:Q:1,P:S:3",1,0.667,P,"P:4296,?:10,Q:2,S:3"
GCF_000864105.1_noTerminalStopCodon.part_lcl__NC_007357.1_cds_YP_308664.1_1,PB2,polymerase,303,negative,0.077,1.053,-,0,"T:T:26,A:T:1,P:T:1,I:T:1,S:T:1,K:T:1",1,0.667,T,"T:4291,A:2,?:11,P:1,I:4,S:1,K:1"
GCF_000864105.1_noTerminalStopCodon.part_lcl__NC_007357.1_cds_YP_308664.1_1,PB2,polymerase,304,negative,0,1.011,-,0,"E:E:24,D:E:2,E:T:1",1,0.667,E,"E:4296,?:12,D:2,T:1"
GCF_000864105.1_noTerminalStopCodon.part_lcl__NC_007357.1_cds_YP_308664.1_1,PB2,polymerase,305,negative,0,0.793,-,0,"E:E:16,E:G:1",1,0.667,E,"E:4297,?:13,G:1"
GCF_000864105.1_noTerminalStopCodon.part_lcl__NC_007357.1_cds_YP_308664.1_1,PB2,polymerase,306,negative,0,0.339,-,0.008,"Q:R:1,Q:Q:6",1,0.667,Q,"Q:4301,R:1,?:9"
GCF_000864105.1_noTerminalStopCodon.part_lcl__NC_007357.1_cds_YP_308664.1_1,PB2,polymerase,307,negative,0,2.094,-,0,A:A:50,1,0.667,A,"A:4295,?:16"
GCF_000864105.1_noTerminalStopCodon.part_lcl__NC_007357.1_cds_YP_308664.1_1,PB2,polymerase,308,negative,0,0.816,-,0,V:V:24,1,0.667,V,"V:4301,?:10"
GCF_000864105.1_noTerminalStopCodon.part_lcl__NC_007357.1_cds_YP_308664.1_1,PB2,polymerase,309,negative,0.205,0.861,-,0.003,"D:E:4,D:D:15,D:N:8,D:G:7,G:S:1,G:V:1",1,0.209,D,"D:4231,E:4,N:23,G:35,S:2,?:15,V:1"
GCF_000864105.1_noTerminalStopCodon.part_lcl__NC_007357.1_cds_YP_308664.1_1,PB2,polymerase,310,neutral,0,0,-,1,I:M:1,1,0.667,I,"I:4301,?:9,M:1"
GCF_000864105.1_noTerminalStopCodon.part_lcl__NC_007357.1_cds_YP_308664.1_1,PB2,polymerase,311,negative,0,0.518,-,0,C:C:9,1,0.667,C,"C:4298,?:13"
GCF_000864105.1_noTerminalStopCodon.part_lcl__NC_007357.1_cds_YP_308664.1_1,PB2,polymerase,312,negative,0.093,4.038,-,0,"K:K:77,K:R:11,R:R:2",1,0.667,K,"K:4104,?:16,R:191"
GCF_000864105.1_noTerminalStopCodon.part_lcl__NC_007357.1_cds_YP_308664.1_1,PB2,polymerase,313,negative,0,0.599,-,0,"A:A:15,A:V:1",1,0.667,A,"A:4295,?:15,V:1"
GCF_000864105.1_noTerminalStopCodon.part_lcl__NC_007357.1_cds_YP_308664.1_1,PB2,polymerase,314,negative,0,0.808,-,0,"A:A:20,A:S:1",1,0.667,A,"A:4294,?:16,S:1"
GCF_000864105.1_noTerminalStopCodon.part_lcl__NC_007357.1_cds_YP_308664.1_1,PB2,polymerase,315,neutral,0.203,0,-,0.87,"I:M:14,L:M:4,M:V:1",1,0.251,M,"M:4250,I:40,L:6,?:14,V:1"
GCF_000864105.1_noTerminalStopCodon.part_lcl__NC_007357.1_cds_YP_308664.1_1,PB2,polymerase,316,negative,0,1.453,-,0,G:G:35,1,0.667,G,"G:4297,?:14"
GCF_000864105.1_noTerminalStopCodon.part_lcl__NC_007357.1_cds_YP_308664.1_1,PB2,polymerase,317,negative,0.141,1.216,-,0,"L:L:44,L:M:4,F:L:2",1,0.667,L,"L:4233,?:17,M:59,F:2"
GCF_000864105.1_noTerminalStopCodon.part_lcl__NC_007357.1_cds_YP_308664.1_1,PB2,polymerase,318,negative,0.126,1.155,-,0,"R:R:31,K:R:8,?:R:1",1,0.667,R,"R:4248,K:47,?:16"
GCF_000864105.1_noTerminalStopCodon.part_lcl__NC_007357.1_cds_YP_308664.1_1,PB2,polymerase,319,negative,0.087,1.363,-,0,"I:V:8,I:I:30",1,0.667,I,"I:4285,V:11,?:15"
GCF_000864105.1_noTerminalStopCodon.part_lcl__NC_007357.1_cds_YP_308664.1_1,PB2,polymerase,320,negative,0.037,0.861,-,0,"S:S:15,N:S:2",1,0.667,S,"S:4294,?:13,N:4"
GCF_000864105.1_noTerminalStopCodon.part_lcl__NC_007357.1_cds_YP_308664.1_1,PB2,polymerase,321,negative,0,0.684,-,0,S:S:17,1,0.667,S,"S:4296,?:15"
GCF_000864105.1_noTerminalStopCodon.part_lcl__NC_007357.1_cds_YP_308664.1_1,PB2,polymerase,322,negative,0,1.132,-,0,S:S:28,1,0.667,S,"S:4298,?:13"
GCF_000864105.1_noTerminalStopCodon.part_lcl__NC_007357.1_cds_YP_308664.1_1,PB2,polymerase,323,negative,0,0.75,-,0,"F:F:13,F:L:1",1,0.667,F,"F:4298,L:1,?:12"
GCF_000864105.1_noTerminalStopCodon.part_lcl__NC_007357.1_cds_YP_308664.1_1,PB2,polymerase,324,negative,0,1.611,-,0,"S:S:27,G:S:1",1,0.667,S,"S:4298,?:12,G:1"
GCF_000864105.1_noTerminalStopCodon.part_lcl__NC_007357.1_cds_YP_308664.1_1,PB2,polymerase,325,negative,0.042,1.03,-,0,"F:F:18,F:L:3",1,0.667,F,"F:4296,?:11,L:4"
GCF_000864105.1_noTerminalStopCodon.part_lcl__NC_007357.1_cds_YP_308664.1_1,PB2,polymerase,326,negative,0,0.612,-,0,G:G:15,1,0.667,G,"G:4300,?:11"
GCF_000864105.1_noTerminalStopCodon.part_lcl__NC_007357.1_cds_YP_308664.1_1,PB2,polymerase,327,negative,0.165,1.451,-,0,"E:G:5,G:G:35,D:G:1,G:S:2,N:S:1,G:R:2",1,0.667,G,"G:4286,E:7,D:1,S:3,?:11,N:1,R:2"
GCF_000864105.1_noTerminalStopCodon.part_lcl__NC_007357.1_cds_YP_308664.1_1,PB2,polymerase,328,negative,0.043,0.521,-,0.002,"F:F:9,F:Y:1",1,0.667,F,"F:4300,?:9,Y:2"
GCF_000864105.1_noTerminalStopCodon.part_lcl__NC_007357.1_cds_YP_308664.1_1,PB2,polymerase,329,negative,0.039,0.674,-,0,"T:T:17,A:T:1,I:T:2",1,0.667,T,"T:4293,A:1,?:10,I:7"
GCF_000864105.1_noTerminalStopCodon.part_lcl__NC_007357.1_cds_YP_308664.1_1,PB2,polymerase,330,negative,0.085,1.14,-,0,"F:F:19,F:L:5",1,0.667,F,"F:4291,?:9,L:11"
GCF_000864105.1_noTerminalStopCodon.part_lcl__NC_007357.1_cds_YP_308664.1_1,PB2,polymerase,331,negative,0,0.855,-,0,K:K:17,1,0.667,K,"K:4301,?:10"
GCF_000864105.1_noTerminalStopCodon.part_lcl__NC_007357.1_cds_YP_308664.1_1,PB2,polymerase,332,negative,0,1.228,-,0,"R:R:30,K:R:2,G:R:1",1,0.667,R,"R:4299,K:2,?:9,G:1"
GCF_000864105.1_noTerminalStopCodon.part_lcl__NC_007357.1_cds_YP_308664.1_1,PB2,polymerase,333,negative,0,0.394,-,0,T:T:10,1,0.667,T,"T:4302,?:9"
GCF_000864105.1_noTerminalStopCodon.part_lcl__NC_007357.1_cds_YP_308664.1_1,PB2,polymerase,334,negative,0.112,0.623,-,0.003,"G:S:4,N:S:6,K:N:1,S:S:10",1,0.667,S,"S:4203,G:4,N:92,K:1,?:11"
GCF_000864105.1_noTerminalStopCodon.part_lcl__NC_007357.1_cds_YP_308664.1_1,PB2,polymerase,335,negative,0,1.672,-,0,G:G:43,1,0.667,G,"G:4300,?:11"
GCF_000864105.1_noTerminalStopCodon.part_lcl__NC_007357.1_cds_YP_308664.1_1,PB2,polymerase,336,negative,0.092,1.004,-,0,"S:S:25,S:T:3,A:S:1,L:S:3",1,0.667,S,"S:4280,?:15,T:12,A:1,L:3"
GCF_000864105.1_noTerminalStopCodon.part_lcl__NC_007357.1_cds_YP_308664.1_1,PB2,polymerase,337,negative,0,1.002,-,0,"S:S:24,A:S:1,P:S:2,S:Y:1,S:T:1",1,0.667,S,"S:4294,A:1,P:2,?:12,Y:1,T:1"
GCF_000864105.1_noTerminalStopCodon.part_lcl__NC_007357.1_cds_YP_308664.1_1,PB2,polymerase,338,negative,0.401,1.059,-,0.009,"I:V:29,V:V:22,D:V:2,A:V:4,A:A:1,F:V:4,I:I:1,I:T:1",1,0.605,V,"V:3939,I:300,D:2,?:12,A:9,F:48,T:1"
GCF_000864105.1_noTerminalStopCodon.part_lcl__NC_007357.1_cds_YP_308664.1_1,PB2,polymerase,339,negative,0.361,1.307,-,0.001,"K:K:20,K:N:2,K:R:7,F:K:1,K:T:3,K:Q:1,T:T:5,M:T:9,I:T:1,A:T:4,I:K:1",1,0.648,K,"K:3800,N:2,R:29,?:12,F:1,T:445,Q:1,M:12,I:2,A:7"
GCF_000864105.1_noTerminalStopCodon.part_lcl__NC_007357.1_cds_YP_308664.1_1,PB2,polymerase,340,negative,0.363,1.356,-,0,"R:R:14,K:R:22,I:R:2,K:K:17,G:R:2",1,0.667,R,"R:2931,K:1366,I:2,?:10,G:2"
GCF_000864105.1_noTerminalStopCodon.part_lcl__NC_007357.1_cds_YP_308664.1_1,PB2,polymerase,341,negative,0.09,0.872,-,0,"E:E:17,E:Q:1,D:E:2,E:K:1,E:G:1,E:V:1",1,0.667,E,"E:4290,Q:1,?:11,D:3,K:1,G:4,V:1"
GCF_000864105.1_noTerminalStopCodon.part_lcl__NC_007357.1_cds_YP_308664.1_1,PB2,polymerase,342,negative,0,1.218,-,0,"E:E:26,E:G:3",1,0.667,E,"E:4298,?:10,G:3"
GCF_000864105.1_noTerminalStopCodon.part_lcl__NC_007357.1_cds_YP_308664.1_1,PB2,polymerase,343,negative,0.136,1.244,-,0,"E:E:25,D:E:5,E:K:1,E:G:1",1,0.667,E,"E:4274,?:10,D:25,K:1,G:1"
GCF_000864105.1_noTerminalStopCodon.part_lcl__NC_007357.1_cds_YP_308664.1_1,PB2,polymerase,344,neutral,0.402,0.509,-,0.576,"M:V:26,V:V:15,L:V:3,A:V:1",1,0.069,V,"V:4204,M:91,L:4,?:11,A:1"
GCF_000864105.1_noTerminalStopCodon.part_lcl__NC_007357.1_cds_YP_308664.1_1,PB2,polymerase,345,negative,0,1.149,-,0,"I:L:3,L:L:30",1,0.667,L,"L:4297,I:3,?:11"
GCF_000864105.1_noTerminalStopCodon.part_lcl__NC_007357.1_cds_YP_308664.1_1,PB2,polymerase,346,negative,0,1.812,-,0,"T:T:46,A:T:1",1,0.667,T,"T:4298,?:12,A:1"
GCF_000864105.1_noTerminalStopCodon.part_lcl__NC_007357.1_cds_YP_308664.1_1,PB2,polymerase,347,negative,0,0.574,-,0,G:G:14,1,0.667,G,"G:4300,?:11"
GCF_000864105.1_noTerminalStopCodon.part_lcl__NC_007357.1_cds_YP_308664.1_1,PB2,polymerase,348,negative,0.043,2.493,-,0,"N:N:41,N:S:1",1,0.667,N,"N:4298,?:11,S:2"
GCF_000864105.1_noTerminalStopCodon.part_lcl__NC_007357.1_cds_YP_308664.1_1,PB2,polymerase,349,negative,0,0.815,-,0,"L:L:20,F:L:2",1,0.667,L,"L:4296,?:13,F:2"
GCF_000864105.1_noTerminalStopCodon.part_lcl__NC_007357.1_cds_YP_308664.1_1,PB2,polymerase,350,negative,0,0.583,-,0,Q:Q:12,1,0.667,Q,"Q:4305,?:6"
GCF_000864105.1_noTerminalStopCodon.part_lcl__NC_007357.1_cds_YP_308664.1_1,PB2,polymerase,351,neutral,0.155,0.196,-,0.724,"A:T:8,T:T:5,R:T:1",1,0.645,T,"T:4285,A:19,?:6,R:1"
GCF_000864105.1_noTerminalStopCodon.part_lcl__NC_007357.1_cds_YP_308664.1_1,PB2,polymerase,352,negative,0,0.667,-,0,"L:L:28,L:M:1",1,0.667,L,"L:4304,?:6,M:1"
GCF_000864105.1_noTerminalStopCodon.part_lcl__NC_007357.1_cds_YP_308664.1_1,PB2,polymerase,353,neutral,0.231,0.147,-,0.532,"K:R:8,K:K:3,K:T:1",1,0.418,K,"K:4125,R:179,?:6,T:1"
GCF_000864105.1_noTerminalStopCodon.part_lcl__NC_007357.1_cds_YP_308664.1_1,PB2,polymerase,354,neutral,0.164,0,-,0.212,"I:V:5,I:L:4,I:M:7",1,0.204,I,"I:4277,?:7,V:7,L:11,M:9"
GCF_000864105.1_noTerminalStopCodon.part_lcl__NC_007357.1_cds_YP_308664.1_1,PB2,polymerase,355,neutral,0.514,0.706,-,0.407,"G:R:7,K:R:17,R:R:16,M:R:1,I:R:3,R:S:1",1,0.247,R,"R:4220,G:10,K:64,M:1,?:6,I:3,S:7"
GCF_000864105.1_noTerminalStopCodon.part_lcl__NC_007357.1_cds_YP_308664.1_1,PB2,polymerase,356,negative,0.262,1.101,-,0,"V:V:26,I:V:19,A:V:2,M:V:1,L:V:1",1,0.667,V,"V:4232,I:69,?:6,A:2,M:1,L:1"
GCF_000864105.1_noTerminalStopCodon.part_lcl__NC_007357.1_cds_YP_308664.1_1,PB2,polymerase,357,negative,0.09,0.849,-,0,"H:Y:8,H:H:14,Y:Y:1",1,0.667,H,"H:4233,Y:72,?:6"
GCF_000864105.1_noTerminalStopCodon.part_lcl__NC_007357.1_cds_YP_308664.1_1,PB2,polymerase,358,negative,0,0.954,-,0,"E:E:23,E:K:2,D:E:2",1,0.667,E,"E:4300,?:7,K:2,D:2"
GCF_000864105.1_noTerminalStopCodon.part_lcl__NC_007357.1_cds_YP_308664.1_1,PB2,polymerase,359,negative,0,1.8,-,0,G:G:48,1,0.667,G,"G:4306,?:5"
GCF_000864105.1_noTerminalStopCodon.part_lcl__NC_007357.1_cds_YP_308664.1_1,PB2,polymerase,360,neutral,0.159,0.503,-,0.064,"H:Y:7,Y:Y:9,F:Y:2,C:Y:2",1,0.624,Y,"Y:4287,H:11,?:4,F:7,C:2"
GCF_000864105.1_noTerminalStopCodon.part_lcl__NC_007357.1_cds_YP_308664.1_1,PB2,polymerase,361,negative,0,1.012,-,0,E:E:22,1,0.667,E,"E:4307,?:4"
GCF_000864105.1_noTerminalStopCodon.part_lcl__NC_007357.1_cds_YP_308664.1_1,PB2,polymerase,362,negative,0.045,1.59,-,0,"E:E:33,E:G:3",1,0.667,E,"E:3559,?:4,G:748"
GCF_000864105.1_noTerminalStopCodon.part_lcl__NC_007357.1_cds_YP_308664.1_1,PB2,polymerase,363,negative,0,0.696,-,0,"F:F:12,F:L:2",1,0.667,F,"F:4305,?:4,L:2"
GCF_000864105.1_noTerminalStopCodon.part_lcl__NC_007357.1_cds_YP_308664.1_1,PB2,polymerase,364,negative,0,0.931,-,0,"T:T:23,I:T:1,M:T:1",1,0.667,T,"T:4305,?:4,I:1,M:1"
GCF_000864105.1_noTerminalStopCodon.part_lcl__NC_007357.1_cds_YP_308664.1_1,PB2,polymerase,365,neutral,0,0.04,-,1,"I:M:4,M:R:1,M:V:6",1,0.667,M,"M:4296,I:4,R:1,?:4,V:6"
GCF_000864105.1_noTerminalStopCodon.part_lcl__NC_007357.1_cds_YP_308664.1_1,PB2,polymerase,366,negative,0.044,1.256,-,0,"V:V:31,I:V:7,A:V:2",1,0.667,V,"V:4297,I:8,A:2,?:4"
GCF_000864105.1_noTerminalStopCodon.part_lcl__NC_007357.1_cds_YP_308664.1_1,PB2,polymerase,367,negative,0,1.21,-,0,G:G:33,1,0.667,G,"G:4304,?:7"
GCF_000864105.1_noTerminalStopCodon.part_lcl__NC_007357.1_cds_YP_308664.1_1,PB2,polymerase,368,negative,0.294,1.443,-,0,"R:R:32,Q:R:9,Q:Q:3,K:R:3,G:R:2,I:R:1",1,0.667,R,"R:3857,Q:440,?:5,K:6,G:2,I:1"
GCF_000864105.1_noTerminalStopCodon.part_lcl__NC_007357.1_cds_YP_308664.1_1,PB2,polymerase,369,negative,0.168,1.132,-,0,"R:R:25,G:R:4,K:R:14,K:K:1,R:S:1,R:W:1,R:T:1",1,0.667,R,"R:4251,G:5,K:46,S:1,?:5,W:2,T:1"
GCF_000864105.1_noTerminalStopCodon.part_lcl__NC_007357.1_cds_YP_308664.1_1,PB2,polymerase,370,negative,0,0.356,-,0,"A:A:9,A:P:1,A:G:1,A:S:1",1,0.667,A,"A:4304,?:4,P:1,G:1,S:1"
GCF_000864105.1_noTerminalStopCodon.part_lcl__NC_007357.1_cds_YP_308664.1_1,PB2,polymerase,371,negative,0,1.004,-,0,"T:T:26,A:T:1,M:T:2",1,0.667,T,"T:4306,A:1,M:2,?:2"
GCF_000864105.1_noTerminalStopCodon.part_lcl__NC_007357.1_cds_YP_308664.1_1,PB2,polymerase,372,negative,0,0.777,-,0,"A:A:19,A:S:1",1,0.667,A,"A:4308,S:1,?:2"
GCF_000864105.1_noTerminalStopCodon.part_lcl__NC_007357.1_cds_YP_308664.1_1,PB2,polymerase,373,negative,0.086,1.553,-,0,"I:I:33,I:L:4,I:V:1,I:M:1",1,0.667,I,"I:4291,L:15,?:3,V:1,M:1"
GCF_000864105.1_noTerminalStopCodon.part_lcl__NC_007357.1_cds_YP_308664.1_1,PB2,polymerase,374,negative,0.127,1.14,-,0,"L:L:39,F:L:1,I:L:5",1,0.667,L,"L:4266,F:1,I:41,?:3"
GCF_000864105.1_noTerminalStopCodon.part_lcl__NC_007357.1_cds_YP_308664.1_1,PB2,polymerase,375,negative,0,0.659,-,0,"R:R:19,K:R:1,M:R:1",1,0.667,R,"R:4306,K:1,M:1,?:3"
GCF_000864105.1_noTerminalStopCodon.part_lcl__NC_007357.1_cds_YP_308664.1_1,PB2,polymerase,376,negative,0,0.472,-,0,"K:K:10,K:R:2",1,0.667,K,"K:4306,R:2,?:3"
GCF_000864105.1_noTerminalStopCodon.part_lcl__NC_007357.1_cds_YP_308664.1_1,PB2,polymerase,377,negative,0,0.316,-,0.001,"A:S:3,A:A:8,A:T:1",1,0.667,A,"A:4304,S:3,T:1,?:3"
GCF_000864105.1_noTerminalStopCodon.part_lcl__NC_007357.1_cds_YP_308664.1_1,PB2,polymerase,378,negative,0,0.815,-,0,"T:T:19,I:T:1",1,0.667,T,"T:4305,?:5,I:1"
GCF_000864105.1_noTerminalStopCodon.part_lcl__NC_007357.1_cds_YP_308664.1_1,PB2,polymerase,379,negative,0.126,0.642,-,0.003,"K:R:13,R:R:15,R:S:1",1,0.123,R,"R:4290,K:17,S:1,?:3"
GCF_000864105.1_noTerminalStopCodon.part_lcl__NC_007357.1_cds_YP_308664.1_1,PB2,polymerase,380,negative,0.042,0.959,-,0,"K:R:2,R:R:26,K:K:1",1,0.667,R,"R:4301,K:5,?:5"
GCF_000864105.1_noTerminalStopCodon.part_lcl__NC_007357.1_cds_YP_308664.1_1,PB2,polymerase,381,negative,0.072,0.752,-,0.001,"L:L:32,L:M:5",1,0.667,L,"L:4302,M:5,?:4"
GCF_000864105.1_noTerminalStopCodon.part_lcl__NC_007357.1_cds_YP_308664.1_1,PB2,polymerase,382,negative,0.043,1.159,-,0,"I:I:25,I:V:9,I:T:1",1,0.667,I,"I:4293,V:14,T:1,?:3"
GCF_000864105.1_noTerminalStopCodon.part_lcl__NC_007357.1_cds_YP_308664.1_1,PB2,polymerase,383,negative,0,1.024,-,0,"Q:Q:24,H:Q:2",1,0.667,Q,"Q:4306,H:2,?:3"
GCF_000864105.1_noTerminalStopCodon.part_lcl__NC_007357.1_cds_YP_308664.1_1,PB2,polymerase,384,negative,0.073,1.333,-,0,"L:L:51,F:L:1,I:L:1",1,0.667,L,"L:4305,F:2,I:1,?:3"
GCF_000864105.1_noTerminalStopCodon.part_lcl__NC_007357.1_cds_YP_308664.1_1,PB2,polymerase,385,negative,0.033,0.923,-,0,"I:V:3,I:I:5",1,0.667,I,"I:4304,V:4,?:3"
GCF_000864105.1_noTerminalStopCodon.part_lcl__NC_007357.1_cds_YP_308664.1_1,PB2,polymerase,386,negative,0,0.799,-,0,"V:V:21,G:V:1,I:V:1,L:V:1",1,0.667,V,"V:4305,G:1,I:1,L:1,?:3"
GCF_000864105.1_noTerminalStopCodon.part_lcl__NC_007357.1_cds_YP_308664.1_1,PB2,polymerase,387,negative,0,0.565,-,0,"R:S:1,S:S:10,G:S:3,C:S:1,N:S:3",1,0.667,S,"S:4299,R:1,G:3,?:4,C:1,N:3"
GCF_000864105.1_noTerminalStopCodon.part_lcl__NC_007357.1_cds_YP_308664.1_1,PB2,polymerase,388,negative,0,1.123,-,0,G:G:30,1,0.667,G,"G:4308,?:3"
GCF_000864105.1_noTerminalStopCodon.part_lcl__NC_007357.1_cds_YP_308664.1_1,PB2,polymerase,389,negative,0.17,0.94,-,0,"K:R:23,R:R:21,I:R:1,G:R:1",1,0.667,R,"R:4252,K:54,I:1,G:1,?:3"
GCF_000864105.1_noTerminalStopCodon.part_lcl__NC_007357.1_cds_YP_308664.1_1,PB2,polymerase,390,negative,0.041,2.205,-,0,"D:D:24,D:N:15,N:N:11,N:T:1,I:N:1,D:E:2",1,0.667,D,"D:3862,N:438,?:7,T:1,I:1,E:2"
GCF_000864105.1_noTerminalStopCodon.part_lcl__NC_007357.1_cds_YP_308664.1_1,PB2,polymerase,391,negative,0.092,0.778,-,0,"E:G:4,E:E:18,D:E:4,E:V:1",1,0.667,E,"E:4290,G:4,D:12,V:1,?:4"
GCF_000864105.1_noTerminalStopCodon.part_lcl__NC_007357.1_cds_YP_308664.1_1,PB2,polymerase,392,negative,0.074,0.839,-,0.001,"Q:Q:20,P:Q:1,H:Q:5,E:Q:1",1,0.667,Q,"Q:4298,P:2,H:5,?:5,E:1"
GCF_000864105.1_noTerminalStopCodon.part_lcl__NC_007357.1_cds_YP_308664.1_1,PB2,polymerase,393,negative,0,0.237,-,0.006,S:S:6,1,0.667,S,"S:4304,?:7"
GCF_000864105.1_noTerminalStopCodon.part_lcl__NC_007357.1_cds_YP_308664.1_1,PB2,polymerase,394,negative,0.089,0.983,-,0,"I:I:22,I:V:5,I:T:1",1,0.667,I,"I:4275,?:10,V:25,T:1"
GCF_000864105.1_noTerminalStopCodon.part_lcl__NC_007357.1_cds_YP_308664.1_1,PB2,polymerase,395,negative,0.112,1.261,-,0,"A:T:10,A:A:31,A:S:1,A:V:1",1,0.667,A,"A:4292,T:13,S:1,V:1,?:4"
GCF_000864105.1_noTerminalStopCodon.part_lcl__NC_007357.1_cds_YP_308664.1_1,PB2,polymerase,396,negative,0,0.742,-,0,"E:G:2,E:E:16",1,0.667,E,"E:4305,G:2,?:4"
GCF_000864105.1_noTerminalStopCodon.part_lcl__NC_007357.1_cds_YP_308664.1_1,PB2,polymerase,397,negative,0,0.83,-,0,"A:A:21,A:V:8,A:T:1",1,0.667,A,"A:4298,V:8,T:1,?:4"
GCF_000864105.1_noTerminalStopCodon.part_lcl__NC_007357.1_cds_YP_308664.1_1,PB2,polymerase,398,negative,0.159,0.744,-,0.004,"I:M:5,I:I:12,I:V:11,I:T:1,I:L:1",1,0.667,I,"I:4283,M:6,V:13,T:4,L:1,?:4"
GCF_000864105.1_noTerminalStopCodon.part_lcl__NC_007357.1_cds_YP_308664.1_1,PB2,polymerase,399,negative,0,0.736,-,0,"I:I:12,I:V:1,I:T:2",1,0.667,I,"I:4304,V:1,T:2,?:4"
GCF_000864105.1_noTerminalStopCodon.part_lcl__NC_007357.1_cds_YP_308664.1_1,PB2,polymerase,400,negative,0,0.833,-,0,V:V:23,1,0.667,V,"V:4309,?:2"
GCF_000864105.1_noTerminalStopCodon.part_lcl__NC_007357.1_cds_YP_308664.1_1,PB2,polymerase,401,negative,0,1.046,-,0,A:A:26,1,0.667,A,"A:4309,?:2"
GCF_000864105.1_noTerminalStopCodon.part_lcl__NC_007357.1_cds_YP_308664.1_1,PB2,polymerase,402,neutral,0.058,0,-,0.962,"L:M:1,I:M:3,M:V:1",1,0.659,M,"M:4299,L:4,I:5,V:1,?:2"
GCF_000864105.1_noTerminalStopCodon.part_lcl__NC_007357.1_cds_YP_308664.1_1,PB2,polymerase,403,negative,0.044,0.865,-,0,"V:V:23,I:V:1",1,0.667,V,"V:4307,I:2,?:2"
GCF_000864105.1_noTerminalStopCodon.part_lcl__NC_007357.1_cds_YP_308664.1_1,PB2,polymerase,404,negative,0.042,1.126,-,0,"F:F:19,F:S:1,F:L:1",1,0.667,F,"F:4305,?:3,S:1,L:2"
GCF_000864105.1_noTerminalStopCodon.part_lcl__NC_007357.1_cds_YP_308664.1_1,PB2,polymerase,405,negative,0,0.519,-,0,"S:S:13,S:T:2",1,0.667,S,"S:4306,?:3,T:2"
GCF_000864105.1_noTerminalStopCodon.part_lcl__NC_007357.1_cds_YP_308664.1_1,PB2,polymerase,406,negative,0,0.876,-,0,Q:Q:19,1,0.667,Q,"Q:4308,?:3"
GCF_000864105.1_noTerminalStopCodon.part_lcl__NC_007357.1_cds_YP_308664.1_1,PB2,polymerase,407,negative,0,0.67,-,0,E:E:17,1,0.667,E,"E:4308,?:3"
GCF_000864105.1_noTerminalStopCodon.part_lcl__NC_007357.1_cds_YP_308664.1_1,PB2,polymerase,408,negative,0.041,1.286,-,0,"D:E:3,D:D:22",1,0.667,D,"D:4305,E:4,?:2"
GCF_000864105.1_noTerminalStopCodon.part_lcl__NC_007357.1_cds_YP_308664.1_1,PB2,polymerase,409,negative,0,0.77,-,0,"C:C:13,C:Y:1,C:R:4",1,0.667,C,"C:4304,Y:1,R:4,?:2"
GCF_000864105.1_noTerminalStopCodon.part_lcl__NC_007357.1_cds_YP_308664.1_1,PB2,polymerase,410,neutral,0.058,0.035,-,0.956,M:V:4,1,0.647,M,"M:4303,V:6,?:2"
GCF_000864105.1_noTerminalStopCodon.part_lcl__NC_007357.1_cds_YP_308664.1_1,PB2,polymerase,411,negative,0.286,1.166,-,0.002,"I:M:4,I:I:11,I:L:3,I:V:20,V:V:1,I:T:1",1,0.033,I,"I:4203,M:11,L:9,V:84,T:1,?:3"
GCF_000864105.1_noTerminalStopCodon.part_lcl__NC_007357.1_cds_YP_308664.1_1,PB2,polymerase,412,negative,0.047,1.561,-,0,"K:K:34,K:R:1,R:R:1",1,0.667,K,"K:4241,?:3,R:67"
GCF_000864105.1_noTerminalStopCodon.part_lcl__NC_007357.1_cds_YP_308664.1_1,PB2,polymerase,413,negative,0.037,0.437,-,0.001,"A:A:11,A:S:2",1,0.667,A,"A:4306,S:3,?:2"
GCF_000864105.1_noTerminalStopCodon.part_lcl__NC_007357.1_cds_YP_308664.1_1,PB2,polymerase,414,negative,0,1.284,-,0,"V:V:31,I:V:3",1,0.667,V,"V:4305,I:3,?:3"
GCF_000864105.1_noTerminalStopCodon.part_lcl__NC_007357.1_cds_YP_308664.1_1,PB2,polymerase,415,negative,0,1.35,-,0,R:R:39,1,0.667,R,"R:4308,?:3"
GCF_000864105.1_noTerminalStopCodon.part_lcl__NC_007357.1_cds_YP_308664.1_1,PB2,polymerase,416,negative,0,1.229,-,0,"G:G:30,D:G:3,G:S:2",1,0.667,G,"G:4303,D:3,?:3,S:2"
GCF_000864105.1_noTerminalStopCodon.part_lcl__NC_007357.1_cds_YP_308664.1_1,PB2,polymerase,417,negative,0,1.594,-,0,D:D:27,1,0.667,D,"D:4309,?:2"
GCF_000864105.1_noTerminalStopCodon.part_lcl__NC_007357.1_cds_YP_308664.1_1,PB2,polymerase,418,negative,0,0.918,-,0,L:L:39,1,0.667,L,"L:4306,?:5"
GCF_000864105.1_noTerminalStopCodon.part_lcl__NC_007357.1_cds_YP_308664.1_1,PB2,polymerase,419,negative,0,1.279,-,0,"N:N:22,I:N:1",1,0.667,N,"N:4308,I:1,?:2"
GCF_000864105.1_noTerminalStopCodon.part_lcl__NC_007357.1_cds_YP_308664.1_1,PB2,polymerase,420,negative,0,0.979,-,0,"F:F:17,F:V:2,F:Y:1",1,0.667,F,"F:4306,V:2,Y:1,?:2"
GCF_000864105.1_noTerminalStopCodon.part_lcl__NC_007357.1_cds_YP_308664.1_1,PB2,polymerase,421,negative,0.044,1.131,-,0,"I:V:3,V:V:27,A:V:1",1,0.667,V,"V:4304,I:4,A:1,?:2"
GCF_000864105.1_noTerminalStopCodon.part_lcl__NC_007357.1_cds_YP_308664.1_1,PB2,polymerase,422,negative,0,0.869,-,0,"N:N:15,D:N:1,N:S:2",1,0.667,N,"N:4306,D:1,S:2,?:2"
GCF_000864105.1_noTerminalStopCodon.part_lcl__NC_007357.1_cds_YP_308664.1_1,PB2,polymerase,423,negative,0,0.741,-,0,R:R:19,1,0.667,R,"R:4308,?:3"
GCF_000864105.1_noTerminalStopCodon.part_lcl__NC_007357.1_cds_YP_308664.1_1,PB2,polymerase,424,negative,0.037,1.128,-,0,"A:A:30,A:V:1",1,0.667,A,"A:4306,V:3,?:2"
GCF_000864105.1_noTerminalStopCodon.part_lcl__NC_007357.1_cds_YP_308664.1_1,PB2,polymerase,425,negative,0,1.886,-,0,"N:N:32,N:T:1,K:N:1",1,0.667,N,"N:4307,T:1,K:1,?:2"
GCF_000864105.1_noTerminalStopCodon.part_lcl__NC_007357.1_cds_YP_308664.1_1,PB2,polymerase,426,negative,0,0.496,-,0.001,"Q:Q:12,K:Q:1,P:Q:1",1,0.667,Q,"Q:4307,K:1,P:1,?:2"
GCF_000864105.1_noTerminalStopCodon.part_lcl__NC_007357.1_cds_YP_308664.1_1,PB2,polymerase,427,negative,0,1.079,-,0,"R:R:31,K:R:1,L:R:1",1,0.667,R,"R:4305,?:4,K:1,L:1"
GCF_000864105.1_noTerminalStopCodon.part_lcl__NC_007357.1_cds_YP_308664.1_1,PB2,polymerase,428,negative,0,1.305,-,0,"L:L:50,L:S:1",1,0.667,L,"L:4307,S:1,?:3"
GCF_000864105.1_noTerminalStopCodon.part_lcl__NC_007357.1_cds_YP_308664.1_1,PB2,polymerase,429,negative,0.043,1.896,-,0,"N:N:32,N:S:2,N:Y:1",1,0.667,N,"N:4303,S:4,Y:1,?:3"
GCF_000864105.1_noTerminalStopCodon.part_lcl__NC_007357.1_cds_YP_308664.1_1,PB2,polymerase,430,negative,0.163,0.746,-,0.002,"P:P:17,P:S:5,P:T:7,T:T:1",1,0.655,P,"P:4234,S:8,T:67,?:2"
GCF_000864105.1_noTerminalStopCodon.part_lcl__NC_007357.1_cds_YP_308664.1_1,PB2,polymerase,431,neutral,0,0.096,-,1,M:T:1,1,0.667,M,"M:4307,T:1,?:3"
GCF_000864105.1_noTerminalStopCodon.part_lcl__NC_007357.1_cds_YP_308664.1_1,PB2,polymerase,432,negative,0.045,1.923,-,0,"H:H:33,H:Q:1,H:Y:2,H:R:1",1,0.667,H,"H:4301,Q:1,?:5,Y:3,R:1"
GCF_000864105.1_noTerminalStopCodon.part_lcl__NC_007357.1_cds_YP_308664.1_1,PB2,polymerase,433,negative,0,0.673,-,0,Q:Q:15,1,0.667,Q,"Q:4307,?:4"
GCF_000864105.1_noTerminalStopCodon.part_lcl__NC_007357.1_cds_YP_308664.1_1,PB2,polymerase,434,negative,0,1.228,-,0,"L:L:30,F:L:2",1,0.667,L,"L:4305,F:2,?:4"
GCF_000864105.1_noTerminalStopCodon.part_lcl__NC_007357.1_cds_YP_308664.1_1,PB2,polymerase,435,negative,0,0.764,-,0,L:L:33,1,0.667,L,"L:4306,?:5"
GCF_000864105.1_noTerminalStopCodon.part_lcl__NC_007357.1_cds_YP_308664.1_1,PB2,polymerase,436,negative,0,1.299,-,0,R:R:32,1,0.667,R,"R:4307,?:4"
GCF_000864105.1_noTerminalStopCodon.part_lcl__NC_007357.1_cds_YP_308664.1_1,PB2,polymerase,437,negative,0,1.598,-,0,"H:H:27,H:Y:1",1,0.667,H,"H:4307,?:3,Y:1"
GCF_000864105.1_noTerminalStopCodon.part_lcl__NC_007357.1_cds_YP_308664.1_1,PB2,polymerase,438,negative,0,1.109,-,0,"F:F:19,C:F:1,F:L:1",1,0.667,F,"F:4306,C:1,L:1,?:3"
GCF_000864105.1_noTerminalStopCodon.part_lcl__NC_007357.1_cds_YP_308664.1_1,PB2,polymerase,439,negative,0,0.44,-,0.002,"Q:Q:9,H:Q:1",1,0.667,Q,"Q:4303,?:7,H:1"
GCF_000864105.1_noTerminalStopCodon.part_lcl__NC_007357.1_cds_YP_308664.1_1,PB2,polymerase,440,negative,0,1.615,-,0,"K:K:40,K:R:2",1,0.667,K,"K:4306,R:2,?:3"
GCF_000864105.1_noTerminalStopCodon.part_lcl__NC_007357.1_cds_YP_308664.1_1,PB2,polymerase,441,negative,0.123,1.207,-,0,"D:N:7,D:D:20,N:S:2,N:N:1,D:G:1",1,0.121,D,"D:3545,N:757,?:4,S:2,G:3"
GCF_000864105.1_noTerminalStopCodon.part_lcl__NC_007357.1_cds_YP_308664.1_1,PB2,polymerase,442,negative,0.075,0.762,-,0,"A:A:19,A:T:1,A:S:3",1,0.667,A,"A:4300,T:1,S:7,?:3"
GCF_000864105.1_noTerminalStopCodon.part_lcl__NC_007357.1_cds_YP_308664.1_1,PB2,polymerase,443,negative,0,1.33,-,0,"K:K:29,K:N:1,K:R:7",1,0.667,K,"K:4300,N:1,R:7,?:3"
GCF_000864105.1_noTerminalStopCodon.part_lcl__NC_007357.1_cds_YP_308664.1_1,PB2,polymerase,444,negative,0.131,1.176,-,0,"M:V:4,V:V:34,I:V:3,A:V:1,L:V:1,G:V:1",1,0.667,V,"V:4288,M:13,I:3,A:1,?:3,L:1,G:2"
GCF_000864105.1_noTerminalStopCodon.part_lcl__NC_007357.1_cds_YP_308664.1_1,PB2,polymerase,445,negative,0,0.921,-,0,"L:L:32,L:V:1",1,0.667,L,"L:4306,?:4,V:1"
GCF_000864105.1_noTerminalStopCodon.part_lcl__NC_007357.1_cds_YP_308664.1_1,PB2,polymerase,446,negative,0.127,0.752,-,0.001,"F:F:13,F:L:8",1,0.368,F,"F:4289,L:19,?:3"
GCF_000864105.1_noTerminalStopCodon.part_lcl__NC_007357.1_cds_YP_308664.1_1,PB2,polymerase,447,negative,0.073,0.785,-,0.001,"Q:Q:17,H:Q:5,Q:R:1",1,0.667,Q,"Q:4301,H:6,?:3,R:1"
GCF_000864105.1_noTerminalStopCodon.part_lcl__NC_007357.1_cds_YP_308664.1_1,PB2,polymerase,448,negative,0.214,1.22,-,0,"N:S:7,H:N:3,N:N:21,N:T:2,K:N:1",1,0.048,N,"N:4260,S:39,H:5,T:2,?:4,K:1"
GCF_000864105.1_noTerminalStopCodon.part_lcl__NC_007357.1_cds_YP_308664.1_1,PB2,polymerase,449,neutral,0,0.223,-,1,NA,1,0.667,W,"W:4308,?:3"
GCF_000864105.1_noTerminalStopCodon.part_lcl__NC_007357.1_cds_YP_308664.1_1,PB2,polymerase,450,negative,0,1.266,-,0,G:G:31,1,0.667,G,"G:4307,?:4"
GCF_000864105.1_noTerminalStopCodon.part_lcl__NC_007357.1_cds_YP_308664.1_1,PB2,polymerase,451,neutral,0.469,0.409,-,0.758,"I:V:18,L:V:1,I:T:11,V:V:1,I:I:8,I:L:2,I:N:1",1,0.516,I,"I:3846,V:337,?:5,L:3,T:119,N:1"
GCF_000864105.1_noTerminalStopCodon.part_lcl__NC_007357.1_cds_YP_308664.1_1,PB2,polymerase,452,negative,0,0.729,-,0,"E:E:15,E:G:2,E:V:1",1,0.667,E,"E:4303,?:5,G:2,V:1"
GCF_000864105.1_noTerminalStopCodon.part_lcl__NC_007357.1_cds_YP_308664.1_1,PB2,polymerase,453,neutral,0.286,0.492,-,0.249,"P:P:12,L:P:4,P:S:11,H:P:2,P:T:6",1,0.294,P,"P:3724,L:8,S:274,H:2,T:299,?:4"
GCF_000864105.1_noTerminalStopCodon.part_lcl__NC_007357.1_cds_YP_308664.1_1,PB2,polymerase,454,negative,0,0.713,-,0,"I:V:1,I:I:15,I:L:1,I:T:2,F:I:1",1,0.667,I,"I:4302,V:1,L:1,T:2,?:4,F:1"
GCF_000864105.1_noTerminalStopCodon.part_lcl__NC_007357.1_cds_YP_308664.1_1,PB2,polymerase,455,negative,0,0.931,-,0,"D:D:16,D:E:3,A:D:1,D:V:1",1,0.667,D,"D:4302,E:3,A:1,V:1,?:4"
GCF_000864105.1_noTerminalStopCodon.part_lcl__NC_007357.1_cds_YP_308664.1_1,PB2,polymerase,456,neutral,0.256,0.278,-,0.894,"N:N:5,D:N:7,N:S:7,N:Y:1,H:N:2,K:N:1",1,0.128,N,"N:4269,D:15,S:15,Y:1,H:7,?:3,K:1"
GCF_000864105.1_noTerminalStopCodon.part_lcl__NC_007357.1_cds_YP_308664.1_1,PB2,polymerase,457,negative,0,1.336,-,0,"V:V:33,I:V:3,E:V:1",1,0.667,V,"V:4305,I:3,?:2,E:1"
GCF_000864105.1_noTerminalStopCodon.part_lcl__NC_007357.1_cds_YP_308664.1_1,PB2,polymerase,458,neutral,0,0,-,1,L:M:2,1,0.667,M,"M:4307,L:2,?:2"
GCF_000864105.1_noTerminalStopCodon.part_lcl__NC_007357.1_cds_YP_308664.1_1,PB2,polymerase,459,negative,0,1.091,-,0,G:G:30,1,0.667,G,"G:4309,?:2"
GCF_000864105.1_noTerminalStopCodon.part_lcl__NC_007357.1_cds_YP_308664.1_1,PB2,polymerase,460,neutral,0.029,0.079,-,1,I:M:2,1,0.649,M,"M:4305,?:3,I:3"
GCF_000864105.1_noTerminalStopCodon.part_lcl__NC_007357.1_cds_YP_308664.1_1,PB2,polymerase,461,negative,0.287,1.974,-,0,"I:V:21,I:I:35,V:V:2,I:T:3",1,0.667,I,"V:36,I:4266,?:3,T:6"
GCF_000864105.1_noTerminalStopCodon.part_lcl__NC_007357.1_cds_YP_308664.1_1,PB2,polymerase,462,negative,0,1.756,-,0,"G:G:46,G:R:3",1,0.667,G,"G:4305,?:3,R:3"
GCF_000864105.1_noTerminalStopCodon.part_lcl__NC_007357.1_cds_YP_308664.1_1,PB2,polymerase,463,positive,0.438,0,-,0.022,"I:V:20,I:M:12,I:L:3",1,0,I,"I:3767,V:515,M:20,L:6,?:3"
GCF_000864105.1_noTerminalStopCodon.part_lcl__NC_007357.1_cds_YP_308664.1_1,PB2,polymerase,464,negative,0.367,0.983,"overall,structure,composition",0.017,"L:L:33,L:M:7,?:L:1,L:S:1,M:V:1,F:L:1",0.036451535,0.667,L,"L:3602,?:5,M:701,S:1,V:1,F:1"
GCF_000864105.1_noTerminalStopCodon.part_lcl__NC_007357.1_cds_YP_308664.1_1,PB2,polymerase,465,negative,0,1.113,-,0,"P:S:4,H:P:3,P:P:27,A:P:1",1,0.667,P,"P:4301,S:4,H:3,?:2,A:1"
GCF_000864105.1_noTerminalStopCodon.part_lcl__NC_007357.1_cds_YP_308664.1_1,PB2,polymerase,466,negative,0.041,1.318,-,0,"D:D:22,D:N:3",1,0.667,D,"D:4305,N:4,?:2"
GCF_000864105.1_noTerminalStopCodon.part_lcl__NC_007357.1_cds_YP_308664.1_1,PB2,polymerase,467,neutral,0.029,0.021,-,0.967,"L:M:3,I:M:4",1,0.642,M,"M:4292,L:11,?:4,I:4"
GCF_000864105.1_noTerminalStopCodon.part_lcl__NC_007357.1_cds_YP_308664.1_1,PB2,polymerase,468,negative,0.039,1.068,-,0,"I:T:4,T:T:26,A:T:5",1,0.667,T,"T:4295,I:4,A:10,?:2"
GCF_000864105.1_noTerminalStopCodon.part_lcl__NC_007357.1_cds_YP_308664.1_1,PB2,polymerase,469,negative,0,0.948,-,0,"P:P:22,P:S:1,L:P:1",1,0.667,P,"P:4307,S:1,L:1,?:2"
GCF_000864105.1_noTerminalStopCodon.part_lcl__NC_007357.1_cds_YP_308664.1_1,PB2,polymerase,470,negative,0.237,1.328,-,0,"S:S:22,N:S:9,G:S:1,H:N:1,N:N:1",1,0.667,S,"S:4034,N:271,G:1,?:3,H:2"
GCF_000864105.1_noTerminalStopCodon.part_lcl__NC_007357.1_cds_YP_308664.1_1,PB2,polymerase,471,negative,0.315,1.205,-,0,"T:T:29,I:T:6,P:T:1,S:T:1,A:T:5,N:T:3",1,0.637,T,"T:4250,I:32,?:3,P:1,S:3,A:11,N:11"
GCF_000864105.1_noTerminalStopCodon.part_lcl__NC_007357.1_cds_YP_308664.1_1,PB2,polymerase,472,negative,0.138,0.923,-,0,"D:E:3,E:E:22,E:G:3,E:K:3",1,0.667,E,"E:4112,D:174,?:3,G:3,K:19"
GCF_000864105.1_noTerminalStopCodon.part_lcl__NC_007357.1_cds_YP_308664.1_1,PB2,polymerase,473,negative,0.251,1.04,-,0.01,"I:M:7,M:V:8,L:M:6,L:L:5,M:T:1,T:T:1,V:V:1",1,0.285,M,"M:3510,I:13,V:474,L:301,T:10,?:3"
GCF_000864105.1_noTerminalStopCodon.part_lcl__NC_007357.1_cds_YP_308664.1_1,PB2,polymerase,474,negative,0,0.596,-,0,"S:S:15,S:T:1",1,0.667,S,"S:4308,T:1,?:2"
GCF_000864105.1_noTerminalStopCodon.part_lcl__NC_007357.1_cds_YP_308664.1_1,PB2,polymerase,475,negative,0.296,1.007,-,0.006,"L:L:43,L:M:10,I:L:1",1,0.667,L,"L:4293,M:13,I:2,?:3"
GCF_000864105.1_noTerminalStopCodon.part_lcl__NC_007357.1_cds_YP_308664.1_1,PB2,polymerase,476,negative,0,0.735,-,0,"R:R:19,K:R:1",1,0.667,R,"R:4307,?:3,K:1"
GCF_000864105.1_noTerminalStopCodon.part_lcl__NC_007357.1_cds_YP_308664.1_1,PB2,polymerase,477,negative,0.042,0.757,-,0,"?:G:1,G:R:4,G:G:18",1,0.667,G,"G:4293,?:5,R:13"
GCF_000864105.1_noTerminalStopCodon.part_lcl__NC_007357.1_cds_YP_308664.1_1,PB2,polymerase,478,negative,0.212,1.08,-,0,"I:M:3,I:V:14,V:V:15,M:V:2,I:I:2",1,0.667,I,"I:2850,M:23,V:1434,?:4"
GCF_000864105.1_noTerminalStopCodon.part_lcl__NC_007357.1_cds_YP_308664.1_1,PB2,polymerase,479,negative,0.084,1.204,-,0,"R:R:28,K:R:2,I:R:2",1,0.667,R,"R:4286,K:19,I:2,?:4"
GCF_000864105.1_noTerminalStopCodon.part_lcl__NC_007357.1_cds_YP_308664.1_1,PB2,polymerase,480,negative,0.397,0.904,-,0.031,"V:V:22,I:V:20",1,0.49,V,"V:4223,I:85,?:3"
GCF_000864105.1_noTerminalStopCodon.part_lcl__NC_007357.1_cds_YP_308664.1_1,PB2,polymerase,481,negative,0,1.253,-,0,"S:S:22,C:S:1",1,0.667,S,"S:4306,C:1,?:4"
GCF_000864105.1_noTerminalStopCodon.part_lcl__NC_007357.1_cds_YP_308664.1_1,PB2,polymerase,482,negative,0.14,0.864,-,0,"K:K:19,K:R:6,K:T:1,I:K:1",1,0.1,K,"K:4211,?:4,R:94,T:1,I:1"
GCF_000864105.1_noTerminalStopCodon.part_lcl__NC_007357.1_cds_YP_308664.1_1,PB2,polymerase,483,neutral,0.145,0,-,0.697,"M:T:11,K:M:1,M:V:7,I:M:2",1,0.092,M,"M:4252,T:14,?:4,K:1,V:38,I:2"
GCF_000864105.1_noTerminalStopCodon.part_lcl__NC_007357.1_cds_YP_308664.1_1,PB2,polymerase,484,negative,0,0.883,-,0,G:G:22,1,0.667,G,"G:4306,?:5"
GCF_000864105.1_noTerminalStopCodon.part_lcl__NC_007357.1_cds_YP_308664.1_1,PB2,polymerase,485,negative,0,1.289,-,0,"V:V:33,I:V:3,E:V:1",1,0.667,V,"V:4303,?:4,I:3,E:1"
GCF_000864105.1_noTerminalStopCodon.part_lcl__NC_007357.1_cds_YP_308664.1_1,PB2,polymerase,486,negative,0,0.62,-,0,D:D:11,1,0.667,D,"D:4307,?:4"
GCF_000864105.1_noTerminalStopCodon.part_lcl__NC_007357.1_cds_YP_308664.1_1,PB2,polymerase,487,negative,0,1.176,-,0,"E:E:23,E:G:1",1,0.667,E,"E:4306,?:4,G:1"
GCF_000864105.1_noTerminalStopCodon.part_lcl__NC_007357.1_cds_YP_308664.1_1,PB2,polymerase,488,negative,0,1.977,-,0,"Y:Y:33,H:Y:1",1,0.667,Y,"Y:4306,?:4,H:1"
GCF_000864105.1_noTerminalStopCodon.part_lcl__NC_007357.1_cds_YP_308664.1_1,PB2,polymerase,489,negative,0.041,0.368,-,0.007,"S:S:9,P:S:2,L:S:1",1,0.667,S,"S:4303,?:4,P:3,L:1"
GCF_000864105.1_noTerminalStopCodon.part_lcl__NC_007357.1_cds_YP_308664.1_1,PB2,polymerase,490,negative,0.075,1.531,-,0,"N:S:15,S:S:26,G:S:1",1,0.667,S,"S:4289,N:16,?:4,G:2"
GCF_000864105.1_noTerminalStopCodon.part_lcl__NC_007357.1_cds_YP_308664.1_1,PB2,polymerase,491,negative,0.116,1.067,-,0,"K:T:1,T:T:26,I:T:4,A:T:2,N:T:1",1,0.667,T,"T:4292,K:1,?:4,I:10,A:3,N:1"
GCF_000864105.1_noTerminalStopCodon.part_lcl__NC_007357.1_cds_YP_308664.1_1,PB2,polymerase,492,negative,0,0.671,-,0,"E:G:2,E:E:17,D:E:4",1,0.667,E,"E:4302,G:2,?:3,D:4"
GCF_000864105.1_noTerminalStopCodon.part_lcl__NC_007357.1_cds_YP_308664.1_1,PB2,polymerase,493,negative,0.09,1.476,-,0,"R:R:37,K:R:4",1,0.667,R,"R:4301,K:6,?:4"
GCF_000864105.1_noTerminalStopCodon.part_lcl__NC_007357.1_cds_YP_308664.1_1,PB2,polymerase,494,negative,0.217,0.765,-,0.006,"V:V:20,I:V:18",1,0.08,V,"V:4208,I:101,?:2"
GCF_000864105.1_noTerminalStopCodon.part_lcl__NC_007357.1_cds_YP_308664.1_1,PB2,polymerase,495,negative,0.217,1.608,-,0,"V:V:36,L:V:2,I:V:9,A:V:7,M:V:1,I:M:1,I:T:1",1,0.379,V,"V:3509,L:2,I:757,A:20,M:12,?:10,T:1"
GCF_000864105.1_noTerminalStopCodon.part_lcl__NC_007357.1_cds_YP_308664.1_1,PB2,polymerase,496,negative,0.044,0.944,-,0,"A:V:3,V:V:25",1,0.667,V,"V:4304,A:4,?:3"
GCF_000864105.1_noTerminalStopCodon.part_lcl__NC_007357.1_cds_YP_308664.1_1,PB2,polymerase,497,negative,0.113,1.076,-,0,"N:S:17,S:S:15,R:S:3,D:N:1,N:N:2",1,0.667,S,"S:4135,N:168,R:3,D:1,?:4"
GCF_000864105.1_noTerminalStopCodon.part_lcl__NC_007357.1_cds_YP_308664.1_1,PB2,polymerase,498,negative,0.043,1.242,-,0,"I:I:27,I:V:2,I:M:1",1,0.667,I,"I:4298,?:4,V:8,M:1"
GCF_000864105.1_noTerminalStopCodon.part_lcl__NC_007357.1_cds_YP_308664.1_1,PB2,polymerase,499,negative,0,2.325,-,0,"D:D:39,D:N:2",1,0.667,D,"D:4305,?:4,N:2"
GCF_000864105.1_noTerminalStopCodon.part_lcl__NC_007357.1_cds_YP_308664.1_1,PB2,polymerase,500,negative,0,1.594,-,0,"R:R:42,C:R:1,Q:R:1",1,0.667,R,"R:4304,?:5,C:1,Q:1"
GCF_000864105.1_noTerminalStopCodon.part_lcl__NC_007357.1_cds_YP_308664.1_1,PB2,polymerase,501,negative,0,0.863,-,0,F:F:15,1,0.667,F,"F:4308,?:3"
GCF_000864105.1_noTerminalStopCodon.part_lcl__NC_007357.1_cds_YP_308664.1_1,PB2,polymerase,502,negative,0,0.81,-,0,L:L:30,1,0.667,L,"L:4308,?:3"
GCF_000864105.1_noTerminalStopCodon.part_lcl__NC_007357.1_cds_YP_308664.1_1,PB2,polymerase,503,negative,0.084,1.015,-,0,"R:R:26,K:R:3",1,0.667,R,"R:4294,?:12,K:5"
GCF_000864105.1_noTerminalStopCodon.part_lcl__NC_007357.1_cds_YP_308664.1_1,PB2,polymerase,504,negative,0.043,1.277,-,0,"V:V:31,F:V:1,I:V:2",1,0.667,V,"V:4303,?:4,F:1,I:3"
GCF_000864105.1_noTerminalStopCodon.part_lcl__NC_007357.1_cds_YP_308664.1_1,PB2,polymerase,505,negative,0,1.029,-,0,"Q:R:1,R:R:32,M:R:1",1,0.667,R,"R:4305,Q:1,?:4,M:1"
GCF_000864105.1_noTerminalStopCodon.part_lcl__NC_007357.1_cds_YP_308664.1_1,PB2,polymerase,506,negative,0.041,2.529,-,0,"D:D:41,D:N:1",1,0.667,D,"D:4307,?:2,N:2"
GCF_000864105.1_noTerminalStopCodon.part_lcl__NC_007357.1_cds_YP_308664.1_1,PB2,polymerase,507,negative,0,1.266,-,0,"Q:Q:29,H:Q:3,Q:R:1,K:Q:1",1,0.667,Q,"Q:4304,H:3,R:1,K:1,?:2"
GCF_000864105.1_noTerminalStopCodon.part_lcl__NC_007357.1_cds_YP_308664.1_1,PB2,polymerase,508,negative,0.596,1.83,-,0,"R:R:52,R:S:1,G:R:2,K:R:4,K:M:1,Q:R:20,K:Q:1,Q:Q:1,L:R:3,R:W:1",1,0.629,R,"R:4250,?:11,S:1,G:3,K:8,M:1,Q:33,L:3,W:1"
GCF_000864105.1_noTerminalStopCodon.part_lcl__NC_007357.1_cds_YP_308664.1_1,PB2,polymerase,509,negative,0,1.639,-,0,"G:G:44,G:R:1",1,0.667,G,"G:4308,R:1,?:2"
GCF_000864105.1_noTerminalStopCodon.part_lcl__NC_007357.1_cds_YP_308664.1_1,PB2,polymerase,510,negative,0.085,2.798,-,0,"N:N:43,H:N:1,N:S:7,N:T:1,D:N:3,S:S:2",1,0.667,N,"N:4086,?:3,H:1,S:217,T:1,D:3"
GCF_000864105.1_noTerminalStopCodon.part_lcl__NC_007357.1_cds_YP_308664.1_1,PB2,polymerase,511,negative,0.084,0.99,-,0,"V:V:25,I:V:11,M:V:1,A:V:1",1,0.667,V,"V:4290,?:4,I:15,M:1,A:1"
GCF_000864105.1_noTerminalStopCodon.part_lcl__NC_007357.1_cds_YP_308664.1_1,PB2,polymerase,512,negative,0,0.931,-,0,"L:L:27,L:R:1,I:L:1",1,0.667,L,"L:4303,?:6,R:1,I:1"
GCF_000864105.1_noTerminalStopCodon.part_lcl__NC_007357.1_cds_YP_308664.1_1,PB2,polymerase,513,negative,0,1.165,-,0,"L:L:44,I:L:1",1,0.667,L,"L:4306,?:4,I:1"
GCF_000864105.1_noTerminalStopCodon.part_lcl__NC_007357.1_cds_YP_308664.1_1,PB2,polymerase,514,negative,0,1.042,-,0,S:S:25,1,0.667,S,"S:4304,?:7"
GCF_000864105.1_noTerminalStopCodon.part_lcl__NC_007357.1_cds_YP_308664.1_1,PB2,polymerase,515,negative,0,1.948,-,0,"P:P:46,H:P:1,P:S:1",1,0.667,P,"P:4297,H:1,?:12,S:1"
GCF_000864105.1_noTerminalStopCodon.part_lcl__NC_007357.1_cds_YP_308664.1_1,PB2,polymerase,516,negative,0,1.103,-,0,E:E:22,1,0.667,E,"E:4308,?:3"
GCF_000864105.1_noTerminalStopCodon.part_lcl__NC_007357.1_cds_YP_308664.1_1,PB2,polymerase,517,negative,0,1.575,-,0,"E:E:35,E:Q:1,E:G:1,E:K:1",1,0.667,E,"E:4301,?:7,Q:1,G:1,K:1"
GCF_000864105.1_noTerminalStopCodon.part_lcl__NC_007357.1_cds_YP_308664.1_1,PB2,polymerase,518,negative,0.044,0.742,-,0,"V:V:18,I:V:7",1,0.667,V,"V:4297,?:5,I:9"
GCF_000864105.1_noTerminalStopCodon.part_lcl__NC_007357.1_cds_YP_308664.1_1,PB2,polymerase,519,negative,0,1.6,-,0,S:S:27,1,0.667,S,"S:4297,?:14"
GCF_000864105.1_noTerminalStopCodon.part_lcl__NC_007357.1_cds_YP_308664.1_1,PB2,polymerase,520,negative,0,1.268,-,0,"E:E:28,E:K:1",1,0.667,E,"E:4297,?:13,K:1"
GCF_000864105.1_noTerminalStopCodon.part_lcl__NC_007357.1_cds_YP_308664.1_1,PB2,polymerase,521,negative,0.233,0.809,-,0.004,"T:T:20,N:T:3,S:T:1,A:T:7,K:T:4",1,0.059,T,"T:4268,?:7,N:6,S:1,A:25,K:4"
GCF_000864105.1_noTerminalStopCodon.part_lcl__NC_007357.1_cds_YP_308664.1_1,PB2,polymerase,522,negative,0.075,1.037,-,0,"Q:Q:23,K:Q:1,L:Q:1,L:L:1,H:Q:1",1,0.667,Q,"Q:4290,?:13,K:1,L:6,H:1"
GCF_000864105.1_noTerminalStopCodon.part_lcl__NC_007357.1_cds_YP_308664.1_1,PB2,polymerase,523,negative,0,1.278,-,0,G:G:31,1,0.667,G,"G:4306,?:5"
GCF_000864105.1_noTerminalStopCodon.part_lcl__NC_007357.1_cds_YP_308664.1_1,PB2,polymerase,524,negative,0.077,1.298,-,0,"T:T:32,I:T:9,A:T:8,K:T:1,M:T:1",1,0.155,T,"T:4277,I:12,A:8,?:5,K:1,M:8"
GCF_000864105.1_noTerminalStopCodon.part_lcl__NC_007357.1_cds_YP_308664.1_1,PB2,polymerase,525,negative,0,1.017,-,0,"E:E:25,D:E:1",1,0.667,E,"E:4306,?:4,D:1"
GCF_000864105.1_noTerminalStopCodon.part_lcl__NC_007357.1_cds_YP_308664.1_1,PB2,polymerase,526,negative,0.14,1.408,-,0,"K:K:30,K:R:18,K:N:1",1,0.667,K,"K:4076,R:229,N:1,?:5"
GCF_000864105.1_noTerminalStopCodon.part_lcl__NC_007357.1_cds_YP_308664.1_1,PB2,polymerase,527,negative,0,1.144,-,0,L:L:48,1,0.667,L,"L:4302,?:9"
GCF_000864105.1_noTerminalStopCodon.part_lcl__NC_007357.1_cds_YP_308664.1_1,PB2,polymerase,528,negative,0,1.008,-,0,"T:T:25,A:T:1,I:T:1",1,0.667,T,"T:4302,?:7,A:1,I:1"
GCF_000864105.1_noTerminalStopCodon.part_lcl__NC_007357.1_cds_YP_308664.1_1,PB2,polymerase,529,negative,0.071,0.864,-,0,"I:I:10,I:V:3,I:M:1",1,0.395,I,"I:4297,V:12,M:1,?:1"
GCF_000864105.1_noTerminalStopCodon.part_lcl__NC_007357.1_cds_YP_308664.1_1,PB2,polymerase,530,negative,0,0.325,-,0.001,"A:T:1,T:T:8,I:T:1",1,0.667,T,"T:4308,A:1,I:1,?:1"
GCF_000864105.1_noTerminalStopCodon.part_lcl__NC_007357.1_cds_YP_308664.1_1,PB2,polymerase,531,negative,0,0.75,-,0,Y:Y:14,1,0.667,Y,"Y:4309,?:2"
GCF_000864105.1_noTerminalStopCodon.part_lcl__NC_007357.1_cds_YP_308664.1_1,PB2,polymerase,532,negative,0.046,1.231,-,0,"S:S:33,P:S:1,L:S:5,A:S:1",1,0.667,S,"S:4230,?:2,P:1,L:77,A:1"
GCF_000864105.1_noTerminalStopCodon.part_lcl__NC_007357.1_cds_YP_308664.1_1,PB2,polymerase,533,negative,0,1.037,-,0,"S:S:27,L:S:1,S:T:1",1,0.667,S,"S:4307,L:1,T:1,?:2"
GCF_000864105.1_noTerminalStopCodon.part_lcl__NC_007357.1_cds_YP_308664.1_1,PB2,polymerase,534,negative,0.044,0.904,-,0,"S:S:22,P:S:3",1,0.667,S,"S:4304,P:6,?:1"
GCF_000864105.1_noTerminalStopCodon.part_lcl__NC_007357.1_cds_YP_308664.1_1,PB2,polymerase,535,neutral,0,0.054,-,1,"L:M:2,M:V:1,M:T:1",1,0.667,M,"M:4306,L:2,V:1,T:1,?:1"
GCF_000864105.1_noTerminalStopCodon.part_lcl__NC_007357.1_cds_YP_308664.1_1,PB2,polymerase,536,neutral,0,0.141,-,1,L:M:2,1,0.667,M,"M:4308,L:2,?:1"
GCF_000864105.1_noTerminalStopCodon.part_lcl__NC_007357.1_cds_YP_308664.1_1,PB2,polymerase,537,neutral,0,0.223,-,1,NA,1,0.667,W,"W:4310,?:1"
GCF_000864105.1_noTerminalStopCodon.part_lcl__NC_007357.1_cds_YP_308664.1_1,PB2,polymerase,538,negative,0,0.942,-,0,E:E:21,1,0.667,E,"E:4310,?:1"
GCF_000864105.1_noTerminalStopCodon.part_lcl__NC_007357.1_cds_YP_308664.1_1,PB2,polymerase,539,negative,0.089,1.014,-,0,"I:V:8,I:I:22,I:T:2,I:L:1",1,0.667,I,"I:4277,V:27,T:4,?:2,L:1"
GCF_000864105.1_noTerminalStopCodon.part_lcl__NC_007357.1_cds_YP_308664.1_1,PB2,polymerase,540,negative,0,1.282,-,0,"N:N:22,N:S:2,N:T:1",1,0.667,N,"N:4307,S:2,T:1,?:1"
GCF_000864105.1_noTerminalStopCodon.part_lcl__NC_007357.1_cds_YP_308664.1_1,PB2,polymerase,541,negative,0,1.823,-,0,"G:G:44,G:V:1",1,0.667,G,"G:4309,?:1,V:1"
GCF_000864105.1_noTerminalStopCodon.part_lcl__NC_007357.1_cds_YP_308664.1_1,PB2,polymerase,542,negative,0,0.981,-,0,"P:P:25,P:S:1",1,0.667,P,"P:4305,?:5,S:1"
GCF_000864105.1_noTerminalStopCodon.part_lcl__NC_007357.1_cds_YP_308664.1_1,PB2,polymerase,543,negative,0,1.445,-,0,"E:E:33,D:E:1,E:K:1",1,0.667,E,"E:4305,?:4,D:1,K:1"
GCF_000864105.1_noTerminalStopCodon.part_lcl__NC_007357.1_cds_YP_308664.1_1,PB2,polymerase,544,negative,0,1.476,-,0,"S:S:39,A:S:1",1,0.667,S,"S:4308,?:2,A:1"
GCF_000864105.1_noTerminalStopCodon.part_lcl__NC_007357.1_cds_YP_308664.1_1,PB2,polymerase,545,negative,0,0.976,-,0,"V:V:28,M:V:2",1,0.667,V,"V:4308,M:2,?:1"
GCF_000864105.1_noTerminalStopCodon.part_lcl__NC_007357.1_cds_YP_308664.1_1,PB2,polymerase,546,negative,0,0.829,-,0,L:L:26,1,0.667,L,"L:4310,?:1"
GCF_000864105.1_noTerminalStopCodon.part_lcl__NC_007357.1_cds_YP_308664.1_1,PB2,polymerase,547,negative,0.125,1.217,-,0,"V:V:29,I:V:12,A:V:1",1,0.122,V,"V:4292,I:16,?:2,A:1"
GCF_000864105.1_noTerminalStopCodon.part_lcl__NC_007357.1_cds_YP_308664.1_1,PB2,polymerase,548,negative,0,0.922,-,0,N:N:16,1,0.667,N,"N:4310,?:1"
GCF_000864105.1_noTerminalStopCodon.part_lcl__NC_007357.1_cds_YP_308664.1_1,PB2,polymerase,549,negative,0,0.819,-,0,T:T:20,1,0.667,T,"T:4310,?:1"
GCF_000864105.1_noTerminalStopCodon.part_lcl__NC_007357.1_cds_YP_308664.1_1,PB2,polymerase,550,negative,0,2.42,-,0,Y:Y:40,1,0.667,Y,"Y:4310,?:1"
GCF_000864105.1_noTerminalStopCodon.part_lcl__NC_007357.1_cds_YP_308664.1_1,PB2,polymerase,551,negative,0,0.843,-,0,"Q:Q:19,Q:R:1,H:Q:1",1,0.667,Q,"Q:4307,?:2,R:1,H:1"
GCF_000864105.1_noTerminalStopCodon.part_lcl__NC_007357.1_cds_YP_308664.1_1,PB2,polymerase,552,neutral,0,0,-,1,NA,1,1,W,W:4311
GCF_000864105.1_noTerminalStopCodon.part_lcl__NC_007357.1_cds_YP_308664.1_1,PB2,polymerase,553,neutral,0.211,0.515,-,0.095,"I:I:9,I:V:13,I:T:1,I:M:2,I:L:1",1,0.061,I,"I:4270,V:27,?:2,T:9,M:2,L:1"
GCF_000864105.1_noTerminalStopCodon.part_lcl__NC_007357.1_cds_YP_308664.1_1,PB2,polymerase,554,negative,0.088,0.845,-,0,"I:T:3,I:I:19,I:V:1,I:S:1",1,0.667,I,"I:4300,T:5,V:4,?:1,S:1"
GCF_000864105.1_noTerminalStopCodon.part_lcl__NC_007357.1_cds_YP_308664.1_1,PB2,polymerase,555,negative,0.042,0.963,-,0,"R:R:22,K:R:8",1,0.667,R,"R:4302,K:9"
GCF_000864105.1_noTerminalStopCodon.part_lcl__NC_007357.1_cds_YP_308664.1_1,PB2,polymerase,556,negative,0.085,1.266,-,0,"N:N:22,N:S:4,K:N:2,N:T:2,H:N:1",1,0.667,N,"N:4299,S:4,K:3,T:4,H:1"
GCF_000864105.1_noTerminalStopCodon.part_lcl__NC_007357.1_cds_YP_308664.1_1,PB2,polymerase,557,neutral,0,0.223,-,1,NA,1,0.667,W,"W:4310,?:1"
GCF_000864105.1_noTerminalStopCodon.part_lcl__NC_007357.1_cds_YP_308664.1_1,PB2,polymerase,558,negative,0,1.131,-,0,E:E:23,1,0.667,E,"E:4309,?:2"
GCF_000864105.1_noTerminalStopCodon.part_lcl__NC_007357.1_cds_YP_308664.1_1,PB2,polymerase,559,negative,0.351,1.052,-,0.003,"I:T:8,A:T:9,T:T:23,N:T:9,P:T:1,N:N:1",1,0.505,T,"T:4078,I:15,A:19,?:1,N:197,P:1"
GCF_000864105.1_noTerminalStopCodon.part_lcl__NC_007357.1_cds_YP_308664.1_1,PB2,polymerase,560,negative,0.087,1.271,-,0,"L:V:3,V:V:33,M:V:2,I:V:5,A:V:2",1,0.667,V,"V:4283,L:3,M:17,I:5,A:2,?:1"
GCF_000864105.1_noTerminalStopCodon.part_lcl__NC_007357.1_cds_YP_308664.1_1,PB2,polymerase,561,negative,0,1.133,-,0,K:K:26,1,0.667,K,"K:4309,?:2"
GCF_000864105.1_noTerminalStopCodon.part_lcl__NC_007357.1_cds_YP_308664.1_1,PB2,polymerase,562,negative,0.126,1.44,-,0,"I:I:30,I:V:4,I:T:1",1,0.667,I,"I:4298,?:2,V:10,T:1"
GCF_000864105.1_noTerminalStopCodon.part_lcl__NC_007357.1_cds_YP_308664.1_1,PB2,polymerase,563,negative,0,1.13,-,0,"Q:Q:23,Q:R:2,K:Q:2,H:Q:1",1,0.667,Q,"Q:4304,?:2,R:2,K:2,H:1"
GCF_000864105.1_noTerminalStopCodon.part_lcl__NC_007357.1_cds_YP_308664.1_1,PB2,polymerase,564,neutral,0,0.223,-,1,NA,1,0.667,W,"W:4310,?:1"
GCF_000864105.1_noTerminalStopCodon.part_lcl__NC_007357.1_cds_YP_308664.1_1,PB2,polymerase,565,negative,0,1.066,-,0,"S:S:26,F:S:1",1,0.667,S,"S:4308,?:2,F:1"
GCF_000864105.1_noTerminalStopCodon.part_lcl__NC_007357.1_cds_YP_308664.1_1,PB2,polymerase,566,negative,0,0.67,-,0,"Q:Q:15,H:Q:2",1,0.667,Q,"Q:4306,?:3,H:2"
GCF_000864105.1_noTerminalStopCodon.part_lcl__NC_007357.1_cds_YP_308664.1_1,PB2,polymerase,567,negative,0.123,2.459,-,0,"D:D:39,D:N:8,D:G:6,D:E:1,A:D:1",1,0.154,D,"D:4277,N:12,?:2,G:9,E:10,A:1"
GCF_000864105.1_noTerminalStopCodon.part_lcl__NC_007357.1_cds_YP_308664.1_1,PB2,polymerase,568,negative,0,1.276,-,0,"P:P:31,P:R:1,P:T:1",1,0.667,P,"P:4305,?:4,R:1,T:1"
GCF_000864105.1_noTerminalStopCodon.part_lcl__NC_007357.1_cds_YP_308664.1_1,PB2,polymerase,569,negative,0.039,1.63,-,0,"S:T:2,T:T:40,A:T:1,P:T:1",1,0.667,T,"T:4269,S:36,?:4,A:1,P:1"
GCF_000864105.1_noTerminalStopCodon.part_lcl__NC_007357.1_cds_YP_308664.1_1,PB2,polymerase,570,neutral,0.176,0.031,-,0.925,"I:M:18,M:V:6,M:R:1,L:M:1",1,0.125,M,"M:4259,I:42,V:6,R:1,L:2,?:1"
GCF_000864105.1_noTerminalStopCodon.part_lcl__NC_007357.1_cds_YP_308664.1_1,PB2,polymerase,571,negative,0,1.399,-,0,"L:L:53,L:S:1",1,0.667,L,"L:4308,?:2,S:1"
GCF_000864105.1_noTerminalStopCodon.part_lcl__NC_007357.1_cds_YP_308664.1_1,PB2,polymerase,572,negative,0,1,-,0,Y:Y:17,1,0.667,Y,"Y:4310,?:1"
GCF_000864105.1_noTerminalStopCodon.part_lcl__NC_007357.1_cds_YP_308664.1_1,PB2,polymerase,573,negative,0.042,1.831,-,0,"N:N:31,N:S:1",1,0.667,N,"N:4305,S:3,?:3"
GCF_000864105.1_noTerminalStopCodon.part_lcl__NC_007357.1_cds_YP_308664.1_1,PB2,polymerase,574,negative,0.095,0.693,-,0.001,"K:K:18,K:R:5",1,0.667,K,"K:4274,R:36,?:1"
GCF_000864105.1_noTerminalStopCodon.part_lcl__NC_007357.1_cds_YP_308664.1_1,PB2,polymerase,575,neutral,0.233,0,-,0.737,"I:M:10,M:V:8",1,0.197,M,"M:4256,I:23,V:30,?:2"
GCF_000864105.1_noTerminalStopCodon.part_lcl__NC_007357.1_cds_YP_308664.1_1,PB2,polymerase,576,negative,0,1.276,-,0,E:E:29,1,0.667,E,"E:4309,?:2"
GCF_000864105.1_noTerminalStopCodon.part_lcl__NC_007357.1_cds_YP_308664.1_1,PB2,polymerase,577,negative,0,1.286,-,0,F:F:22,1,0.667,F,"F:4309,?:2"
GCF_000864105.1_noTerminalStopCodon.part_lcl__NC_007357.1_cds_YP_308664.1_1,PB2,polymerase,578,negative,0,0.872,-,0,E:E:21,1,0.667,E,"E:4309,?:2"
GCF_000864105.1_noTerminalStopCodon.part_lcl__NC_007357.1_cds_YP_308664.1_1,PB2,polymerase,579,negative,0.041,1.58,-,0,"P:P:39,P:S:1",1,0.667,P,"P:4302,?:4,S:5"
GCF_000864105.1_noTerminalStopCodon.part_lcl__NC_007357.1_cds_YP_308664.1_1,PB2,polymerase,580,negative,0,2.316,-,0,"F:F:38,F:L:1",1,0.667,F,"F:4307,?:3,L:1"
GCF_000864105.1_noTerminalStopCodon.part_lcl__NC_007357.1_cds_YP_308664.1_1,PB2,polymerase,581,negative,0,0.392,-,0.004,Q:Q:9,1,0.667,Q,"Q:4308,?:3"
GCF_000864105.1_noTerminalStopCodon.part_lcl__NC_007357.1_cds_YP_308664.1_1,PB2,polymerase,582,negative,0,0.812,-,0,"S:S:20,P:S:2,A:S:1",1,0.667,S,"S:4306,P:2,A:1,?:2"
GCF_000864105.1_noTerminalStopCodon.part_lcl__NC_007357.1_cds_YP_308664.1_1,PB2,polymerase,583,negative,0.072,0.718,-,0.001,"L:L:31,L:M:2",1,0.667,L,"L:4305,?:3,M:3"
GCF_000864105.1_noTerminalStopCodon.part_lcl__NC_007357.1_cds_YP_308664.1_1,PB2,polymerase,584,negative,0.13,0.998,-,0,"I:V:17,V:V:24,L:V:1,E:V:1",1,0.667,V,"V:4016,I:291,?:2,L:1,E:1"
GCF_000864105.1_noTerminalStopCodon.part_lcl__NC_007357.1_cds_YP_308664.1_1,PB2,polymerase,585,negative,0,1.012,-,0,"P:S:3,P:P:25,L:P:1",1,0.667,P,"P:4304,S:3,?:3,L:1"
GCF_000864105.1_noTerminalStopCodon.part_lcl__NC_007357.1_cds_YP_308664.1_1,PB2,polymerase,586,negative,0.047,1.772,-,0,"K:R:7,K:K:39",1,0.667,K,"K:4301,R:8,?:2"
GCF_000864105.1_noTerminalStopCodon.part_lcl__NC_007357.1_cds_YP_308664.1_1,PB2,polymerase,587,negative,0,0.526,-,0,"A:A:13,A:T:1,A:P:1,A:V:1",1,0.667,A,"A:4307,?:1,T:1,P:1,V:1"
GCF_000864105.1_noTerminalStopCodon.part_lcl__NC_007357.1_cds_YP_308664.1_1,PB2,polymerase,588,neutral,0.535,0.703,-,0.451,"A:A:15,A:S:8,A:T:16,A:V:16,I:T:4",1,0.616,A,"A:3977,S:38,T:258,V:27,?:2,I:9"
GCF_000864105.1_noTerminalStopCodon.part_lcl__NC_007357.1_cds_YP_308664.1_1,PB2,polymerase,589,negative,0.042,0.896,-,0,"R:R:21,K:R:2",1,0.667,R,"R:4306,?:1,K:4"
GCF_000864105.1_noTerminalStopCodon.part_lcl__NC_007357.1_cds_YP_308664.1_1,PB2,polymerase,590,negative,0.245,1.103,-,0,"G:G:27,G:S:12,N:S:1,C:G:5",1,0.354,G,"G:4201,S:98,N:1,?:2,C:9"
GCF_000864105.1_noTerminalStopCodon.part_lcl__NC_007357.1_cds_YP_308664.1_1,PB2,polymerase,591,negative,0.22,0.841,-,0.013,"K:Q:3,Q:Q:18,P:Q:1,L:Q:1,Q:R:1",1,0.033,Q,"Q:4295,K:6,P:1,?:2,L:2,R:5"
GCF_000864105.1_noTerminalStopCodon.part_lcl__NC_007357.1_cds_YP_308664.1_1,PB2,polymerase,592,negative,0,0.588,-,0,Y:Y:11,1,0.667,Y,"Y:4309,?:2"
GCF_000864105.1_noTerminalStopCodon.part_lcl__NC_007357.1_cds_YP_308664.1_1,PB2,polymerase,593,negative,0,0.797,-,0,S:S:14,1,0.667,S,"S:4309,?:2"
GCF_000864105.1_noTerminalStopCodon.part_lcl__NC_007357.1_cds_YP_308664.1_1,PB2,polymerase,594,negative,0,2.046,-,0,G:G:51,1,0.667,G,"G:4308,?:3"
GCF_000864105.1_noTerminalStopCodon.part_lcl__NC_007357.1_cds_YP_308664.1_1,PB2,polymerase,595,negative,0,1.041,-,0,"F:F:18,F:L:2,F:Y:1",1,0.667,F,"F:4305,L:2,?:3,Y:1"
GCF_000864105.1_noTerminalStopCodon.part_lcl__NC_007357.1_cds_YP_308664.1_1,PB2,polymerase,596,negative,0.044,1.337,-,0,"V:V:37,I:V:1,T:V:1",1,0.667,V,"V:4298,I:10,T:1,?:2"
GCF_000864105.1_noTerminalStopCodon.part_lcl__NC_007357.1_cds_YP_308664.1_1,PB2,polymerase,597,negative,0,1.087,-,0,R:R:28,1,0.667,R,"R:4307,?:4"
GCF_000864105.1_noTerminalStopCodon.part_lcl__NC_007357.1_cds_YP_308664.1_1,PB2,polymerase,598,negative,0.232,1.155,-,0,"A:T:3,T:T:27,M:T:3,M:V:1,V:V:1",1,0.667,T,"T:4286,A:9,M:12,V:2,?:2"
GCF_000864105.1_noTerminalStopCodon.part_lcl__NC_007357.1_cds_YP_308664.1_1,PB2,polymerase,599,negative,0,0.907,-,0,L:L:36,1,0.667,L,"L:4309,?:2"
GCF_000864105.1_noTerminalStopCodon.part_lcl__NC_007357.1_cds_YP_308664.1_1,PB2,polymerase,600,negative,0,1.37,-,0,"F:F:23,F:L:1,F:S:1",1,0.667,F,"F:4307,?:2,L:1,S:1"
GCF_000864105.1_noTerminalStopCodon.part_lcl__NC_007357.1_cds_YP_308664.1_1,PB2,polymerase,601,negative,0,0.763,-,0,Q:Q:18,1,0.667,Q,"Q:4310,?:1"
GCF_000864105.1_noTerminalStopCodon.part_lcl__NC_007357.1_cds_YP_308664.1_1,PB2,polymerase,602,negative,0,1.093,-,0,Q:Q:24,1,0.667,Q,"Q:4309,?:2"
GCF_000864105.1_noTerminalStopCodon.part_lcl__NC_007357.1_cds_YP_308664.1_1,PB2,polymerase,603,neutral,0.029,0.029,-,1,"M:T:2,I:M:2",1,0.665,M,"M:4305,?:1,T:2,I:3"
GCF_000864105.1_noTerminalStopCodon.part_lcl__NC_007357.1_cds_YP_308664.1_1,PB2,polymerase,604,negative,0,1.153,-,0,R:R:30,1,0.667,R,"R:4309,?:2"
GCF_000864105.1_noTerminalStopCodon.part_lcl__NC_007357.1_cds_YP_308664.1_1,PB2,polymerase,605,negative,0,1.158,-,0,D:D:20,1,0.667,D,"D:4310,?:1"
GCF_000864105.1_noTerminalStopCodon.part_lcl__NC_007357.1_cds_YP_308664.1_1,PB2,polymerase,606,negative,0.087,0.907,-,0,"V:V:25,I:V:2",1,0.667,V,"V:4306,?:1,I:4"
GCF_000864105.1_noTerminalStopCodon.part_lcl__NC_007357.1_cds_YP_308664.1_1,PB2,polymerase,607,negative,0.255,0.923,-,0.004,"L:L:34,I:L:4,L:R:1,R:W:1,L:V:2,L:M:1",1,0.021,L,"L:4291,?:2,I:11,R:1,W:1,V:4,M:1"
GCF_000864105.1_noTerminalStopCodon.part_lcl__NC_007357.1_cds_YP_308664.1_1,PB2,polymerase,608,negative,0,1.237,-,0,G:G:33,1,0.667,G,"G:4309,?:2"
GCF_000864105.1_noTerminalStopCodon.part_lcl__NC_007357.1_cds_YP_308664.1_1,PB2,polymerase,609,negative,0,0.52,-,0,T:T:13,1,0.667,T,"T:4309,?:2"
GCF_000864105.1_noTerminalStopCodon.part_lcl__NC_007357.1_cds_YP_308664.1_1,PB2,polymerase,610,neutral,0.042,0.223,-,0.092,"F:L:2,F:F:4",1,0.667,F,"F:4307,?:1,L:3"
GCF_000864105.1_noTerminalStopCodon.part_lcl__NC_007357.1_cds_YP_308664.1_1,PB2,polymerase,611,negative,0.041,0.994,-,0,"D:D:17,D:G:2,D:N:3,D:Y:1,D:E:1",1,0.667,D,"D:4300,G:2,N:3,?:2,Y:1,E:3"
GCF_000864105.1_noTerminalStopCodon.part_lcl__NC_007357.1_cds_YP_308664.1_1,PB2,polymerase,612,negative,0.039,1.004,-,0,"T:T:25,S:T:3,A:T:1",1,0.667,T,"T:4304,S:4,?:2,A:1"
GCF_000864105.1_noTerminalStopCodon.part_lcl__NC_007357.1_cds_YP_308664.1_1,PB2,polymerase,613,negative,0.264,1.424,-,0,"I:V:12,V:V:33,A:V:7,T:V:1",1,0.443,V,"V:4258,I:22,A:25,?:5,T:1"
GCF_000864105.1_noTerminalStopCodon.part_lcl__NC_007357.1_cds_YP_308664.1_1,PB2,polymerase,614,negative,0,1.645,-,0,"Q:Q:37,Q:R:1",1,0.667,Q,"Q:4307,?:3,R:1"
GCF_000864105.1_noTerminalStopCodon.part_lcl__NC_007357.1_cds_YP_308664.1_1,PB2,polymerase,615,neutral,0.131,0.583,-,0.07,"I:I:3,I:V:7,I:T:5,I:M:2",1,0.039,I,"I:4279,?:2,V:15,T:6,M:9"
GCF_000864105.1_noTerminalStopCodon.part_lcl__NC_007357.1_cds_YP_308664.1_1,PB2,polymerase,616,neutral,0.198,0.679,-,0.075,"I:M:4,I:V:7,I:I:3,V:V:1",1,0.289,I,"I:3965,M:6,V:338,?:2"
GCF_000864105.1_noTerminalStopCodon.part_lcl__NC_007357.1_cds_YP_308664.1_1,PB2,polymerase,617,negative,0,0.71,-,0,K:K:17,1,0.667,K,"K:4309,?:2"
GCF_000864105.1_noTerminalStopCodon.part_lcl__NC_007357.1_cds_YP_308664.1_1,PB2,polymerase,618,negative,0.059,0.65,-,0.001,"L:L:22,L:M:2,F:L:1",1,0.667,L,"L:4283,?:3,M:24,F:1"
GCF_000864105.1_noTerminalStopCodon.part_lcl__NC_007357.1_cds_YP_308664.1_1,PB2,polymerase,619,negative,0,1.257,-,0,"L:L:39,L:M:1,L:R:1,I:L:1",1,0.667,L,"L:4304,M:1,R:1,?:4,I:1"
GCF_000864105.1_noTerminalStopCodon.part_lcl__NC_007357.1_cds_YP_308664.1_1,PB2,polymerase,620,negative,0,1.097,-,0,P:P:26,1,0.667,P,"P:4307,?:4"
GCF_000864105.1_noTerminalStopCodon.part_lcl__NC_007357.1_cds_YP_308664.1_1,PB2,polymerase,621,negative,0,0.278,-,0.004,"F:F:5,F:L:1",1,0.667,F,"F:4306,?:4,L:1"
GCF_000864105.1_noTerminalStopCodon.part_lcl__NC_007357.1_cds_YP_308664.1_1,PB2,polymerase,622,negative,0.037,0.36,-,0.005,"A:A:9,A:T:2,A:V:1",1,0.667,A,"A:4297,T:10,?:3,V:1"
GCF_000864105.1_noTerminalStopCodon.part_lcl__NC_007357.1_cds_YP_308664.1_1,PB2,polymerase,623,negative,0,0.771,-,0,"A:A:19,A:T:2,A:S:1",1,0.667,A,"A:4305,T:2,S:1,?:3"
GCF_000864105.1_noTerminalStopCodon.part_lcl__NC_007357.1_cds_YP_308664.1_1,PB2,polymerase,624,negative,0,1.441,-,0,"A:A:34,A:P:1,A:S:1,A:T:1",1,0.667,A,"A:4305,P:1,?:3,S:1,T:1"
GCF_000864105.1_noTerminalStopCodon.part_lcl__NC_007357.1_cds_YP_308664.1_1,PB2,polymerase,625,negative,0,0.396,-,0,"P:P:10,P:T:1",1,0.667,P,"P:4307,?:3,T:1"
GCF_000864105.1_noTerminalStopCodon.part_lcl__NC_007357.1_cds_YP_308664.1_1,PB2,polymerase,626,negative,0,1.46,-,0,"P:P:38,A:P:1,P:Q:1",1,0.667,P,"P:4306,?:3,A:1,Q:1"
GCF_000864105.1_noTerminalStopCodon.part_lcl__NC_007357.1_cds_YP_308664.1_1,PB2,polymerase,627,negative,0.229,0.933,-,0.002,"E:K:9,E:E:19,K:K:1,E:V:1",1,0.264,E,"E:4241,K:66,?:3,V:1"
GCF_000864105.1_noTerminalStopCodon.part_lcl__NC_007357.1_cds_YP_308664.1_1,PB2,polymerase,628,negative,0.074,0.825,-,0.001,"Q:Q:19,L:Q:2,K:Q:2,P:Q:1,H:Q:2",1,0.667,Q,"Q:4298,?:4,L:2,K:2,P:1,H:4"
GCF_000864105.1_noTerminalStopCodon.part_lcl__NC_007357.1_cds_YP_308664.1_1,PB2,polymerase,629,negative,0,0.804,-,0,"S:S:14,N:S:5,C:S:1,R:S:1",1,0.667,S,"S:4299,N:5,C:1,?:5,R:1"
GCF_000864105.1_noTerminalStopCodon.part_lcl__NC_007357.1_cds_YP_308664.1_1,PB2,polymerase,630,negative,0,1.035,-,0,"R:R:25,K:R:8",1,0.667,R,"R:4300,?:3,K:8"
GCF_000864105.1_noTerminalStopCodon.part_lcl__NC_007357.1_cds_YP_308664.1_1,PB2,polymerase,631,negative,0.177,1.096,-,0.025,"M:V:6,I:M:3,L:M:6,L:L:3",1,0.069,M,"M:3510,V:13,I:3,L:782,?:3"
GCF_000864105.1_noTerminalStopCodon.part_lcl__NC_007357.1_cds_YP_308664.1_1,PB2,polymerase,632,negative,0,1.16,-,0,"Q:Q:27,E:Q:1",1,0.667,Q,"Q:4306,E:1,?:4"
GCF_000864105.1_noTerminalStopCodon.part_lcl__NC_007357.1_cds_YP_308664.1_1,PB2,polymerase,633,negative,0,0.525,-,0,"F:F:9,F:Y:1",1,0.667,F,"F:4306,?:4,Y:1"
GCF_000864105.1_noTerminalStopCodon.part_lcl__NC_007357.1_cds_YP_308664.1_1,PB2,polymerase,634,negative,0,0.723,-,0,"S:Y:1,S:S:18,S:T:1,F:S:4",1,0.667,S,"S:4301,Y:1,?:4,T:1,F:4"
GCF_000864105.1_noTerminalStopCodon.part_lcl__NC_007357.1_cds_YP_308664.1_1,PB2,polymerase,635,negative,0,1.069,-,0,"S:S:26,F:S:1",1,0.667,S,"S:4305,?:5,F:1"
GCF_000864105.1_noTerminalStopCodon.part_lcl__NC_007357.1_cds_YP_308664.1_1,PB2,polymerase,636,negative,0,0.851,-,0,"L:L:36,L:M:4",1,0.667,L,"L:4304,?:3,M:4"
GCF_000864105.1_noTerminalStopCodon.part_lcl__NC_007357.1_cds_YP_308664.1_1,PB2,polymerase,637,negative,0.155,0.48,-,0.036,"I:T:7,T:T:12,A:T:5,N:T:1",1,0.415,T,"T:4261,I:40,A:5,?:4,N:1"
GCF_000864105.1_noTerminalStopCodon.part_lcl__NC_007357.1_cds_YP_308664.1_1,PB2,polymerase,638,negative,0.087,1.041,-,0,"M:V:1,V:V:29,I:V:1,L:V:1",1,0.667,V,"V:4300,M:3,I:3,?:4,L:1"
GCF_000864105.1_noTerminalStopCodon.part_lcl__NC_007357.1_cds_YP_308664.1_1,PB2,polymerase,639,negative,0.128,1.174,-,0,"N:N:20,N:S:5",1,0.667,N,"N:4294,S:13,?:4"
GCF_000864105.1_noTerminalStopCodon.part_lcl__NC_007357.1_cds_YP_308664.1_1,PB2,polymerase,640,negative,0.043,1.612,-,0,"V:V:43,I:V:6,L:V:1,M:V:1",1,0.667,V,"V:4285,?:6,I:18,L:1,M:1"
GCF_000864105.1_noTerminalStopCodon.part_lcl__NC_007357.1_cds_YP_308664.1_1,PB2,polymerase,641,negative,0,1.149,-,0,"R:R:28,G:R:2,K:R:2,I:R:1",1,0.667,R,"R:4301,G:2,?:5,K:2,I:1"
GCF_000864105.1_noTerminalStopCodon.part_lcl__NC_007357.1_cds_YP_308664.1_1,PB2,polymerase,642,negative,0,1.799,-,0,"G:G:43,G:V:2",1,0.667,G,"G:4305,V:2,?:4"
GCF_000864105.1_noTerminalStopCodon.part_lcl__NC_007357.1_cds_YP_308664.1_1,PB2,polymerase,643,neutral,0.138,0.44,-,0.052,"S:S:11,S:T:4,A:S:2",1,0.271,S,"S:4291,T:13,A:3,?:4"
GCF_000864105.1_noTerminalStopCodon.part_lcl__NC_007357.1_cds_YP_308664.1_1,PB2,polymerase,644,negative,0,0.846,-,0,"G:G:21,G:R:1",1,0.667,G,"G:4306,?:4,R:1"
GCF_000864105.1_noTerminalStopCodon.part_lcl__NC_007357.1_cds_YP_308664.1_1,PB2,polymerase,645,neutral,0.057,0.006,-,0.951,"I:M:3,M:V:2,L:M:2",1,0.632,M,"M:4298,?:4,I:3,V:4,L:2"
GCF_000864105.1_noTerminalStopCodon.part_lcl__NC_007357.1_cds_YP_308664.1_1,PB2,polymerase,646,negative,0,0.874,-,0,"R:R:20,K:R:2",1,0.667,R,"R:4304,?:5,K:2"
GCF_000864105.1_noTerminalStopCodon.part_lcl__NC_007357.1_cds_YP_308664.1_1,PB2,polymerase,647,negative,0.132,0.974,-,0.004,"I:I:5,I:V:5,I:M:6,I:L:2",1,0.014,I,"I:4287,?:5,V:8,M:6,L:5"
GCF_000864105.1_noTerminalStopCodon.part_lcl__NC_007357.1_cds_YP_308664.1_1,PB2,polymerase,648,negative,0.275,0.969,-,0.003,"L:L:28,F:L:4,I:L:3,L:V:1,L:P:5,P:P:3,L:M:3",1,0.085,L,"L:4117,?:10,F:12,I:3,V:2,P:64,M:103"
GCF_000864105.1_noTerminalStopCodon.part_lcl__NC_007357.1_cds_YP_308664.1_1,PB2,polymerase,649,negative,0.433,0.957,-,0.031,"V:V:23,I:V:23,I:M:1,M:V:1",0.2416779909276494,0.301,V,"V:3411,I:893,?:5,M:2"
GCF_000864105.1_noTerminalStopCodon.part_lcl__NC_007357.1_cds_YP_308664.1_1,PB2,polymerase,650,negative,0,0.839,-,0,R:R:21,1,0.667,R,"R:4306,?:5"
GCF_000864105.1_noTerminalStopCodon.part_lcl__NC_007357.1_cds_YP_308664.1_1,PB2,polymerase,651,negative,0,0.907,-,0,G:G:21,1,0.667,G,"G:4307,?:4"
GCF_000864105.1_noTerminalStopCodon.part_lcl__NC_007357.1_cds_YP_308664.1_1,PB2,polymerase,652,negative,0.128,1.469,-,0,"N:N:25,N:S:6",1,0.667,N,"N:4296,S:9,?:6"
GCF_000864105.1_noTerminalStopCodon.part_lcl__NC_007357.1_cds_YP_308664.1_1,PB2,polymerase,653,negative,0,0.915,-,0,"S:S:22,F:S:1",1,0.667,S,"S:4304,?:6,F:1"
GCF_000864105.1_noTerminalStopCodon.part_lcl__NC_007357.1_cds_YP_308664.1_1,PB2,polymerase,654,negative,0.041,1.026,-,0,"P:P:25,P:S:5,H:P:1,P:Q:1",1,0.667,P,"P:4294,?:5,S:10,H:1,Q:1"
GCF_000864105.1_noTerminalStopCodon.part_lcl__NC_007357.1_cds_YP_308664.1_1,PB2,polymerase,655,negative,0.131,1.087,-,0,"V:V:31,L:V:1,A:V:3,M:V:2",1,0.667,V,"V:4283,?:6,L:4,A:16,M:2"
GCF_000864105.1_noTerminalStopCodon.part_lcl__NC_007357.1_cds_YP_308664.1_1,PB2,polymerase,656,negative,0,0.523,-,0,"F:F:9,F:S:1",1,0.667,F,"F:4304,?:6,S:1"
GCF_000864105.1_noTerminalStopCodon.part_lcl__NC_007357.1_cds_YP_308664.1_1,PB2,polymerase,657,negative,0,1.786,-,0,"N:N:30,I:N:1,K:N:1,N:S:2",1,0.667,N,"N:4296,?:11,I:1,K:1,S:2"
GCF_000864105.1_noTerminalStopCodon.part_lcl__NC_007357.1_cds_YP_308664.1_1,PB2,polymerase,658,negative,0.053,1.117,-,0,"Y:Y:18,H:Y:2,C:Y:1",1,0.667,Y,"Y:4298,?:8,H:4,C:1"
GCF_000864105.1_noTerminalStopCodon.part_lcl__NC_007357.1_cds_YP_308664.1_1,PB2,polymerase,659,negative,0.043,0.934,-,0,"N:N:16,H:N:1,N:S:4",1,0.667,N,"N:4294,H:1,?:4,S:12"
GCF_000864105.1_noTerminalStopCodon.part_lcl__NC_007357.1_cds_YP_308664.1_1,PB2,polymerase,660,negative,0.191,0.816,-,0.002,"K:R:16,K:K:20,K:N:1",1,0.638,K,"K:4277,R:27,?:6,N:1"
GCF_000864105.1_noTerminalStopCodon.part_lcl__NC_007357.1_cds_YP_308664.1_1,PB2,polymerase,661,negative,0.226,0.984,-,0,"A:A:23,A:T:15,A:V:6,A:S:2",1,0.649,A,"A:4252,T:44,?:6,V:7,S:2"
GCF_000864105.1_noTerminalStopCodon.part_lcl__NC_007357.1_cds_YP_308664.1_1,PB2,polymerase,662,negative,0.117,0.54,-,0.007,"A:T:3,T:T:13,I:T:4,N:T:3,N:S:1",1,0.654,T,"T:4002,A:7,?:5,I:4,N:292,S:1"
GCF_000864105.1_noTerminalStopCodon.part_lcl__NC_007357.1_cds_YP_308664.1_1,PB2,polymerase,663,negative,0.189,0.779,-,0.004,"K:N:2,K:K:19,K:Q:2,K:R:7,R:S:1",1,0.649,K,"K:4129,N:2,Q:2,R:172,?:5,S:1"
GCF_000864105.1_noTerminalStopCodon.part_lcl__NC_007357.1_cds_YP_308664.1_1,PB2,polymerase,664,negative,0,0.706,-,0,"R:R:20,K:R:2,R:W:1",1,0.667,R,"R:4303,?:5,K:2,W:1"
GCF_000864105.1_noTerminalStopCodon.part_lcl__NC_007357.1_cds_YP_308664.1_1,PB2,polymerase,665,negative,0.048,0.907,-,0,"L:L:22,I:L:1,F:L:1",1,0.667,L,"L:4302,?:5,I:1,F:3"
GCF_000864105.1_noTerminalStopCodon.part_lcl__NC_007357.1_cds_YP_308664.1_1,PB2,polymerase,666,negative,0.157,0.995,-,0,"T:T:22,A:T:6,A:A:2,I:T:4",1,0.667,T,"T:4144,?:5,A:72,I:90"
GCF_000864105.1_noTerminalStopCodon.part_lcl__NC_007357.1_cds_YP_308664.1_1,PB2,polymerase,667,negative,0.357,1.385,-,0,"V:V:29,I:V:22,I:I:4",1,0.642,V,"V:3903,I:400,?:8"
GCF_000864105.1_noTerminalStopCodon.part_lcl__NC_007357.1_cds_YP_308664.1_1,PB2,polymerase,668,negative,0.048,0.903,-,0,"L:L:22,I:L:5,H:L:1",1,0.667,L,"L:4293,?:7,I:10,H:1"
GCF_000864105.1_noTerminalStopCodon.part_lcl__NC_007357.1_cds_YP_308664.1_1,PB2,polymerase,669,negative,0.042,1.273,-,0,"G:G:33,G:V:1",1,0.667,G,"G:4300,?:9,V:2"
GCF_000864105.1_noTerminalStopCodon.part_lcl__NC_007357.1_cds_YP_308664.1_1,PB2,polymerase,670,negative,0.142,0.51,-,0.029,"K:K:13,K:R:6",1,0.055,K,"K:3922,?:8,R:381"
GCF_000864105.1_noTerminalStopCodon.part_lcl__NC_007357.1_cds_YP_308664.1_1,PB2,polymerase,671,negative,0,0.98,-,0,"D:D:17,D:N:2,A:D:1,D:G:1",1,0.667,D,"D:4299,?:8,N:2,A:1,G:1"
GCF_000864105.1_noTerminalStopCodon.part_lcl__NC_007357.1_cds_YP_308664.1_1,PB2,polymerase,672,negative,0,0.783,-,0,A:A:19,1,0.667,A,"A:4303,?:8"
GCF_000864105.1_noTerminalStopCodon.part_lcl__NC_007357.1_cds_YP_308664.1_1,PB2,polymerase,673,negative,0,0.717,-,0,"G:G:18,G:S:1",1,0.667,G,"G:4303,?:7,S:1"
GCF_000864105.1_noTerminalStopCodon.part_lcl__NC_007357.1_cds_YP_308664.1_1,PB2,polymerase,674,negative,0.037,0.7,-,0,"A:A:16,A:S:5,A:V:3,A:T:2,A:E:1",1,0.667,A,"A:4287,S:8,V:3,?:10,T:2,E:1"
GCF_000864105.1_noTerminalStopCodon.part_lcl__NC_007357.1_cds_YP_308664.1_1,PB2,polymerase,675,negative,0,1.285,-,0,"L:L:49,K:L:1,L:M:1,L:V:1",1,0.667,L,"L:4302,?:6,K:1,M:1,V:1"
GCF_000864105.1_noTerminalStopCodon.part_lcl__NC_007357.1_cds_YP_308664.1_1,PB2,polymerase,676,negative,0.464,1.286,-,0.002,"T:T:26,L:T:1,A:T:14,I:T:12,I:M:1,M:T:1,Q:T:1,S:T:1,I:L:1,A:D:1,A:P:1,A:A:2,A:V:2",1,0.041,T,"T:3468,L:4,A:750,?:11,M:27,I:26,Q:1,S:1,D:1,P:1,V:21"
GCF_000864105.1_noTerminalStopCodon.part_lcl__NC_007357.1_cds_YP_308664.1_1,PB2,polymerase,677,neutral,0.228,0.56,-,0.079,"E:G:13,E:K:8,E:E:11,G:G:1,A:E:1",1,0.056,E,"E:4248,G:38,?:13,K:11,A:1"
GCF_000864105.1_noTerminalStopCodon.part_lcl__NC_007357.1_cds_YP_308664.1_1,PB2,polymerase,678,negative,0.249,2.319,-,0,"D:N:4,D:D:38,D:F:1,D:G:2,D:Y:3,N:S:1,D:E:2,A:D:1",1,0.055,D,"D:4131,N:157,F:3,?:7,G:2,Y:3,S:1,E:6,A:1"
GCF_000864105.1_noTerminalStopCodon.part_lcl__NC_007357.1_cds_YP_308664.1_1,PB2,polymerase,679,negative,0.247,0.682,-,0.023,"P:S:6,P:P:17,L:P:1,I:L:1,P:T:2,P:Q:3",1,0.198,P,"P:4247,S:7,?:7,L:34,I:2,T:8,Q:6"
GCF_000864105.1_noTerminalStopCodon.part_lcl__NC_007357.1_cds_YP_308664.1_1,PB2,polymerase,680,negative,0.206,1.319,-,0,"D:E:4,D:D:22,D:G:5,D:N:11,D:Y:1",1,0.244,D,"D:4171,E:4,?:9,G:96,N:30,Y:1"
GCF_000864105.1_noTerminalStopCodon.part_lcl__NC_007357.1_cds_YP_308664.1_1,PB2,polymerase,681,negative,0.046,0.8,-,0,"E:E:19,D:E:2,E:G:1,E:V:1",1,0.667,E,"E:4298,?:8,D:3,G:1,V:1"
GCF_000864105.1_noTerminalStopCodon.part_lcl__NC_007357.1_cds_YP_308664.1_1,PB2,polymerase,682,negative,0.083,1.309,-,0,"G:G:31,D:G:2,E:G:2,G:S:5,C:G:2",1,0.667,G,"G:4292,D:2,?:6,E:2,S:7,C:2"
GCF_000864105.1_noTerminalStopCodon.part_lcl__NC_007357.1_cds_YP_308664.1_1,PB2,polymerase,683,negative,0.195,0.523,-,0.048,"A:T:8,K:T:5,T:T:13,S:T:1,I:T:3",1,0.33,T,"T:4196,A:71,?:9,K:31,S:1,I:3"
GCF_000864105.1_noTerminalStopCodon.part_lcl__NC_007357.1_cds_YP_308664.1_1,PB2,polymerase,684,neutral,0.378,0.737,-,0.086,"A:T:19,A:V:4,A:D:2,A:A:17,A:E:2,A:S:7,N:T:1",1,0.01,A,"A:4225,T:56,V:5,D:2,E:2,?:7,S:13,N:1"
GCF_000864105.1_noTerminalStopCodon.part_lcl__NC_007357.1_cds_YP_308664.1_1,PB2,polymerase,685,negative,0.042,0.856,-,0,"G:R:4,G:G:21",1,0.667,G,"G:4290,R:15,?:6"
GCF_000864105.1_noTerminalStopCodon.part_lcl__NC_007357.1_cds_YP_308664.1_1,PB2,polymerase,686,negative,0,1.077,-,0,"V:V:30,M:V:1",1,0.667,V,"V:4304,?:6,M:1"
GCF_000864105.1_noTerminalStopCodon.part_lcl__NC_007357.1_cds_YP_308664.1_1,PB2,polymerase,687,negative,0,0.744,-,0,E:E:17,1,0.667,E,"E:4303,?:8"
GCF_000864105.1_noTerminalStopCodon.part_lcl__NC_007357.1_cds_YP_308664.1_1,PB2,polymerase,688,negative,0,0.671,-,0,S:S:17,1,0.667,S,"S:4304,?:7"
GCF_000864105.1_noTerminalStopCodon.part_lcl__NC_007357.1_cds_YP_308664.1_1,PB2,polymerase,689,negative,0,1.231,-,0,A:A:31,1,0.667,A,"A:4300,?:11"
GCF_000864105.1_noTerminalStopCodon.part_lcl__NC_007357.1_cds_YP_308664.1_1,PB2,polymerase,690,negative,0,1.021,-,0,"V:V:25,I:V:1",1,0.667,V,"V:4301,?:9,I:1"
GCF_000864105.1_noTerminalStopCodon.part_lcl__NC_007357.1_cds_YP_308664.1_1,PB2,polymerase,691,negative,0.074,1.34,-,0,"L:L:51,F:L:2",1,0.667,L,"L:4299,?:9,F:3"
GCF_000864105.1_noTerminalStopCodon.part_lcl__NC_007357.1_cds_YP_308664.1_1,PB2,polymerase,692,negative,0,0.833,-,0,R:R:21,1,0.667,R,"R:4303,?:8"
GCF_000864105.1_noTerminalStopCodon.part_lcl__NC_007357.1_cds_YP_308664.1_1,PB2,polymerase,693,negative,0,1.756,-,0,G:G:43,1,0.667,G,"G:4302,?:9"
GCF_000864105.1_noTerminalStopCodon.part_lcl__NC_007357.1_cds_YP_308664.1_1,PB2,polymerase,694,negative,0,1.297,-,0,"F:F:22,F:L:1",1,0.667,F,"F:4298,?:12,L:1"
GCF_000864105.1_noTerminalStopCodon.part_lcl__NC_007357.1_cds_YP_308664.1_1,PB2,polymerase,695,negative,0,0.368,-,0.002,L:L:12,1,0.667,L,"L:4297,?:14"
GCF_000864105.1_noTerminalStopCodon.part_lcl__NC_007357.1_cds_YP_308664.1_1,PB2,polymerase,696,negative,0.084,0.664,-,0.001,"I:I:14,I:V:3",1,0.667,I,"I:4288,?:15,V:8"
GCF_000864105.1_noTerminalStopCodon.part_lcl__NC_007357.1_cds_YP_308664.1_1,PB2,polymerase,697,negative,0.225,0.78,-,0.019,"L:L:30,I:L:3,L:M:1",1,0.164,L,"L:4285,?:18,I:5,M:3"
GCF_000864105.1_noTerminalStopCodon.part_lcl__NC_007357.1_cds_YP_308664.1_1,PB2,polymerase,698,negative,0,0.785,-,0,"G:G:19,G:S:2",1,0.667,G,"G:4289,?:20,S:2"
GCF_000864105.1_noTerminalStopCodon.part_lcl__NC_007357.1_cds_YP_308664.1_1,PB2,polymerase,699,negative,0.046,0.846,-,0,"K:R:5,K:K:18,K:N:1",1,0.667,K,"K:4273,R:16,?:21,N:1"
GCF_000864105.1_noTerminalStopCodon.part_lcl__NC_007357.1_cds_YP_308664.1_1,PB2,polymerase,700,negative,0,1.16,-,0,E:E:25,1,0.667,E,"E:4292,?:19"
GCF_000864105.1_noTerminalStopCodon.part_lcl__NC_007357.1_cds_YP_308664.1_1,PB2,polymerase,701,negative,0.082,0.461,-,0.013,"D:N:5,D:D:8,D:E:2",1,0.667,D,"D:4276,N:13,?:20,E:2"
GCF_000864105.1_noTerminalStopCodon.part_lcl__NC_007357.1_cds_YP_308664.1_1,PB2,polymerase,702,neutral,0.405,0.665,-,0.246,"K:R:12,K:K:13,K:N:1,M:R:1",1,0.667,K,"K:4168,R:120,?:20,N:1,M:2"
GCF_000864105.1_noTerminalStopCodon.part_lcl__NC_007357.1_cds_YP_308664.1_1,PB2,polymerase,703,negative,0,1.152,-,0,"R:R:24,G:R:1",1,0.667,R,"R:4288,?:22,G:1"
GCF_000864105.1_noTerminalStopCodon.part_lcl__NC_007357.1_cds_YP_308664.1_1,PB2,polymerase,704,negative,0.053,0.848,-,0,"Y:Y:15,C:Y:1,F:Y:2",1,0.667,Y,"Y:4287,?:20,C:1,F:3"
GCF_000864105.1_noTerminalStopCodon.part_lcl__NC_007357.1_cds_YP_308664.1_1,PB2,polymerase,705,negative,0,1.305,-,0,G:G:31,1,0.667,G,"G:4290,?:21"
GCF_000864105.1_noTerminalStopCodon.part_lcl__NC_007357.1_cds_YP_308664.1_1,PB2,polymerase,706,negative,0,0.437,-,0,"P:P:11,P:Q:1",1,0.667,P,"P:4290,?:20,Q:1"
GCF_000864105.1_noTerminalStopCodon.part_lcl__NC_007357.1_cds_YP_308664.1_1,PB2,polymerase,707,negative,0,0.642,-,0,"A:A:16,A:S:2,A:T:1",1,0.667,A,"A:4288,?:20,S:2,T:1"
GCF_000864105.1_noTerminalStopCodon.part_lcl__NC_007357.1_cds_YP_308664.1_1,PB2,polymerase,708,negative,0,1.116,-,0,"L:L:47,L:W:1,L:M:1",1,0.667,L,"L:4287,?:22,W:1,M:1"
GCF_000864105.1_noTerminalStopCodon.part_lcl__NC_007357.1_cds_YP_308664.1_1,PB2,polymerase,709,negative,0.037,0.352,-,0.011,"N:S:5,R:S:1,S:S:6,G:S:3,I:S:1",1,0.667,S,"S:4276,N:9,?:21,R:1,G:3,I:1"
GCF_000864105.1_noTerminalStopCodon.part_lcl__NC_007357.1_cds_YP_308664.1_1,PB2,polymerase,710,negative,0,0.554,-,0,"I:I:13,I:V:2,I:T:1",1,0.667,I,"I:4287,V:2,?:21,T:1"
GCF_000864105.1_noTerminalStopCodon.part_lcl__NC_007357.1_cds_YP_308664.1_1,PB2,polymerase,711,negative,0.35,1.594,-,0,"N:N:27,N:S:14,D:N:4",1,0.328,N,"N:4199,S:86,?:21,D:5"
GCF_000864105.1_noTerminalStopCodon.part_lcl__NC_007357.1_cds_YP_308664.1_1,PB2,polymerase,712,negative,0,1.45,-,0,E:E:31,1,0.667,E,"E:4290,?:21"
GCF_000864105.1_noTerminalStopCodon.part_lcl__NC_007357.1_cds_YP_308664.1_1,PB2,polymerase,713,negative,0,0.873,-,0,"L:L:39,L:M:3",1,0.667,L,"L:4288,?:20,M:3"
GCF_000864105.1_noTerminalStopCodon.part_lcl__NC_007357.1_cds_YP_308664.1_1,PB2,polymerase,714,negative,0.038,0.697,-,0,"S:S:12,G:S:3,N:S:1",1,0.667,S,"S:4286,?:20,G:4,N:1"
GCF_000864105.1_noTerminalStopCodon.part_lcl__NC_007357.1_cds_YP_308664.1_1,PB2,polymerase,715,negative,0.372,0.913,-,0.032,"D:N:2,K:N:2,N:S:18,N:N:14,S:S:2,I:N:1,H:N:3,N:Y:1,N:T:1",1,0.667,N,"N:3937,D:2,K:5,?:19,S:332,I:1,H:13,Y:1,T:1"
GCF_000864105.1_noTerminalStopCodon.part_lcl__NC_007357.1_cds_YP_308664.1_1,PB2,polymerase,716,negative,0,0.255,-,0.013,"L:L:5,F:L:1,I:L:1",1,0.667,L,"L:4290,?:19,F:1,I:1"
GCF_000864105.1_noTerminalStopCodon.part_lcl__NC_007357.1_cds_YP_308664.1_1,PB2,polymerase,717,negative,0.226,1.453,-,0,"A:T:12,A:A:35,A:V:5,T:T:1",1,0.054,A,"A:4222,T:43,?:21,V:25"
GCF_000864105.1_noTerminalStopCodon.part_lcl__NC_007357.1_cds_YP_308664.1_1,PB2,polymerase,718,negative,0.094,1.204,-,0,"K:K:25,K:T:1,K:R:10",1,0.667,K,"K:4275,?:23,T:1,R:12"
GCF_000864105.1_noTerminalStopCodon.part_lcl__NC_007357.1_cds_YP_308664.1_1,PB2,polymerase,719,negative,0,0.833,-,0,"G:G:23,G:R:1",1,0.667,G,"G:4291,?:19,R:1"
GCF_000864105.1_noTerminalStopCodon.part_lcl__NC_007357.1_cds_YP_308664.1_1,PB2,polymerase,720,negative,0,0.441,-,0,E:E:11,1,0.667,E,"E:4292,?:19"
GCF_000864105.1_noTerminalStopCodon.part_lcl__NC_007357.1_cds_YP_308664.1_1,PB2,polymerase,721,negative,0,0.753,-,0,"K:K:18,K:N:1",1,0.667,K,"K:4291,N:1,?:19"
GCF_000864105.1_noTerminalStopCodon.part_lcl__NC_007357.1_cds_YP_308664.1_1,PB2,polymerase,722,negative,0,0.313,-,0.001,"A:P:1,A:A:8,A:V:2",1,0.667,A,"A:4289,P:1,?:19,V:2"
GCF_000864105.1_noTerminalStopCodon.part_lcl__NC_007357.1_cds_YP_308664.1_1,PB2,polymerase,723,negative,0,0.731,-,0,"N:N:13,K:N:1",1,0.667,N,"N:4288,?:22,K:1"
GCF_000864105.1_noTerminalStopCodon.part_lcl__NC_007357.1_cds_YP_308664.1_1,PB2,polymerase,724,negative,0,0.891,-,0,"V:V:25,G:V:2",1,0.667,V,"V:4287,?:22,G:2"
GCF_000864105.1_noTerminalStopCodon.part_lcl__NC_007357.1_cds_YP_308664.1_1,PB2,polymerase,725,negative,0,1.069,-,0,"L:L:41,L:M:1,I:L:2",1,0.667,L,"L:4288,?:20,M:1,I:2"
GCF_000864105.1_noTerminalStopCodon.part_lcl__NC_007357.1_cds_YP_308664.1_1,PB2,polymerase,726,negative,0,1.003,-,0,"I:I:11,I:V:2",1,0.667,I,"I:4286,V:2,?:23"
GCF_000864105.1_noTerminalStopCodon.part_lcl__NC_007357.1_cds_YP_308664.1_1,PB2,polymerase,727,negative,0,0.931,-,0,"G:G:27,G:R:4",1,0.667,G,"G:4282,?:25,R:4"
GCF_000864105.1_noTerminalStopCodon.part_lcl__NC_007357.1_cds_YP_308664.1_1,PB2,polymerase,728,negative,0,0.244,-,0.023,"Q:Q:5,P:Q:1,K:Q:1",1,0.667,Q,"Q:4287,?:22,P:1,K:1"
GCF_000864105.1_noTerminalStopCodon.part_lcl__NC_007357.1_cds_YP_308664.1_1,PB2,polymerase,729,negative,0,0.438,-,0,G:G:11,1,0.667,G,"G:4290,?:21"
GCF_000864105.1_noTerminalStopCodon.part_lcl__NC_007357.1_cds_YP_308664.1_1,PB2,polymerase,730,negative,0,0.52,-,0,"D:N:1,D:D:9",1,0.667,D,"D:4289,N:1,?:21"
GCF_000864105.1_noTerminalStopCodon.part_lcl__NC_007357.1_cds_YP_308664.1_1,PB2,polymerase,731,negative,0.043,1.492,-,0,"V:V:40,G:V:1,M:V:3,L:V:2,I:V:2,L:M:1",1,0.667,V,"V:4115,?:26,G:1,M:164,L:3,I:2"
GCF_000864105.1_noTerminalStopCodon.part_lcl__NC_007357.1_cds_YP_308664.1_1,PB2,polymerase,732,negative,0,0.132,-,0.033,"V:V:4,A:V:1",1,0.667,V,"V:4289,?:21,A:1"
GCF_000864105.1_noTerminalStopCodon.part_lcl__NC_007357.1_cds_YP_308664.1_1,PB2,polymerase,733,negative,0,0.235,-,0.017,"L:L:9,L:V:1",1,0.667,L,"L:4288,?:22,V:1"
GCF_000864105.1_noTerminalStopCodon.part_lcl__NC_007357.1_cds_YP_308664.1_1,PB2,polymerase,734,negative,0,1.021,-,0,"V:V:26,I:V:1",1,0.667,V,"V:4287,?:23,I:1"
GCF_000864105.1_noTerminalStopCodon.part_lcl__NC_007357.1_cds_YP_308664.1_1,PB2,polymerase,735,neutral,0,0.031,-,1,"M:T:1,I:M:1,L:M:1,K:M:2",1,0.667,M,"M:4283,?:23,T:1,I:1,L:1,K:2"
GCF_000864105.1_noTerminalStopCodon.part_lcl__NC_007357.1_cds_YP_308664.1_1,PB2,polymerase,736,neutral,0,0,-,1,K:R:2,1,0.667,K,"K:4281,?:28,R:2"
GCF_000864105.1_noTerminalStopCodon.part_lcl__NC_007357.1_cds_YP_308664.1_1,PB2,polymerase,737,negative,0,0.736,-,0,"R:R:26,L:R:1",1,0.667,R,"R:4282,?:28,L:1"
GCF_000864105.1_noTerminalStopCodon.part_lcl__NC_007357.1_cds_YP_308664.1_1,PB2,polymerase,738,negative,0,0.447,-,0,"K:K:9,K:R:1",1,0.667,K,"K:4283,?:27,R:1"
GCF_000864105.1_noTerminalStopCodon.part_lcl__NC_007357.1_cds_YP_308664.1_1,PB2,polymerase,739,negative,0,0.5,-,0,R:R:18,1,0.667,R,"R:4282,?:29"
GCF_000864105.1_noTerminalStopCodon.part_lcl__NC_007357.1_cds_YP_308664.1_1,PB2,polymerase,740,neutral,0.124,0.114,-,0.93,"D:D:2,D:N:9,D:G:2,D:E:1",1,0.62,D,"D:4254,N:24,?:30,G:2,E:1"
GCF_000864105.1_noTerminalStopCodon.part_lcl__NC_007357.1_cds_YP_308664.1_1,PB2,polymerase,741,negative,0,0.472,-,0,"S:S:12,F:S:3",1,0.667,S,"S:4280,?:28,F:3"
GCF_000864105.1_noTerminalStopCodon.part_lcl__NC_007357.1_cds_YP_308664.1_1,PB2,polymerase,742,negative,0,0.461,-,0,S:S:8,1,0.667,S,"S:4283,?:28"
GCF_000864105.1_noTerminalStopCodon.part_lcl__NC_007357.1_cds_YP_308664.1_1,PB2,polymerase,743,neutral,0,0,-,1,I:V:1,1,0.667,I,"I:4253,?:57,V:1"
GCF_000864105.1_noTerminalStopCodon.part_lcl__NC_007357.1_cds_YP_308664.1_1,PB2,polymerase,744,neutral,0,0,-,1,"F:L:1,C:L:1",1,0.667,L,"L:4252,?:57,F:1,C:1"
GCF_000864105.1_noTerminalStopCodon.part_lcl__NC_007357.1_cds_YP_308664.1_1,PB2,polymerase,745,negative,0.039,0.357,-,0.006,"T:T:8,I:T:3,A:T:1",1,0.667,T,"T:4241,?:65,I:4,A:1"
GCF_000864105.1_noTerminalStopCodon.part_lcl__NC_007357.1_cds_YP_308664.1_1,PB2,polymerase,746,negative,0,0.232,-,0.008,"D:D:4,D:Y:1",1,0.667,D,"D:4243,?:67,Y:1"
GCF_000864105.1_noTerminalStopCodon.part_lcl__NC_007357.1_cds_YP_308664.1_1,PB2,polymerase,747,negative,0,0.705,-,0,"S:S:12,N:S:1",1,0.667,S,"S:4241,?:69,N:1"
GCF_000864105.1_noTerminalStopCodon.part_lcl__NC_007357.1_cds_YP_308664.1_1,PB2,polymerase,748,neutral,0,0,-,1,NA,1,1,Q,"Q:4242,?:69"
GCF_000864105.1_noTerminalStopCodon.part_lcl__NC_007357.1_cds_YP_308664.1_1,PB2,polymerase,749,neutral,0,0,-,1,A:T:1,1,0.667,T,"T:4239,?:71,A:1"
GCF_000864105.1_noTerminalStopCodon.part_lcl__NC_007357.1_cds_YP_308664.1_1,PB2,polymerase,750,neutral,0,0.067,-,0.11,A:A:2,1,0.667,A,"A:4238,?:73"
GCF_000864105.1_noTerminalStopCodon.part_lcl__NC_007357.1_cds_YP_308664.1_1,PB2,polymerase,751,neutral,0,0.082,-,0.089,"T:T:2,A:T:1",1,0.667,T,"T:4237,?:73,A:1"
GCF_000864105.1_noTerminalStopCodon.part_lcl__NC_007357.1_cds_YP_308664.1_1,PB2,polymerase,752,neutral,0,0,-,1,K:T:1,1,0.667,K,"K:4228,?:82,T:1"
GCF_000864105.1_noTerminalStopCodon.part_lcl__NC_007357.1_cds_YP_308664.1_1,PB2,polymerase,753,negative,0,1.978,-,0,"R:R:43,R:S:1",1,0.667,R,"R:4218,?:92,S:1"
GCF_000864105.1_noTerminalStopCodon.part_lcl__NC_007357.1_cds_YP_308664.1_1,PB2,polymerase,754,negative,0.042,0.288,-,0.032,"I:I:6,I:L:1,I:V:1,F:I:1",1,0.667,I,"I:4192,?:115,L:1,V:2,F:1"
GCF_000864105.1_noTerminalStopCodon.part_lcl__NC_007357.1_cds_YP_308664.1_1,PB2,polymerase,755,negative,0,0.66,-,0,R:R:23,1,0.667,R,"R:4195,?:116"
GCF_000864105.1_noTerminalStopCodon.part_lcl__NC_007357.1_cds_YP_308664.1_1,PB2,polymerase,756,negative,0.029,73.938,-,0.005,"D:M:1,M:R:1,M:V:1",1,0.667,M,"M:4187,?:120,D:1,R:2,V:1"
GCF_000864105.1_noTerminalStopCodon.part_lcl__NC_007357.1_cds_YP_308664.1_1,PB2,polymerase,757,neutral,0.038,0,-,0.256,"A:G:1,A:V:1",1,0.258,A,"A:4184,?:122,G:1,V:4"
GCF_000864105.1_noTerminalStopCodon.part_lcl__NC_007357.1_cds_YP_308664.1_1,PB2,polymerase,758,neutral,0.137,0.345,-,0.149,"I:I:8,I:T:10",1,0.606,I,"I:4148,T:18,?:145"
GCF_000864105.1_noTerminalStopCodon.part_lcl__NC_007357.1_cds_YP_308664.1_1,PB2,polymerase,759,neutral,0.094,0.39,-,0.059,"N:N:4,D:N:1,I:N:3,N:Y:2,N:S:1,K:N:2",1,0,N,"N:4153,?:147,D:2,I:4,Y:2,S:1,K:2"
GCF_000864105.1_noTerminalStopCodon.part_lcl__NC_007358.1_cds_YP_308665.1_2,PB1,polymerase,1,neutral,0,0,-,1,NA,1,1,M,"M:4044,?:146"
GCF_000864105.1_noTerminalStopCodon.part_lcl__NC_007358.1_cds_YP_308665.1_2,PB1,polymerase,2,negative,0.044,0.467,-,0.004,"?:D:104,D:E:1,D:G:2,D:N:2,D:D:8,D:V:1,D:H:2,D:Y:1",1,0.667,D,"D:4040,?:138,E:1,G:2,N:2,V:1,H:2,Y:4"
GCF_000864105.1_noTerminalStopCodon.part_lcl__NC_007358.1_cds_YP_308665.1_2,PB1,polymerase,3,neutral,0,0.082,-,0.111,"V:V:2,?:V:99",1,0.667,V,"V:4057,?:133"
GCF_000864105.1_noTerminalStopCodon.part_lcl__NC_007358.1_cds_YP_308665.1_2,PB1,polymerase,4,negative,0.058,2.557,-,0,"?:N:96,N:N:40,K:N:2,N:S:1,H:N:1,N:V:1,N:T:1",1,0.667,N,"N:4054,?:129,K:2,S:1,H:1,V:1,T:2"
GCF_000864105.1_noTerminalStopCodon.part_lcl__NC_007358.1_cds_YP_308665.1_2,PB1,polymerase,5,negative,0,0.231,-,0.007,"?:P:90,P:P:7",1,0.667,P,"P:4066,?:124"
GCF_000864105.1_noTerminalStopCodon.part_lcl__NC_007358.1_cds_YP_308665.1_2,PB1,polymerase,6,negative,0.049,1.137,-,0,"?:T:87,T:T:26,I:T:3,D:T:1",1,0.667,T,"T:4064,?:121,I:4,D:1"
GCF_000864105.1_noTerminalStopCodon.part_lcl__NC_007358.1_cds_YP_308665.1_2,PB1,polymerase,7,negative,0.085,0.987,-,0,"?:L:86,L:L:31,F:L:2",1,0.667,L,"L:4065,?:121,F:4"
GCF_000864105.1_noTerminalStopCodon.part_lcl__NC_007358.1_cds_YP_308665.1_2,PB1,polymerase,8,negative,0,0.753,-,0,"?:L:77,L:L:18,F:L:1",1,0.667,L,"L:4086,?:103,F:1"
GCF_000864105.1_noTerminalStopCodon.part_lcl__NC_007358.1_cds_YP_308665.1_2,PB1,polymerase,9,negative,0.05,0.335,-,0.033,"?:F:70,F:L:2,F:F:6",1,0.667,F,"F:4093,?:94,L:3"
GCF_000864105.1_noTerminalStopCodon.part_lcl__NC_007358.1_cds_YP_308665.1_2,PB1,polymerase,10,negative,0,1.064,-,0,"L:L:38,?:L:13,L:V:2,L:S:1",1,0.667,L,"L:4094,?:93,V:2,S:1"
GCF_000864105.1_noTerminalStopCodon.part_lcl__NC_007358.1_cds_YP_308665.1_2,PB1,polymerase,11,negative,0,0.871,-,0,"?:K:66,K:K:16,K:R:3,E:K:1,I:K:1",1,0.667,K,"K:4094,?:91,R:3,E:1,I:1"
GCF_000864105.1_noTerminalStopCodon.part_lcl__NC_007358.1_cds_YP_308665.1_2,PB1,polymerase,12,negative,0.048,1.402,-,0,"V:V:35,?:V:30,I:V:3,E:V:2,L:V:1,A:V:1",1,0.667,V,"V:4093,?:85,I:8,E:2,L:1,A:1"
GCF_000864105.1_noTerminalStopCodon.part_lcl__NC_007358.1_cds_YP_308665.1_2,PB1,polymerase,13,negative,0.095,0.716,-,0.001,"?:P:56,P:S:3,P:P:17",1,0.667,P,"P:4104,?:81,S:5"
GCF_000864105.1_noTerminalStopCodon.part_lcl__NC_007358.1_cds_YP_308665.1_2,PB1,polymerase,14,negative,0.299,0.774,-,0.019,"A:A:22,A:V:29,?:A:23,A:T:1,V:V:1,A:R:1",1,0.627,A,"A:3527,?:82,V:579,T:1,R:1"
GCF_000864105.1_noTerminalStopCodon.part_lcl__NC_007358.1_cds_YP_308665.1_2,PB1,polymerase,15,negative,0,1.071,-,0,"Q:Q:20,?:Q:55,H:Q:2",1,0.667,Q,"Q:4110,?:78,H:2"
GCF_000864105.1_noTerminalStopCodon.part_lcl__NC_007358.1_cds_YP_308665.1_2,PB1,polymerase,16,neutral,0.152,0.173,-,0.874,"D:N:7,?:N:50,N:S:2,N:N:3,D:Y:1,?:D:1",1,0.649,N,"D:326,N:3787,?:73,S:3,Y:1"
GCF_000864105.1_noTerminalStopCodon.part_lcl__NC_007358.1_cds_YP_308665.1_2,PB1,polymerase,17,negative,0,1.09,-,0,"?:A:69,A:A:26,A:V:2,A:G:1",1,0.667,A,"A:4115,?:72,V:2,G:1"
GCF_000864105.1_noTerminalStopCodon.part_lcl__NC_007358.1_cds_YP_308665.1_2,PB1,polymerase,18,neutral,0.077,0.187,-,0.5,"?:I:27,I:V:3,I:I:1,I:R:1",1,0.649,I,"I:4149,?:29,V:11,R:1"
GCF_000864105.1_noTerminalStopCodon.part_lcl__NC_007358.1_cds_YP_308665.1_2,PB1,polymerase,19,negative,0,1.57,-,0,"?:S:27,S:S:27,C:S:1,G:S:1",1,0.667,S,"S:4158,?:30,C:1,G:1"
GCF_000864105.1_noTerminalStopCodon.part_lcl__NC_007358.1_cds_YP_308665.1_2,PB1,polymerase,20,negative,0.145,1.162,-,0,"T:T:25,?:T:27,I:T:5,A:T:2,I:I:2",1,0.667,T,"T:4147,?:29,I:11,A:3"
GCF_000864105.1_noTerminalStopCodon.part_lcl__NC_007358.1_cds_YP_308665.1_2,PB1,polymerase,21,negative,0,0.916,-,0,"?:T:25,T:T:22",1,0.667,T,"T:4161,?:29"
GCF_000864105.1_noTerminalStopCodon.part_lcl__NC_007358.1_cds_YP_308665.1_2,PB1,polymerase,22,negative,0,0.894,-,0,"?:F:23,F:F:16",1,0.667,F,"F:4165,?:25"
GCF_000864105.1_noTerminalStopCodon.part_lcl__NC_007358.1_cds_YP_308665.1_2,PB1,polymerase,23,negative,0,1.179,-,0,"P:P:30,L:P:1,?:P:21",1,0.667,P,"P:4166,L:1,?:23"
GCF_000864105.1_noTerminalStopCodon.part_lcl__NC_007358.1_cds_YP_308665.1_2,PB1,polymerase,24,negative,0,2.045,-,0,"Y:Y:34,?:Y:21",1,0.667,Y,"Y:4167,?:23"
GCF_000864105.1_noTerminalStopCodon.part_lcl__NC_007358.1_cds_YP_308665.1_2,PB1,polymerase,25,negative,0,0.711,-,0,"?:T:21,T:T:17,A:T:1,I:T:1",1,0.667,T,"T:4162,?:26,A:1,I:1"
GCF_000864105.1_noTerminalStopCodon.part_lcl__NC_007358.1_cds_YP_308665.1_2,PB1,polymerase,26,negative,0,0.373,-,0,"?:G:21,G:G:9",1,0.667,G,"G:4167,?:23"
GCF_000864105.1_noTerminalStopCodon.part_lcl__NC_007358.1_cds_YP_308665.1_2,PB1,polymerase,27,negative,0,1.676,-,0,"D:D:28,?:D:21,D:G:1,D:Y:1",1,0.667,D,"D:4164,?:24,G:1,Y:1"
GCF_000864105.1_noTerminalStopCodon.part_lcl__NC_007358.1_cds_YP_308665.1_2,PB1,polymerase,28,negative,0,0.658,-,0,"?:P:20,P:P:16",1,0.667,P,"P:4167,?:23"
GCF_000864105.1_noTerminalStopCodon.part_lcl__NC_007358.1_cds_YP_308665.1_2,PB1,polymerase,29,negative,0,0.542,-,0,"?:P:18,P:P:13",1,0.667,P,"P:4169,?:21"
GCF_000864105.1_noTerminalStopCodon.part_lcl__NC_007358.1_cds_YP_308665.1_2,PB1,polymerase,30,negative,0,0.665,-,0,"?:Y:18,Y:Y:12,H:Y:3,N:Y:1",1,0.667,Y,"Y:4166,?:20,H:3,N:1"
GCF_000864105.1_noTerminalStopCodon.part_lcl__NC_007358.1_cds_YP_308665.1_2,PB1,polymerase,31,negative,0,0.33,-,0.001,"?:S:18,S:S:6",1,0.667,S,"S:4170,?:20"
GCF_000864105.1_noTerminalStopCodon.part_lcl__NC_007358.1_cds_YP_308665.1_2,PB1,polymerase,32,negative,0,0.341,-,0.002,"H:H:6,?:H:18",1,0.667,H,"H:4169,?:21"
GCF_000864105.1_noTerminalStopCodon.part_lcl__NC_007358.1_cds_YP_308665.1_2,PB1,polymerase,33,negative,0,1.612,-,0,"?:G:18,G:G:38,G:W:1",1,0.667,G,"G:4169,?:20,W:1"
GCF_000864105.1_noTerminalStopCodon.part_lcl__NC_007358.1_cds_YP_308665.1_2,PB1,polymerase,34,negative,0,0.593,-,0,"?:T:18,T:T:14",1,0.667,T,"T:4169,?:21"
GCF_000864105.1_noTerminalStopCodon.part_lcl__NC_007358.1_cds_YP_308665.1_2,PB1,polymerase,35,negative,0,1.643,-,0,"G:G:42,?:G:19",1,0.667,G,"G:4167,?:23"
GCF_000864105.1_noTerminalStopCodon.part_lcl__NC_007358.1_cds_YP_308665.1_2,PB1,polymerase,36,negative,0,0.626,-,0,"?:T:19,T:T:15",1,0.667,T,"T:4168,?:22"
GCF_000864105.1_noTerminalStopCodon.part_lcl__NC_007358.1_cds_YP_308665.1_2,PB1,polymerase,37,negative,0,1.446,-,0,"G:G:35,?:G:19",1,0.667,G,"G:4169,?:21"
GCF_000864105.1_noTerminalStopCodon.part_lcl__NC_007358.1_cds_YP_308665.1_2,PB1,polymerase,38,negative,0.062,1.19,-,0,"?:Y:16,Y:Y:21,N:Y:1,W:Y:1,H:Y:2",1,0.667,Y,"Y:4166,?:19,N:1,W:1,H:3"
GCF_000864105.1_noTerminalStopCodon.part_lcl__NC_007358.1_cds_YP_308665.1_2,PB1,polymerase,39,negative,0.096,0.856,-,0,"T:T:20,?:T:17,E:T:1,A:T:3",1,0.667,T,"T:4167,?:19,E:1,A:3"
GCF_000864105.1_noTerminalStopCodon.part_lcl__NC_007358.1_cds_YP_308665.1_2,PB1,polymerase,40,negative,0.065,73.412,-,0,"L:M:1,I:M:7,I:I:1",1,0.667,M,"M:4156,?:18,L:1,I:15"
GCF_000864105.1_noTerminalStopCodon.part_lcl__NC_007358.1_cds_YP_308665.1_2,PB1,polymerase,41,negative,0,0.659,-,0,"?:D:16,D:P:1,D:D:11",1,0.667,D,"D:4170,?:19,P:1"
GCF_000864105.1_noTerminalStopCodon.part_lcl__NC_007358.1_cds_YP_308665.1_2,PB1,polymerase,42,negative,0,1.134,-,0,"T:T:26,?:T:16,T:W:1,I:T:1",1,0.667,T,"T:4169,?:19,W:1,I:1"
GCF_000864105.1_noTerminalStopCodon.part_lcl__NC_007358.1_cds_YP_308665.1_2,PB1,polymerase,43,negative,0,0.897,-,0,"?:V:17,V:V:21,T:V:1,I:V:4,A:V:1",1,0.667,V,"V:4163,?:21,T:1,I:4,A:1"
GCF_000864105.1_noTerminalStopCodon.part_lcl__NC_007358.1_cds_YP_308665.1_2,PB1,polymerase,44,negative,0,0.675,-,0,"?:N:16,H:N:1,N:S:5,K:N:2,N:N:11,N:T:3",1,0.667,N,"N:4161,?:18,H:1,S:5,K:2,T:3"
GCF_000864105.1_noTerminalStopCodon.part_lcl__NC_007358.1_cds_YP_308665.1_2,PB1,polymerase,45,negative,0,1.085,-,0,"R:R:22,?:R:16,R:T:2,G:R:1",1,0.667,R,"R:4169,?:18,T:2,G:1"
GCF_000864105.1_noTerminalStopCodon.part_lcl__NC_007358.1_cds_YP_308665.1_2,PB1,polymerase,46,negative,0,0.373,-,0.001,"?:T:16,T:T:9,G:T:1,S:T:1",1,0.667,T,"T:4169,?:19,G:1,S:1"
GCF_000864105.1_noTerminalStopCodon.part_lcl__NC_007358.1_cds_YP_308665.1_2,PB1,polymerase,47,negative,0,1.826,-,0,"?:H:17,H:H:31",1,0.667,H,"H:4171,?:19"
GCF_000864105.1_noTerminalStopCodon.part_lcl__NC_007358.1_cds_YP_308665.1_2,PB1,polymerase,48,negative,0.079,0.568,-,0.015,"Q:Q:11,?:Q:17,H:Q:2,K:Q:3,Q:R:1",1,0.667,Q,"Q:4163,?:19,H:2,K:5,R:1"
GCF_000864105.1_noTerminalStopCodon.part_lcl__NC_007358.1_cds_YP_308665.1_2,PB1,polymerase,49,negative,0.062,1.57,-,0,"Y:Y:27,?:Y:17,C:Y:1",1,0.433,Y,"Y:4169,?:19,C:2"
GCF_000864105.1_noTerminalStopCodon.part_lcl__NC_007358.1_cds_YP_308665.1_2,PB1,polymerase,50,negative,0,0.542,-,0,"?:S:16,S:S:13,S:T:1",1,0.667,S,"S:4170,?:19,T:1"
GCF_000864105.1_noTerminalStopCodon.part_lcl__NC_007358.1_cds_YP_308665.1_2,PB1,polymerase,51,negative,0.047,1.554,-,0,"E:E:31,?:E:16,E:G:1,E:K:2,A:E:1",1,0.667,E,"E:4166,?:19,G:1,K:3,A:1"
GCF_000864105.1_noTerminalStopCodon.part_lcl__NC_007358.1_cds_YP_308665.1_2,PB1,polymerase,52,negative,0.278,1.468,-,0,"K:R:10,K:K:34,?:K:16,K:Q:1,K:N:1",1,0.667,K,"K:4146,R:21,?:21,Q:1,N:1"
GCF_000864105.1_noTerminalStopCodon.part_lcl__NC_007358.1_cds_YP_308665.1_2,PB1,polymerase,53,negative,0,1.444,-,0,"G:G:40,?:G:16,E:G:1,G:W:1",1,0.667,G,"G:4167,?:21,E:1,W:1"
GCF_000864105.1_noTerminalStopCodon.part_lcl__NC_007358.1_cds_YP_308665.1_2,PB1,polymerase,54,negative,0.386,1.828,-,0,"K:K:34,K:N:4,?:K:14,E:K:18,K:R:11,K:T:1,E:G:4,G:V:1,?:E:1,E:V:3,E:E:2",1,0.667,K,"K:3896,N:4,?:18,E:241,R:18,T:1,V:4,G:8"
GCF_000864105.1_noTerminalStopCodon.part_lcl__NC_007358.1_cds_YP_308665.1_2,PB1,polymerase,55,neutral,0,0.134,-,1,"?:W:15,L:W:1",1,0.667,W,"W:4172,?:17,L:1"
GCF_000864105.1_noTerminalStopCodon.part_lcl__NC_007358.1_cds_YP_308665.1_2,PB1,polymerase,56,neutral,0.34,0.289,-,0.762,"?:T:14,I:T:5,T:T:6,A:T:9,K:T:1,A:A:1,A:E:1,A:V:3",1,0.538,T,"T:4010,?:17,I:12,A:140,K:1,E:1,V:9"
GCF_000864105.1_noTerminalStopCodon.part_lcl__NC_007358.1_cds_YP_308665.1_2,PB1,polymerase,57,neutral,0.242,0.6,-,0.066,"K:T:6,?:T:14,P:T:1,T:T:14,R:T:1,I:T:5,G:K:1,A:T:2,S:T:1",1,0.667,T,"T:4111,K:39,?:16,P:1,R:1,I:17,G:1,A:3,S:1"
GCF_000864105.1_noTerminalStopCodon.part_lcl__NC_007358.1_cds_YP_308665.1_2,PB1,polymerase,58,negative,0,0.89,-,0,"?:N:14,N:N:16,N:S:1",1,0.667,N,"N:4173,?:16,S:1"
GCF_000864105.1_noTerminalStopCodon.part_lcl__NC_007358.1_cds_YP_308665.1_2,PB1,polymerase,59,neutral,0.151,0.46,-,0.062,"?:T:10,S:T:3,P:S:1,?:S:4,A:S:1,S:S:3,T:T:8,A:T:1,R:T:1",1,0.32,T,"T:2181,?:16,S:1980,P:2,A:10,R:1"
GCF_000864105.1_noTerminalStopCodon.part_lcl__NC_007358.1_cds_YP_308665.1_2,PB1,polymerase,60,negative,0,1.302,-,0,"E:E:30,?:E:14,E:V:1",1,0.667,E,"E:4173,?:16,V:1"
GCF_000864105.1_noTerminalStopCodon.part_lcl__NC_007358.1_cds_YP_308665.1_2,PB1,polymerase,61,negative,0,1.301,-,0,"?:T:14,T:T:31,I:T:2,S:T:1",1,0.667,T,"T:4170,?:17,I:2,S:1"
GCF_000864105.1_noTerminalStopCodon.part_lcl__NC_007358.1_cds_YP_308665.1_2,PB1,polymerase,62,negative,0.126,1.066,-,0,"G:G:26,A:G:2,?:G:14,G:R:11,E:G:4",1,0.667,G,"G:4149,A:2,?:17,R:18,E:4"
GCF_000864105.1_noTerminalStopCodon.part_lcl__NC_007358.1_cds_YP_308665.1_2,PB1,polymerase,63,negative,0,0.468,-,0,"A:A:11,?:A:15",1,0.667,A,"A:4173,?:17"
GCF_000864105.1_noTerminalStopCodon.part_lcl__NC_007358.1_cds_YP_308665.1_2,PB1,polymerase,64,negative,0.094,1.273,-,0,"P:P:31,?:P:15,L:P:10,P:S:3,H:P:1",1,0.667,P,"P:4152,?:18,L:14,S:5,H:1"
GCF_000864105.1_noTerminalStopCodon.part_lcl__NC_007358.1_cds_YP_308665.1_2,PB1,polymerase,65,negative,0,0.54,-,0.001,"?:Q:16,Q:Q:10,P:Q:2",1,0.667,Q,"Q:4168,?:20,P:2"
GCF_000864105.1_noTerminalStopCodon.part_lcl__NC_007358.1_cds_YP_308665.1_2,PB1,polymerase,66,negative,0,0.564,-,0,"I:L:1,?:L:16,L:L:14",1,0.667,L,"I:1,L:4171,?:18"
GCF_000864105.1_noTerminalStopCodon.part_lcl__NC_007358.1_cds_YP_308665.1_2,PB1,polymerase,67,negative,0,2.675,-,0,"N:N:44,D:N:1,?:N:15",1,0.667,N,"N:4172,D:1,?:17"
GCF_000864105.1_noTerminalStopCodon.part_lcl__NC_007358.1_cds_YP_308665.1_2,PB1,polymerase,68,negative,0,1.345,-,0,"P:P:34,?:P:15",1,0.667,P,"P:4172,?:18"
GCF_000864105.1_noTerminalStopCodon.part_lcl__NC_007358.1_cds_YP_308665.1_2,PB1,polymerase,69,negative,0,0.923,-,0,"I:I:19,?:I:15,I:V:5,I:T:2",1,0.667,I,"I:4166,?:17,V:5,T:2"
GCF_000864105.1_noTerminalStopCodon.part_lcl__NC_007358.1_cds_YP_308665.1_2,PB1,polymerase,70,negative,0.043,0.987,-,0,"?:D:15,D:D:17,D:N:2,D:E:1,A:D:3",1,0.667,D,"D:4165,?:18,N:3,E:1,A:3"
GCF_000864105.1_noTerminalStopCodon.part_lcl__NC_007358.1_cds_YP_308665.1_2,PB1,polymerase,71,negative,0,1.249,-,0,"G:G:30,G:R:1,?:G:16",1,0.667,G,"G:4171,R:1,?:18"
GCF_000864105.1_noTerminalStopCodon.part_lcl__NC_007358.1_cds_YP_308665.1_2,PB1,polymerase,72,negative,0,0.59,-,0,"P:P:14,?:P:17,P:T:1,L:P:1",1,0.667,P,"P:4168,?:20,T:1,L:1"
GCF_000864105.1_noTerminalStopCodon.part_lcl__NC_007358.1_cds_YP_308665.1_2,PB1,polymerase,73,negative,0.083,1.406,-,0,"L:L:48,?:L:8,F:L:1,I:L:1",1,0.667,L,"L:4159,?:21,F:1,I:9"
GCF_000864105.1_noTerminalStopCodon.part_lcl__NC_007358.1_cds_YP_308665.1_2,PB1,polymerase,74,negative,0,1.32,-,0,"?:P:15,P:P:31,P:S:1,L:P:1",1,0.667,P,"P:4170,?:18,S:1,L:1"
GCF_000864105.1_noTerminalStopCodon.part_lcl__NC_007358.1_cds_YP_308665.1_2,PB1,polymerase,75,neutral,0.484,0.7,-,0.346,"E:G:9,?:E:13,D:E:9,D:G:1,D:N:1,?:D:2,E:K:5,E:E:18",1,0.667,E,"E:3246,G:41,?:18,D:877,N:1,K:7"
GCF_000864105.1_noTerminalStopCodon.part_lcl__NC_007358.1_cds_YP_308665.1_2,PB1,polymerase,76,negative,0.261,1.74,-,0,"D:D:30,?:D:15,D:N:15,D:E:2,D:G:3",1,0.667,D,"D:4136,?:17,N:31,E:2,G:4"
GCF_000864105.1_noTerminalStopCodon.part_lcl__NC_007358.1_cds_YP_308665.1_2,PB1,polymerase,77,negative,0.151,1.935,-,0,"D:N:6,?:N:15,N:N:32,H:N:2,I:N:1,N:S:2",1,0.667,N,"N:4148,D:7,?:17,H:12,I:1,S:5"
GCF_000864105.1_noTerminalStopCodon.part_lcl__NC_007358.1_cds_YP_308665.1_2,PB1,polymerase,78,negative,0.095,0.896,-,0,"?:E:15,E:E:21,D:E:4,E:G:1,E:K:1",1,0.667,E,"E:4157,?:18,D:13,G:1,K:1"
GCF_000864105.1_noTerminalStopCodon.part_lcl__NC_007358.1_cds_YP_308665.1_2,PB1,polymerase,79,negative,0,1.205,-,0,"P:P:29,?:P:15",1,0.667,P,"P:4173,?:17"
GCF_000864105.1_noTerminalStopCodon.part_lcl__NC_007358.1_cds_YP_308665.1_2,PB1,polymerase,80,negative,0.041,0.986,-,0,"S:S:17,?:S:15,I:S:2,C:S:3,N:S:1",1,0.667,S,"S:4159,?:17,I:10,C:3,N:1"
GCF_000864105.1_noTerminalStopCodon.part_lcl__NC_007358.1_cds_YP_308665.1_2,PB1,polymerase,81,negative,0,1.083,-,0,"?:G:15,G:G:28",1,0.667,G,"G:4173,?:17"
GCF_000864105.1_noTerminalStopCodon.part_lcl__NC_007358.1_cds_YP_308665.1_2,PB1,polymerase,82,negative,0,0.515,-,0.001,"Y:Y:9,?:Y:15",1,0.667,Y,"Y:4173,?:17"
GCF_000864105.1_noTerminalStopCodon.part_lcl__NC_007358.1_cds_YP_308665.1_2,PB1,polymerase,83,negative,0,0.62,-,0,"A:S:3,?:A:14,A:A:15",1,0.667,A,"A:4171,S:3,?:16"
GCF_000864105.1_noTerminalStopCodon.part_lcl__NC_007358.1_cds_YP_308665.1_2,PB1,polymerase,84,negative,0,0.748,-,0,"?:Q:15,Q:Q:14,Q:R:2",1,0.667,Q,"Q:4171,?:17,R:2"
GCF_000864105.1_noTerminalStopCodon.part_lcl__NC_007358.1_cds_YP_308665.1_2,PB1,polymerase,85,negative,0.048,1.493,-,0,"T:T:38,?:T:15,A:T:1",1,0.667,T,"T:4171,?:17,A:2"
GCF_000864105.1_noTerminalStopCodon.part_lcl__NC_007358.1_cds_YP_308665.1_2,PB1,polymerase,86,negative,0,0.995,-,0,"D:D:17,D:S:1,?:D:15,D:E:2,D:G:2",1,0.667,D,"D:4167,S:1,?:18,E:2,G:2"
GCF_000864105.1_noTerminalStopCodon.part_lcl__NC_007358.1_cds_YP_308665.1_2,PB1,polymerase,87,negative,0,1.088,-,0,"?:C:15,C:C:19",1,0.667,C,"C:4171,?:19"
GCF_000864105.1_noTerminalStopCodon.part_lcl__NC_007358.1_cds_YP_308665.1_2,PB1,polymerase,88,negative,0,0.893,-,0,"V:V:23,?:V:13,A:V:1",1,0.667,V,"V:4170,?:19,A:1"
GCF_000864105.1_noTerminalStopCodon.part_lcl__NC_007358.1_cds_YP_308665.1_2,PB1,polymerase,89,negative,0,0.874,-,0,"L:L:30,?:L:7,L:P:1",1,0.667,L,"L:4169,?:20,P:1"
GCF_000864105.1_noTerminalStopCodon.part_lcl__NC_007358.1_cds_YP_308665.1_2,PB1,polymerase,90,negative,0,0.865,-,0,"?:E:16,E:E:16,A:E:1",1,0.667,E,"E:4171,?:18,A:1"
GCF_000864105.1_noTerminalStopCodon.part_lcl__NC_007358.1_cds_YP_308665.1_2,PB1,polymerase,91,negative,0.042,0.504,-,0.001,"?:A:16,A:S:2,A:A:11,A:D:1,A:T:1",1,0.667,A,"A:4167,?:18,S:3,D:1,T:1"
GCF_000864105.1_noTerminalStopCodon.part_lcl__NC_007358.1_cds_YP_308665.1_2,PB1,polymerase,92,neutral,0,0.215,-,1,NA,1,0.667,M,"M:4170,?:20"
GCF_000864105.1_noTerminalStopCodon.part_lcl__NC_007358.1_cds_YP_308665.1_2,PB1,polymerase,93,negative,0.042,0.861,-,0,"A:V:4,?:A:16,A:A:21,A:S:1,A:T:1",1,0.667,A,"A:4162,V:8,?:18,S:1,T:1"
GCF_000864105.1_noTerminalStopCodon.part_lcl__NC_007358.1_cds_YP_308665.1_2,PB1,polymerase,94,negative,0.249,1.002,-,0.002,"F:L:11,?:F:14,F:F:18,F:S:6,?:L:2,F:Y:1",1,0.628,F,"F:4140,L:20,?:18,S:11,Y:1"
GCF_000864105.1_noTerminalStopCodon.part_lcl__NC_007358.1_cds_YP_308665.1_2,PB1,polymerase,95,negative,0,0.6,-,0,"?:L:16,L:L:15",1,0.667,L,"L:4172,?:18"
GCF_000864105.1_noTerminalStopCodon.part_lcl__NC_007358.1_cds_YP_308665.1_2,PB1,polymerase,96,negative,0.047,0.513,-,0.002,"D:E:2,E:E:10,?:E:16,E:K:1",1,0.667,E,"E:4165,D:5,?:19,K:1"
GCF_000864105.1_noTerminalStopCodon.part_lcl__NC_007358.1_cds_YP_308665.1_2,PB1,polymerase,97,negative,0.335,1.031,-,0.006,"E:E:20,?:E:13,E:G:1,E:K:6,A:E:1,K:K:2,E:N:1,D:E:2,K:N:1,E:V:1",1,0.018,E,"E:4130,?:14,G:1,K:23,A:1,N:6,D:14,V:1"
GCF_000864105.1_noTerminalStopCodon.part_lcl__NC_007358.1_cds_YP_308665.1_2,PB1,polymerase,98,negative,0,0.361,-,0.001,"?:S:13,S:S:9,F:S:2,S:T:1,A:S:1,C:S:1",1,0.667,S,"S:4171,?:14,F:2,T:1,A:1,C:1"
GCF_000864105.1_noTerminalStopCodon.part_lcl__NC_007358.1_cds_YP_308665.1_2,PB1,polymerase,99,negative,0,1.098,-,0,"?:H:13,H:H:19,H:Q:1",1,0.667,H,"H:4174,?:15,Q:1"
GCF_000864105.1_noTerminalStopCodon.part_lcl__NC_007358.1_cds_YP_308665.1_2,PB1,polymerase,100,negative,0,0.456,-,0,"P:P:11,P:S:2,?:P:13",1,0.667,P,"P:4173,S:2,?:15"
GCF_000864105.1_noTerminalStopCodon.part_lcl__NC_007358.1_cds_YP_308665.1_2,PB1,polymerase,101,negative,0,1.154,-,0,"?:G:13,G:G:32",1,0.667,G,"G:4177,?:13"
GCF_000864105.1_noTerminalStopCodon.part_lcl__NC_007358.1_cds_YP_308665.1_2,PB1,polymerase,102,negative,0,0.808,-,0,"I:V:2,?:I:12,I:I:18,I:L:1",1,0.667,I,"I:4174,V:2,?:13,L:1"
GCF_000864105.1_noTerminalStopCodon.part_lcl__NC_007358.1_cds_YP_308665.1_2,PB1,polymerase,103,negative,0,0.284,-,0.006,"F:L:2,?:F:12,F:F:5,F:Y:1,F:S:1",1,0.667,F,"F:4174,L:2,?:12,Y:1,S:1"
GCF_000864105.1_noTerminalStopCodon.part_lcl__NC_007358.1_cds_YP_308665.1_2,PB1,polymerase,104,negative,0.094,0.731,-,0.001,"E:Q:1,D:E:3,?:E:13,E:E:10,E:G:7,G:G:4",1,0.667,E,"E:3325,Q:1,D:3,?:14,G:847"
GCF_000864105.1_noTerminalStopCodon.part_lcl__NC_007358.1_cds_YP_308665.1_2,PB1,polymerase,105,neutral,0.459,0.902,-,0.101,"N:T:4,?:N:13,N:N:14,N:S:9,D:N:7,T:T:1,H:N:1,K:N:1",1,0.301,N,"N:4111,T:35,?:13,S:20,D:9,H:1,K:1"
GCF_000864105.1_noTerminalStopCodon.part_lcl__NC_007358.1_cds_YP_308665.1_2,PB1,polymerase,106,negative,0,1.254,-,0,"?:S:13,S:S:34,S:T:1",1,0.667,S,"S:4176,?:13,T:1"
GCF_000864105.1_noTerminalStopCodon.part_lcl__NC_007358.1_cds_YP_308665.1_2,PB1,polymerase,107,negative,0,0.87,-,0,"?:C:13,C:C:15",1,0.667,C,"C:4176,?:14"
GCF_000864105.1_noTerminalStopCodon.part_lcl__NC_007358.1_cds_YP_308665.1_2,PB1,polymerase,108,neutral,0.159,0.324,-,0.27,"L:L:8,I:L:12,?:L:13,F:L:4,L:V:2",1,0.578,L,"L:4155,I:14,?:13,F:4,V:4"
GCF_000864105.1_noTerminalStopCodon.part_lcl__NC_007358.1_cds_YP_308665.1_2,PB1,polymerase,109,negative,0,0.751,-,0,"?:E:12,D:E:2,E:E:14",1,0.667,E,"E:4176,?:12,D:2"
GCF_000864105.1_noTerminalStopCodon.part_lcl__NC_007358.1_cds_YP_308665.1_2,PB1,polymerase,110,negative,0.194,1.403,-,0,"T:T:40,?:T:13,L:T:1,A:T:8,M:T:1",1,0.667,T,"T:4151,?:13,L:1,A:24,M:1"
GCF_000864105.1_noTerminalStopCodon.part_lcl__NC_007358.1_cds_YP_308665.1_2,PB1,polymerase,111,neutral,0.033,0.005,-,0.961,"I:M:7,M:V:3,L:M:1",1,0.659,M,"M:4163,I:10,?:13,V:3,L:1"
GCF_000864105.1_noTerminalStopCodon.part_lcl__NC_007358.1_cds_YP_308665.1_2,PB1,polymerase,112,negative,0,1.021,-,0,"?:E:13,E:E:19,E:G:1,E:K:1",1,0.667,E,"E:4174,?:14,G:1,K:1"
GCF_000864105.1_noTerminalStopCodon.part_lcl__NC_007358.1_cds_YP_308665.1_2,PB1,polymerase,113,neutral,0.529,1.047,-,0.06,"V:V:11,?:V:6,I:V:29,A:V:6,F:V:1,?:I:7,I:I:11",1,0.667,V,"V:3301,?:16,I:855,A:17,F:1"
GCF_000864105.1_noTerminalStopCodon.part_lcl__NC_007358.1_cds_YP_308665.1_2,PB1,polymerase,114,negative,0.323,1.21,-,0,"V:V:29,?:V:12,I:V:20,A:V:2,L:V:1,D:V:1",1,0.03,V,"V:4115,?:13,I:57,A:2,L:2,D:1"
GCF_000864105.1_noTerminalStopCodon.part_lcl__NC_007358.1_cds_YP_308665.1_2,PB1,polymerase,115,negative,0,0.949,-,0,"Q:Q:21,?:Q:12,H:Q:3",1,0.667,Q,"Q:4175,?:12,H:3"
GCF_000864105.1_noTerminalStopCodon.part_lcl__NC_007358.1_cds_YP_308665.1_2,PB1,polymerase,116,negative,0,0.639,-,0,"?:Q:12,Q:Q:12,Q:R:3",1,0.667,Q,"Q:4175,?:12,R:3"
GCF_000864105.1_noTerminalStopCodon.part_lcl__NC_007358.1_cds_YP_308665.1_2,PB1,polymerase,117,negative,0,0.45,-,0,"T:T:10,S:T:1,?:T:12,K:T:1",1,0.667,T,"T:4176,S:1,?:12,K:1"
GCF_000864105.1_noTerminalStopCodon.part_lcl__NC_007358.1_cds_YP_308665.1_2,PB1,polymerase,118,negative,0,0.942,-,0,"?:R:12,R:R:20",1,0.667,R,"R:4178,?:12"
GCF_000864105.1_noTerminalStopCodon.part_lcl__NC_007358.1_cds_YP_308665.1_2,PB1,polymerase,119,negative,0.091,0.563,-,0.002,"V:V:17,M:V:2,E:V:1,?:V:1,L:V:1",1,0.667,V,"V:4171,?:13,M:3,E:1,L:2"
GCF_000864105.1_noTerminalStopCodon.part_lcl__NC_007358.1_cds_YP_308665.1_2,PB1,polymerase,120,negative,0,1.452,-,0,"?:D:13,D:D:25",1,0.667,D,"D:4175,?:15"
GCF_000864105.1_noTerminalStopCodon.part_lcl__NC_007358.1_cds_YP_308665.1_2,PB1,polymerase,121,negative,0,1.01,-,0,"K:N:2,?:K:13,K:K:20,K:R:2",1,0.667,K,"K:4173,N:2,?:13,R:2"
GCF_000864105.1_noTerminalStopCodon.part_lcl__NC_007358.1_cds_YP_308665.1_2,PB1,polymerase,122,negative,0,1.096,-,0,"?:L:3,L:L:47,L:M:1",1,0.667,L,"L:4174,?:15,M:1"
GCF_000864105.1_noTerminalStopCodon.part_lcl__NC_007358.1_cds_YP_308665.1_2,PB1,polymerase,123,negative,0.048,0.897,-,0,"A:T:5,?:T:13,T:T:22",1,0.667,T,"T:4169,A:6,?:15"
GCF_000864105.1_noTerminalStopCodon.part_lcl__NC_007358.1_cds_YP_308665.1_2,PB1,polymerase,124,negative,0,0.532,-,0.001,"Q:Q:10,?:Q:13,L:Q:1,H:Q:1,K:Q:1",1,0.667,Q,"Q:4174,?:13,L:1,H:1,K:1"
GCF_000864105.1_noTerminalStopCodon.part_lcl__NC_007358.1_cds_YP_308665.1_2,PB1,polymerase,125,negative,0,1.253,-,0,"?:G:13,G:G:30,G:S:1",1,0.667,G,"G:4176,?:13,S:1"
GCF_000864105.1_noTerminalStopCodon.part_lcl__NC_007358.1_cds_YP_308665.1_2,PB1,polymerase,126,negative,0,0.484,-,0,"?:R:13,R:R:12,H:R:1",1,0.667,R,"R:4175,?:14,H:1"
GCF_000864105.1_noTerminalStopCodon.part_lcl__NC_007358.1_cds_YP_308665.1_2,PB1,polymerase,127,negative,0,0.68,-,0,"?:Q:12,Q:Q:18",1,0.667,Q,"Q:4178,?:12"
GCF_000864105.1_noTerminalStopCodon.part_lcl__NC_007358.1_cds_YP_308665.1_2,PB1,polymerase,128,negative,0,1.159,-,0,"T:T:28,?:T:12,I:T:1,A:T:1",1,0.667,T,"T:4175,?:13,I:1,A:1"
GCF_000864105.1_noTerminalStopCodon.part_lcl__NC_007358.1_cds_YP_308665.1_2,PB1,polymerase,129,negative,0,0.989,-,0,"?:Y:12,F:Y:2,Y:Y:17",1,0.667,Y,"Y:4175,?:13,F:2"
GCF_000864105.1_noTerminalStopCodon.part_lcl__NC_007358.1_cds_YP_308665.1_2,PB1,polymerase,130,negative,0,1.378,-,0,"D:D:24,?:D:12",1,0.667,D,"D:4177,?:13"
GCF_000864105.1_noTerminalStopCodon.part_lcl__NC_007358.1_cds_YP_308665.1_2,PB1,polymerase,131,neutral,0,0.215,-,1,?:W:12,1,0.667,W,"W:4178,?:12"
GCF_000864105.1_noTerminalStopCodon.part_lcl__NC_007358.1_cds_YP_308665.1_2,PB1,polymerase,132,negative,0,0.852,-,0,"?:T:12,T:T:21",1,0.667,T,"T:4177,?:13"
GCF_000864105.1_noTerminalStopCodon.part_lcl__NC_007358.1_cds_YP_308665.1_2,PB1,polymerase,133,negative,0,0.921,-,0,"L:L:36,?:L:5,L:V:1,L:M:2",1,0.667,L,"L:4174,?:13,V:1,M:2"
GCF_000864105.1_noTerminalStopCodon.part_lcl__NC_007358.1_cds_YP_308665.1_2,PB1,polymerase,134,negative,0.151,1.401,-,0,"N:T:1,?:N:13,N:N:24,N:S:2,H:N:1",1,0.667,N,"N:4169,T:1,?:14,S:4,H:2"
GCF_000864105.1_noTerminalStopCodon.part_lcl__NC_007358.1_cds_YP_308665.1_2,PB1,polymerase,135,negative,0.045,1.407,-,0,"R:R:31,?:R:13,K:R:3",1,0.667,R,"R:4125,?:13,K:52"
GCF_000864105.1_noTerminalStopCodon.part_lcl__NC_007358.1_cds_YP_308665.1_2,PB1,polymerase,136,negative,0,1.093,-,0,"?:N:13,N:N:19",1,0.667,N,"N:4177,?:13"
GCF_000864105.1_noTerminalStopCodon.part_lcl__NC_007358.1_cds_YP_308665.1_2,PB1,polymerase,137,negative,0,1.858,-,0,"?:Q:13,Q:Q:39,H:Q:1,K:Q:1",1,0.667,Q,"Q:4175,?:13,H:1,K:1"
GCF_000864105.1_noTerminalStopCodon.part_lcl__NC_007358.1_cds_YP_308665.1_2,PB1,polymerase,138,negative,0,0.955,-,0,"?:P:13,P:P:27",1,0.667,P,"P:4177,?:13"
GCF_000864105.1_noTerminalStopCodon.part_lcl__NC_007358.1_cds_YP_308665.1_2,PB1,polymerase,139,negative,0,0.448,-,0,"?:A:13,A:A:11",1,0.667,A,"A:4177,?:13"
GCF_000864105.1_noTerminalStopCodon.part_lcl__NC_007358.1_cds_YP_308665.1_2,PB1,polymerase,140,negative,0,0.331,-,0.001,"A:A:8,?:A:13,A:P:1",1,0.667,A,"A:4176,?:13,P:1"
GCF_000864105.1_noTerminalStopCodon.part_lcl__NC_007358.1_cds_YP_308665.1_2,PB1,polymerase,141,negative,0.048,0.569,-,0.001,"?:T:13,T:T:13,N:T:4,S:T:1",1,0.667,T,"T:4171,?:13,N:5,S:1"
GCF_000864105.1_noTerminalStopCodon.part_lcl__NC_007358.1_cds_YP_308665.1_2,PB1,polymerase,142,negative,0,1.107,-,0,"A:A:26,?:A:13",1,0.667,A,"A:4177,?:13"
GCF_000864105.1_noTerminalStopCodon.part_lcl__NC_007358.1_cds_YP_308665.1_2,PB1,polymerase,143,negative,0,1.054,-,0,"L:L:40,?:L:5",1,0.667,L,"L:4177,?:13"
GCF_000864105.1_noTerminalStopCodon.part_lcl__NC_007358.1_cds_YP_308665.1_2,PB1,polymerase,144,negative,0,0.813,-,0,"?:A:13,A:A:20,A:D:1",1,0.667,A,"A:4176,?:13,D:1"
GCF_000864105.1_noTerminalStopCodon.part_lcl__NC_007358.1_cds_YP_308665.1_2,PB1,polymerase,145,negative,0,0.614,-,0,"N:S:3,?:N:13,N:N:11",1,0.667,N,"N:4174,S:3,?:13"
GCF_000864105.1_noTerminalStopCodon.part_lcl__NC_007358.1_cds_YP_308665.1_2,PB1,polymerase,146,negative,0,0.782,-,0,"?:T:13,T:T:19",1,0.667,T,"T:4175,?:15"
GCF_000864105.1_noTerminalStopCodon.part_lcl__NC_007358.1_cds_YP_308665.1_2,PB1,polymerase,147,negative,0.039,1.266,-,0,"I:I:6,?:I:13,I:V:2,I:M:1",1,0.667,I,"I:4166,?:15,V:8,M:1"
GCF_000864105.1_noTerminalStopCodon.part_lcl__NC_007358.1_cds_YP_308665.1_2,PB1,polymerase,148,negative,0,1.082,-,0,"?:E:14,E:E:26,E:G:1",1,0.667,E,"E:4174,?:15,G:1"
GCF_000864105.1_noTerminalStopCodon.part_lcl__NC_007358.1_cds_YP_308665.1_2,PB1,polymerase,149,negative,0.188,1.449,-,0,"V:V:26,?:V:7,I:V:17,?:I:5,I:T:3,I:I:7",1,0.667,V,"V:3572,?:15,I:599,T:4"
GCF_000864105.1_noTerminalStopCodon.part_lcl__NC_007358.1_cds_YP_308665.1_2,PB1,polymerase,150,negative,0.149,0.55,-,0.03,"?:F:14,F:Y:2,F:F:10,F:L:7",1,0.626,F,"F:4141,?:14,Y:14,L:21"
GCF_000864105.1_noTerminalStopCodon.part_lcl__NC_007358.1_cds_YP_308665.1_2,PB1,polymerase,151,negative,0,0.7,-,0,"R:R:15,?:R:14,K:R:3",1,0.667,R,"R:4172,?:15,K:3"
GCF_000864105.1_noTerminalStopCodon.part_lcl__NC_007358.1_cds_YP_308665.1_2,PB1,polymerase,152,negative,0.29,1.27,-,0,"S:S:33,?:S:14,L:S:9,S:Y:1,F:S:1,A:S:3,P:S:1,S:T:1",1,0.132,S,"S:4148,?:15,L:13,Y:1,F:1,A:4,P:1,T:7"
GCF_000864105.1_noTerminalStopCodon.part_lcl__NC_007358.1_cds_YP_308665.1_2,PB1,polymerase,153,negative,0,2.211,-,0,"N:N:38,?:N:14,N:S:1",1,0.667,N,"N:4174,?:15,S:1"
GCF_000864105.1_noTerminalStopCodon.part_lcl__NC_007358.1_cds_YP_308665.1_2,PB1,polymerase,154,negative,0.161,0.995,-,0,"G:S:11,G:G:23,?:G:14,D:G:6,C:G:2,S:S:1,S:T:1",1,0.667,G,"S:241,G:3913,?:14,D:17,C:4,T:1"
GCF_000864105.1_noTerminalStopCodon.part_lcl__NC_007358.1_cds_YP_308665.1_2,PB1,polymerase,155,negative,0.15,1.193,-,0,"L:L:46,?:L:7,F:L:3,I:L:1,L:M:1",1,0.667,L,"L:4166,?:16,F:4,I:1,M:3"
GCF_000864105.1_noTerminalStopCodon.part_lcl__NC_007358.1_cds_YP_308665.1_2,PB1,polymerase,156,negative,0.193,0.686,-,0.012,"?:T:15,T:T:17,K:T:2,A:T:4,I:T:6,S:T:1,R:T:1",1,0.627,T,"T:4149,?:16,K:2,A:13,I:8,S:1,R:1"
GCF_000864105.1_noTerminalStopCodon.part_lcl__NC_007358.1_cds_YP_308665.1_2,PB1,polymerase,157,negative,0.125,1.312,-,0,"A:A:32,?:A:15,A:T:8,A:V:4,A:S:4",1,0.667,A,"A:4147,?:15,T:19,V:4,S:5"
GCF_000864105.1_noTerminalStopCodon.part_lcl__NC_007358.1_cds_YP_308665.1_2,PB1,polymerase,158,neutral,0.251,0.459,-,0.285,"D:N:1,?:N:12,N:N:8,N:S:16,?:S:3",1,0.667,N,"N:4125,D:1,?:15,S:49"
GCF_000864105.1_noTerminalStopCodon.part_lcl__NC_007358.1_cds_YP_308665.1_2,PB1,polymerase,159,negative,0.094,1.227,-,0,"?:E:15,E:E:23,D:E:3,E:V:1,E:G:1,E:K:1",1,0.667,E,"E:4165,?:16,D:5,V:1,G:2,K:1"
GCF_000864105.1_noTerminalStopCodon.part_lcl__NC_007358.1_cds_YP_308665.1_2,PB1,polymerase,160,negative,0,1.523,-,0,"S:S:41,?:S:15",1,0.667,S,"S:4174,?:16"
GCF_000864105.1_noTerminalStopCodon.part_lcl__NC_007358.1_cds_YP_308665.1_2,PB1,polymerase,161,negative,0,1.253,-,0,"G:G:32,?:G:15",1,0.667,G,"G:4175,?:15"
GCF_000864105.1_noTerminalStopCodon.part_lcl__NC_007358.1_cds_YP_308665.1_2,PB1,polymerase,162,negative,0,1.229,-,0,"R:R:31,?:R:14,P:R:1,R:T:2",1,0.667,R,"R:4172,?:15,P:1,T:2"
GCF_000864105.1_noTerminalStopCodon.part_lcl__NC_007358.1_cds_YP_308665.1_2,PB1,polymerase,163,negative,0.083,0.773,-,0.001,"L:L:32,?:L:9,L:M:1",1,0.667,L,"L:4173,?:15,M:2"
GCF_000864105.1_noTerminalStopCodon.part_lcl__NC_007358.1_cds_YP_308665.1_2,PB1,polymerase,164,negative,0.077,1.018,-,0.001,"?:I:14,I:M:4,I:I:6,I:V:1",1,0.667,I,"I:4156,?:14,M:19,V:1"
GCF_000864105.1_noTerminalStopCodon.part_lcl__NC_007358.1_cds_YP_308665.1_2,PB1,polymerase,165,negative,0,0.707,-,0,"?:D:14,D:D:12,D:E:1",1,0.667,D,"D:4173,?:16,E:1"
GCF_000864105.1_noTerminalStopCodon.part_lcl__NC_007358.1_cds_YP_308665.1_2,PB1,polymerase,166,negative,0.05,1.069,-,0,"?:F:15,F:F:19,F:L:2",1,0.667,F,"F:4170,?:16,L:4"
GCF_000864105.1_noTerminalStopCodon.part_lcl__NC_007358.1_cds_YP_308665.1_2,PB1,polymerase,167,negative,0,0.522,-,0,"L:L:13,?:L:15,I:L:1",1,0.667,L,"L:4174,?:15,I:1"
GCF_000864105.1_noTerminalStopCodon.part_lcl__NC_007358.1_cds_YP_308665.1_2,PB1,polymerase,168,negative,0.167,1.415,-,0,"?:K:16,K:R:5,K:K:36,K:N:1,K:M:1",1,0.667,K,"K:4159,?:17,R:11,N:1,M:2"
GCF_000864105.1_noTerminalStopCodon.part_lcl__NC_007358.1_cds_YP_308665.1_2,PB1,polymerase,169,negative,0,1.123,-,0,"?:D:16,D:D:19",1,0.667,D,"D:4174,?:16"
GCF_000864105.1_noTerminalStopCodon.part_lcl__NC_007358.1_cds_YP_308665.1_2,PB1,polymerase,170,negative,0,0.92,-,0,"V:V:27,L:V:1,?:V:2",1,0.667,V,"V:4174,?:15,L:1"
GCF_000864105.1_noTerminalStopCodon.part_lcl__NC_007358.1_cds_YP_308665.1_2,PB1,polymerase,171,neutral,0.405,0.349,-,0.88,"M:V:23,A:V:1,V:V:1,M:T:8,I:M:5,L:M:3,L:R:1",1,0.604,M,"M:3228,?:15,V:876,A:1,T:9,I:37,L:23,R:1"
GCF_000864105.1_noTerminalStopCodon.part_lcl__NC_007358.1_cds_YP_308665.1_2,PB1,polymerase,172,negative,0.467,1.27,-,0.006,"?:D:1,D:E:7,E:E:21,?:E:14,E:K:4,E:G:6,D:G:4,D:N:4,D:D:1",1,0.633,E,"D:1279,?:16,E:2861,K:5,G:23,N:6"
GCF_000864105.1_noTerminalStopCodon.part_lcl__NC_007358.1_cds_YP_308665.1_2,PB1,polymerase,173,negative,0,0.497,-,0,"?:S:15,S:S:12",1,0.667,S,"S:4173,?:17"
GCF_000864105.1_noTerminalStopCodon.part_lcl__NC_007358.1_cds_YP_308665.1_2,PB1,polymerase,174,neutral,0.066,0.006,-,0.95,"M:V:4,M:T:3,I:M:3,L:M:1",1,0.659,M,"M:4162,V:7,?:14,T:3,I:3,L:1"
GCF_000864105.1_noTerminalStopCodon.part_lcl__NC_007358.1_cds_YP_308665.1_2,PB1,polymerase,175,negative,0.21,1.988,-,0,"D:D:31,?:D:14,D:G:4,D:N:25",1,0.667,D,"D:4137,?:15,G:5,N:33"
GCF_000864105.1_noTerminalStopCodon.part_lcl__NC_007358.1_cds_YP_308665.1_2,PB1,polymerase,176,negative,0.054,0.802,-,0,"?:K:14,K:K:18,K:R:4,K:Q:1,K:M:1,K:T:2,I:T:1,A:T:1",1,0.667,K,"K:3353,?:15,R:4,Q:1,M:1,T:814,I:1,A:1"
GCF_000864105.1_noTerminalStopCodon.part_lcl__NC_007358.1_cds_YP_308665.1_2,PB1,polymerase,177,negative,0.284,0.958,-,0.005,"D:E:6,?:E:14,E:E:20,E:K:7,E:G:6,E:Q:1",1,0.62,E,"E:4135,D:8,?:14,K:12,G:20,Q:1"
GCF_000864105.1_noTerminalStopCodon.part_lcl__NC_007358.1_cds_YP_308665.1_2,PB1,polymerase,178,negative,0.046,1.348,-,0,"E:G:4,?:E:15,E:E:25,E:K:3,D:E:3,E:V:1",1,0.667,E,"E:4163,G:5,?:15,K:3,D:3,V:1"
GCF_000864105.1_noTerminalStopCodon.part_lcl__NC_007358.1_cds_YP_308665.1_2,PB1,polymerase,179,neutral,0.303,0,-,0.407,"M:V:11,M:T:3,I:M:12,?:I:6,L:M:1,I:V:1",1,0.351,M,"M:2959,V:62,T:3,?:15,I:1148,L:3"
GCF_000864105.1_noTerminalStopCodon.part_lcl__NC_007358.1_cds_YP_308665.1_2,PB1,polymerase,180,negative,0.047,0.995,-,0,"D:E:3,?:E:14,E:E:20,E:G:7,E:V:1",1,0.667,E,"E:4163,D:5,?:14,G:7,V:1"
GCF_000864105.1_noTerminalStopCodon.part_lcl__NC_007358.1_cds_YP_308665.1_2,PB1,polymerase,181,neutral,0.233,0.529,-,0.276,"I:M:13,?:I:14,I:V:5,I:I:3",1,0.571,I,"I:4125,M:45,?:14,V:6"
GCF_000864105.1_noTerminalStopCodon.part_lcl__NC_007358.1_cds_YP_308665.1_2,PB1,polymerase,182,neutral,0.297,0.464,-,0.374,"?:T:14,T:T:11,I:T:16",1,0.667,T,"T:4117,?:14,I:59"
GCF_000864105.1_noTerminalStopCodon.part_lcl__NC_007358.1_cds_YP_308665.1_2,PB1,polymerase,183,negative,0.145,1.067,-,0,"A:T:5,?:T:14,T:T:27,M:T:8",1,0.667,T,"T:4152,A:15,?:15,M:8"
GCF_000864105.1_noTerminalStopCodon.part_lcl__NC_007358.1_cds_YP_308665.1_2,PB1,polymerase,184,negative,0,0.728,-,0,"?:H:14,H:H:13,H:Y:1",1,0.667,H,"H:4174,?:15,Y:1"
GCF_000864105.1_noTerminalStopCodon.part_lcl__NC_007358.1_cds_YP_308665.1_2,PB1,polymerase,185,negative,0,0.778,-,0,"F:F:14,?:F:15,F:L:1",1,0.667,F,"F:4174,?:15,L:1"
GCF_000864105.1_noTerminalStopCodon.part_lcl__NC_007358.1_cds_YP_308665.1_2,PB1,polymerase,186,negative,0.081,0.691,-,0.004,"Q:Q:17,?:Q:14,H:Q:2",1,0.667,Q,"Q:4172,?:15,H:3"
GCF_000864105.1_noTerminalStopCodon.part_lcl__NC_007358.1_cds_YP_308665.1_2,PB1,polymerase,187,negative,0.091,0.88,-,0,"?:R:14,R:R:20,K:R:3",1,0.667,R,"R:4171,?:14,K:5"
GCF_000864105.1_noTerminalStopCodon.part_lcl__NC_007358.1_cds_YP_308665.1_2,PB1,polymerase,188,negative,0.055,0.832,-,0,"K:K:20,?:K:14,K:R:4",1,0.667,K,"K:4166,?:16,R:8"
GCF_000864105.1_noTerminalStopCodon.part_lcl__NC_007358.1_cds_YP_308665.1_2,PB1,polymerase,189,negative,0,1.13,-,0,"R:R:24,?:R:14,K:R:2,I:R:1",1,0.667,R,"R:4172,?:15,K:2,I:1"
GCF_000864105.1_noTerminalStopCodon.part_lcl__NC_007358.1_cds_YP_308665.1_2,PB1,polymerase,190,negative,0,1.091,-,0,"R:R:23,?:R:14,K:R:1",1,0.667,R,"R:4173,?:16,K:1"
GCF_000864105.1_noTerminalStopCodon.part_lcl__NC_007358.1_cds_YP_308665.1_2,PB1,polymerase,191,negative,0.422,1.186,-,0.004,"V:V:29,?:V:6,L:V:2,I:V:14,M:V:2",1,0.667,V,"V:4109,?:17,L:12,I:48,M:4"
GCF_000864105.1_noTerminalStopCodon.part_lcl__NC_007358.1_cds_YP_308665.1_2,PB1,polymerase,192,negative,0.045,0.974,-,0,"R:R:25,?:R:13,K:R:4,?:K:2,M:R:1",1,0.667,R,"R:4126,?:15,K:48,M:1"
GCF_000864105.1_noTerminalStopCodon.part_lcl__NC_007358.1_cds_YP_308665.1_2,PB1,polymerase,193,negative,0.043,0.606,-,0,"?:D:15,D:D:11,D:Y:1,D:E:1",1,0.667,D,"D:4170,?:17,Y:1,E:2"
GCF_000864105.1_noTerminalStopCodon.part_lcl__NC_007358.1_cds_YP_308665.1_2,PB1,polymerase,194,negative,0.05,0.668,-,0.001,"N:N:12,N:T:3,?:N:16,N:S:5,N:Y:2,H:N:1,D:N:1",1,0.667,N,"N:4159,T:3,?:16,S:8,Y:2,H:1,D:1"
GCF_000864105.1_noTerminalStopCodon.part_lcl__NC_007358.1_cds_YP_308665.1_2,PB1,polymerase,195,neutral,0.197,0,-,0.761,"M:V:3,M:T:6,L:M:5,I:M:6,?:I:3",1,0.153,M,"M:4119,V:33,?:16,T:6,L:6,I:10"
GCF_000864105.1_noTerminalStopCodon.part_lcl__NC_007358.1_cds_YP_308665.1_2,PB1,polymerase,196,negative,0.048,0.44,-,0.005,"?:T:14,T:T:11,N:T:1,S:T:1,A:T:1",1,0.667,T,"T:4171,?:15,N:2,S:1,A:1"
GCF_000864105.1_noTerminalStopCodon.part_lcl__NC_007358.1_cds_YP_308665.1_2,PB1,polymerase,197,negative,0.055,1.293,-,0,"K:K:32,?:K:14,K:R:4,K:Q:1,K:N:1",1,0.667,K,"K:4168,?:15,R:5,Q:1,N:1"
GCF_000864105.1_noTerminalStopCodon.part_lcl__NC_007358.1_cds_YP_308665.1_2,PB1,polymerase,198,negative,0.218,1.091,-,0.001,"?:K:14,E:K:2,K:K:21,K:R:11",1,0.667,K,"K:4156,?:14,E:2,R:18"
GCF_000864105.1_noTerminalStopCodon.part_lcl__NC_007358.1_cds_YP_308665.1_2,PB1,polymerase,199,neutral,0.033,0.022,-,0.97,"I:M:2,L:M:2,M:V:1",1,0.644,M,"M:4169,?:14,I:2,L:4,V:1"
GCF_000864105.1_noTerminalStopCodon.part_lcl__NC_007358.1_cds_YP_308665.1_2,PB1,polymerase,200,negative,0.223,1.114,-,0,"?:V:14,I:V:19,V:V:26",1,0.351,V,"V:4148,?:15,I:27"
GCF_000864105.1_noTerminalStopCodon.part_lcl__NC_007358.1_cds_YP_308665.1_2,PB1,polymerase,201,negative,0,0.78,-,0,"?:T:14,I:T:1,T:T:19,M:T:2,P:T:1",1,0.667,T,"T:4172,?:14,I:1,M:2,P:1"
GCF_000864105.1_noTerminalStopCodon.part_lcl__NC_007358.1_cds_YP_308665.1_2,PB1,polymerase,202,negative,0.079,0.846,-,0.001,"Q:Q:16,?:Q:13,P:Q:2,L:Q:1,Q:R:2,H:Q:1",1,0.667,Q,"Q:4169,?:14,P:2,L:1,R:3,H:1"
GCF_000864105.1_noTerminalStopCodon.part_lcl__NC_007358.1_cds_YP_308665.1_2,PB1,polymerase,203,negative,0,1.725,-,0,"R:R:39,?:R:15,K:R:3",1,0.667,R,"R:4172,?:15,K:3"
GCF_000864105.1_noTerminalStopCodon.part_lcl__NC_007358.1_cds_YP_308665.1_2,PB1,polymerase,204,negative,0.096,0.739,-,0,"T:T:18,?:T:14,M:T:1,I:T:3,K:T:1",1,0.667,T,"T:4160,?:23,M:1,I:5,K:1"
GCF_000864105.1_noTerminalStopCodon.part_lcl__NC_007358.1_cds_YP_308665.1_2,PB1,polymerase,205,negative,0.039,1.27,-,0,"?:I:14,I:L:1,I:V:5,I:I:9,I:M:3",1,0.667,I,"I:4163,?:15,L:1,V:5,M:6"
GCF_000864105.1_noTerminalStopCodon.part_lcl__NC_007358.1_cds_YP_308665.1_2,PB1,polymerase,206,negative,0.041,1.483,-,0,"G:G:38,?:G:14,G:R:1,E:G:1",1,0.667,G,"G:4171,?:16,R:1,E:2"
GCF_000864105.1_noTerminalStopCodon.part_lcl__NC_007358.1_cds_YP_308665.1_2,PB1,polymerase,207,neutral,0.225,0.408,-,0.292,"K:R:9,?:K:15,K:K:11",1,0.204,K,"R:237,K:3938,?:15"
GCF_000864105.1_noTerminalStopCodon.part_lcl__NC_007358.1_cds_YP_308665.1_2,PB1,polymerase,208,negative,0.055,1.027,-,0,"K:K:24,?:K:14,K:R:3,K:N:1",1,0.667,K,"K:4162,?:15,R:12,N:1"
GCF_000864105.1_noTerminalStopCodon.part_lcl__NC_007358.1_cds_YP_308665.1_2,PB1,polymerase,209,negative,0.054,1.479,-,0,"K:R:9,?:K:14,K:K:28,E:K:1,K:N:1",1,0.667,K,"K:4158,R:16,?:14,E:1,N:1"
GCF_000864105.1_noTerminalStopCodon.part_lcl__NC_007358.1_cds_YP_308665.1_2,PB1,polymerase,210,negative,0,0.984,-,0,"?:Q:14,Q:Q:20,H:Q:2,L:Q:2,Q:R:1",1,0.667,Q,"Q:4171,?:14,H:2,L:2,R:1"
GCF_000864105.1_noTerminalStopCodon.part_lcl__NC_007358.1_cds_YP_308665.1_2,PB1,polymerase,211,negative,0.271,1.148,-,0,"R:R:31,?:R:14,K:R:13,R:W:1,G:R:1,M:R:1",1,0.601,R,"R:4146,?:15,K:24,W:1,G:3,M:1"
GCF_000864105.1_noTerminalStopCodon.part_lcl__NC_007358.1_cds_YP_308665.1_2,PB1,polymerase,212,negative,0.177,1.28,-,0,"L:L:49,?:L:7,I:L:1,F:L:1,L:M:5",1,0.101,L,"L:4164,?:13,I:1,F:5,M:7"
GCF_000864105.1_noTerminalStopCodon.part_lcl__NC_007358.1_cds_YP_308665.1_2,PB1,polymerase,213,negative,0.364,0.98,-,0.021,"N:N:16,?:N:13,N:S:13,K:N:5,N:T:2,D:N:2,N:Y:1,I:N:1,P:T:1",1,0.233,N,"N:4103,?:14,S:15,K:43,T:10,D:2,Y:1,I:1,P:1"
GCF_000864105.1_noTerminalStopCodon.part_lcl__NC_007358.1_cds_YP_308665.1_2,PB1,polymerase,214,negative,0.164,1.373,-,0,"K:K:27,?:K:13,K:R:10,K:N:1,I:K:1",1,0.667,K,"K:4141,?:14,R:33,N:1,I:1"
GCF_000864105.1_noTerminalStopCodon.part_lcl__NC_007358.1_cds_YP_308665.1_2,PB1,polymerase,215,neutral,1.405,0.86,"overall,bipolar",0.084,"K:R:53,?:R:14,R:R:17,G:R:2,K:K:4,M:R:1",5.428886057368132e-06,0.07,R,"R:3176,K:995,?:16,G:2,M:1"
GCF_000864105.1_noTerminalStopCodon.part_lcl__NC_007358.1_cds_YP_308665.1_2,PB1,polymerase,216,neutral,0.206,0.385,-,0.283,"N:S:11,?:S:13,S:S:7,G:S:5,I:S:2,R:S:2,C:S:1",1,0.564,S,"S:4096,N:56,?:13,G:19,I:3,R:2,C:1"
GCF_000864105.1_noTerminalStopCodon.part_lcl__NC_007358.1_cds_YP_308665.1_2,PB1,polymerase,217,negative,0,1.782,-,0,"Y:Y:31,?:Y:13,H:Y:1",1,0.667,Y,"Y:4175,?:14,H:1"
GCF_000864105.1_noTerminalStopCodon.part_lcl__NC_007358.1_cds_YP_308665.1_2,PB1,polymerase,218,negative,0.084,1.105,-,0,"L:L:43,?:L:3,L:M:1",1,0.667,L,"L:4174,?:14,M:2"
GCF_000864105.1_noTerminalStopCodon.part_lcl__NC_007358.1_cds_YP_308665.1_2,PB1,polymerase,219,negative,0.077,0.554,-,0.033,"?:I:14,I:V:3,I:L:1,I:I:3,I:T:3",1,0.667,I,"I:4163,?:14,V:4,L:6,T:3"
GCF_000864105.1_noTerminalStopCodon.part_lcl__NC_007358.1_cds_YP_308665.1_2,PB1,polymerase,220,negative,0,1.116,-,0,"?:R:14,R:R:22,K:R:4,R:S:1",1,0.667,R,"R:4171,?:14,K:4,S:1"
GCF_000864105.1_noTerminalStopCodon.part_lcl__NC_007358.1_cds_YP_308665.1_2,PB1,polymerase,221,negative,0,1.188,-,0,"?:A:13,A:A:29,A:T:2",1,0.667,A,"A:4175,?:13,T:2"
GCF_000864105.1_noTerminalStopCodon.part_lcl__NC_007358.1_cds_YP_308665.1_2,PB1,polymerase,222,negative,0,0.842,-,0,L:L:38,1,0.667,L,"L:4176,?:14"
GCF_000864105.1_noTerminalStopCodon.part_lcl__NC_007358.1_cds_YP_308665.1_2,PB1,polymerase,223,negative,0,0.498,-,0,"T:T:12,?:T:13",1,0.667,T,"T:4176,?:14"
GCF_000864105.1_noTerminalStopCodon.part_lcl__NC_007358.1_cds_YP_308665.1_2,PB1,polymerase,224,negative,0,0.952,-,0,L:L:44,1,0.667,L,"L:4176,?:14"
GCF_000864105.1_noTerminalStopCodon.part_lcl__NC_007358.1_cds_YP_308665.1_2,PB1,polymerase,225,negative,0,1.012,-,0,"?:N:14,N:N:18,N:S:1",1,0.667,N,"N:4175,?:14,S:1"
GCF_000864105.1_noTerminalStopCodon.part_lcl__NC_007358.1_cds_YP_308665.1_2,PB1,polymerase,226,negative,0,0.825,-,0,"?:T:14,T:T:20,A:T:1",1,0.667,T,"T:4175,?:14,A:1"
GCF_000864105.1_noTerminalStopCodon.part_lcl__NC_007358.1_cds_YP_308665.1_2,PB1,polymerase,227,neutral,0,0.215,-,1,NA,1,0.667,M,"M:4175,?:15"
GCF_000864105.1_noTerminalStopCodon.part_lcl__NC_007358.1_cds_YP_308665.1_2,PB1,polymerase,228,negative,0,1.413,-,0,"T:T:33,?:T:15,A:T:2",1,0.667,T,"T:4173,?:15,A:2"
GCF_000864105.1_noTerminalStopCodon.part_lcl__NC_007358.1_cds_YP_308665.1_2,PB1,polymerase,229,negative,0,1.837,-,0,"?:K:14,K:K:36,E:K:1",1,0.667,K,"K:4171,?:18,E:1"
GCF_000864105.1_noTerminalStopCodon.part_lcl__NC_007358.1_cds_YP_308665.1_2,PB1,polymerase,230,negative,0,1.334,-,0,"D:D:23,?:D:15,D:G:1",1,0.667,D,"D:4172,?:17,G:1"
GCF_000864105.1_noTerminalStopCodon.part_lcl__NC_007358.1_cds_YP_308665.1_2,PB1,polymerase,231,negative,0,1.022,-,0,"A:A:24,?:A:15",1,0.667,A,"A:4175,?:15"
GCF_000864105.1_noTerminalStopCodon.part_lcl__NC_007358.1_cds_YP_308665.1_2,PB1,polymerase,232,negative,0,0.694,-,0,"?:E:15,E:E:13,E:K:1",1,0.667,E,"E:4174,?:15,K:1"
GCF_000864105.1_noTerminalStopCodon.part_lcl__NC_007358.1_cds_YP_308665.1_2,PB1,polymerase,233,negative,0,1.061,-,0,"?:R:17,R:R:22",1,0.667,R,"R:4172,?:18"
GCF_000864105.1_noTerminalStopCodon.part_lcl__NC_007358.1_cds_YP_308665.1_2,PB1,polymerase,234,negative,0,1.063,-,0,"?:G:16,G:G:26",1,0.667,G,"G:4172,?:18"
GCF_000864105.1_noTerminalStopCodon.part_lcl__NC_007358.1_cds_YP_308665.1_2,PB1,polymerase,235,negative,0,1.074,-,0,"?:K:16,K:K:20,K:R:1,E:K:1",1,0.667,K,"K:4169,?:19,R:1,E:1"
GCF_000864105.1_noTerminalStopCodon.part_lcl__NC_007358.1_cds_YP_308665.1_2,PB1,polymerase,236,negative,0,1.14,-,0,"L:L:43,?:L:9",1,0.667,L,"L:4171,?:19"
GCF_000864105.1_noTerminalStopCodon.part_lcl__NC_007358.1_cds_YP_308665.1_2,PB1,polymerase,237,negative,0.055,1.323,-,0,"?:K:16,K:R:5,K:K:33,K:M:1",1,0.667,K,"K:4165,?:17,R:7,M:1"
GCF_000864105.1_noTerminalStopCodon.part_lcl__NC_007358.1_cds_YP_308665.1_2,PB1,polymerase,238,negative,0,1.297,-,0,"?:R:14,R:R:32,K:R:3",1,0.667,R,"R:4173,?:14,K:3"
GCF_000864105.1_noTerminalStopCodon.part_lcl__NC_007358.1_cds_YP_308665.1_2,PB1,polymerase,239,negative,0,1.545,-,0,"R:R:46,?:R:14",1,0.667,R,"R:4176,?:14"
GCF_000864105.1_noTerminalStopCodon.part_lcl__NC_007358.1_cds_YP_308665.1_2,PB1,polymerase,240,negative,0,0.592,-,0,"A:A:15,?:A:14",1,0.667,A,"A:4174,?:16"
GCF_000864105.1_noTerminalStopCodon.part_lcl__NC_007358.1_cds_YP_308665.1_2,PB1,polymerase,241,negative,0,0.478,-,0,"I:I:10,?:I:14",1,0.667,I,"I:4176,?:14"
GCF_000864105.1_noTerminalStopCodon.part_lcl__NC_007358.1_cds_YP_308665.1_2,PB1,polymerase,242,negative,0,0.733,-,0,"?:A:14,A:A:18",1,0.667,A,"A:4174,?:16"
GCF_000864105.1_noTerminalStopCodon.part_lcl__NC_007358.1_cds_YP_308665.1_2,PB1,polymerase,243,negative,0,0.581,-,0,"?:T:14,T:T:14,A:T:1",1,0.667,T,"T:4174,?:15,A:1"
GCF_000864105.1_noTerminalStopCodon.part_lcl__NC_007358.1_cds_YP_308665.1_2,PB1,polymerase,244,negative,0,1.731,-,0,"?:P:14,P:P:41",1,0.667,P,"P:4176,?:14"
GCF_000864105.1_noTerminalStopCodon.part_lcl__NC_007358.1_cds_YP_308665.1_2,PB1,polymerase,245,negative,0,1.269,-,0,"G:G:33,?:G:13",1,0.667,G,"G:4177,?:13"
GCF_000864105.1_noTerminalStopCodon.part_lcl__NC_007358.1_cds_YP_308665.1_2,PB1,polymerase,246,neutral,0,0.073,-,1,I:M:2,1,0.667,M,"M:4176,?:12,I:2"
GCF_000864105.1_noTerminalStopCodon.part_lcl__NC_007358.1_cds_YP_308665.1_2,PB1,polymerase,247,negative,0,1.369,-,0,"?:Q:12,Q:Q:28,H:Q:1",1,0.667,Q,"Q:4177,?:12,H:1"
GCF_000864105.1_noTerminalStopCodon.part_lcl__NC_007358.1_cds_YP_308665.1_2,PB1,polymerase,248,negative,0,0.667,-,0,"?:I:11,I:I:15,I:T:1,I:S:1",1,0.667,I,"I:4175,?:13,T:1,S:1"
GCF_000864105.1_noTerminalStopCodon.part_lcl__NC_007358.1_cds_YP_308665.1_2,PB1,polymerase,249,negative,0,0.832,-,0,"R:R:18,?:R:11",1,0.667,R,"R:4177,?:13"
GCF_000864105.1_noTerminalStopCodon.part_lcl__NC_007358.1_cds_YP_308665.1_2,PB1,polymerase,250,negative,0,1.562,-,0,"?:G:12,G:G:39",1,0.667,G,"G:4177,?:13"
GCF_000864105.1_noTerminalStopCodon.part_lcl__NC_007358.1_cds_YP_308665.1_2,PB1,polymerase,251,negative,0,1.278,-,0,"?:F:12,F:F:22,F:I:1",1,0.667,F,"F:4175,?:14,I:1"
GCF_000864105.1_noTerminalStopCodon.part_lcl__NC_007358.1_cds_YP_308665.1_2,PB1,polymerase,252,negative,0,1.109,-,0,"V:V:32,I:V:1",1,0.667,V,"V:4175,?:14,I:1"
GCF_000864105.1_noTerminalStopCodon.part_lcl__NC_007358.1_cds_YP_308665.1_2,PB1,polymerase,253,negative,0,1.151,-,0,"Y:Y:20,?:Y:13,F:Y:2,H:Y:4",1,0.667,Y,"Y:4171,?:13,F:2,H:4"
GCF_000864105.1_noTerminalStopCodon.part_lcl__NC_007358.1_cds_YP_308665.1_2,PB1,polymerase,254,negative,0.049,0.917,-,0,"?:F:13,F:F:16,F:I:1,C:F:1,F:V:1,A:V:1",1,0.667,F,"F:4169,?:13,I:1,C:1,V:5,A:1"
GCF_000864105.1_noTerminalStopCodon.part_lcl__NC_007358.1_cds_YP_308665.1_2,PB1,polymerase,255,negative,0,0.945,-,0,"?:V:13,V:V:23",1,0.667,V,"V:4174,?:16"
GCF_000864105.1_noTerminalStopCodon.part_lcl__NC_007358.1_cds_YP_308665.1_2,PB1,polymerase,256,negative,0,0.976,-,0,"E:E:18,?:E:14",1,0.667,E,"E:4176,?:14"
GCF_000864105.1_noTerminalStopCodon.part_lcl__NC_007358.1_cds_YP_308665.1_2,PB1,polymerase,257,neutral,0.292,0.328,-,0.82,"?:T:15,A:T:12,T:T:8,I:T:2,A:S:1",1,0.652,T,"T:4141,?:15,A:28,I:4,S:2"
GCF_000864105.1_noTerminalStopCodon.part_lcl__NC_007358.1_cds_YP_308665.1_2,PB1,polymerase,258,negative,0,1.031,-,0,"L:L:40,?:L:12,I:L:1",1,0.667,L,"L:4174,?:15,I:1"
GCF_000864105.1_noTerminalStopCodon.part_lcl__NC_007358.1_cds_YP_308665.1_2,PB1,polymerase,259,negative,0,1.067,-,0,"?:A:14,A:A:29,A:S:1",1,0.667,A,"A:4174,?:15,S:1"
GCF_000864105.1_noTerminalStopCodon.part_lcl__NC_007358.1_cds_YP_308665.1_2,PB1,polymerase,260,negative,0.045,0.584,-,0,"?:R:14,K:R:8,G:R:2,R:R:16",1,0.667,R,"R:4163,?:16,K:9,G:2"
GCF_000864105.1_noTerminalStopCodon.part_lcl__NC_007358.1_cds_YP_308665.1_2,PB1,polymerase,261,negative,0.438,0.994,-,0.037,"?:S:15,S:S:13,G:S:8,N:S:10,C:S:6,C:C:2,S:T:1,T:T:1,A:T:1,R:S:2,I:S:1",1,0.016,S,"S:3936,?:17,G:130,N:20,C:77,T:4,A:2,R:3,I:1"
GCF_000864105.1_noTerminalStopCodon.part_lcl__NC_007358.1_cds_YP_308665.1_2,PB1,polymerase,262,negative,0,0.924,-,0,"?:I:15,I:I:21",1,0.667,I,"I:4174,?:16"
GCF_000864105.1_noTerminalStopCodon.part_lcl__NC_007358.1_cds_YP_308665.1_2,PB1,polymerase,263,negative,0,0.227,-,0.011,"?:C:15,C:S:1,C:C:4",1,0.667,C,"C:4174,?:15,S:1"
GCF_000864105.1_noTerminalStopCodon.part_lcl__NC_007358.1_cds_YP_308665.1_2,PB1,polymerase,264,negative,0.095,0.786,-,0,"?:E:14,E:E:19,D:E:4,?:D:1,D:N:1,E:Q:1",1,0.667,E,"E:3666,?:17,D:505,N:1,Q:1"
GCF_000864105.1_noTerminalStopCodon.part_lcl__NC_007358.1_cds_YP_308665.1_2,PB1,polymerase,265,negative,0,1.054,-,0,"?:K:14,K:K:21,K:N:1,K:R:1",1,0.667,K,"K:4173,?:15,N:1,R:1"
GCF_000864105.1_noTerminalStopCodon.part_lcl__NC_007358.1_cds_YP_308665.1_2,PB1,polymerase,266,negative,0,0.672,-,0,"?:L:14,L:L:16,I:L:1",1,0.667,L,"L:4175,?:14,I:1"
GCF_000864105.1_noTerminalStopCodon.part_lcl__NC_007358.1_cds_YP_308665.1_2,PB1,polymerase,267,negative,0,0.909,-,0,"?:E:14,E:E:22,E:H:1",1,0.667,E,"E:4175,?:14,H:1"
GCF_000864105.1_noTerminalStopCodon.part_lcl__NC_007358.1_cds_YP_308665.1_2,PB1,polymerase,268,negative,0,1.078,-,0,"?:Q:14,Q:Q:20,Q:R:1,P:Q:1",1,0.667,Q,"Q:4174,?:14,R:1,P:1"
GCF_000864105.1_noTerminalStopCodon.part_lcl__NC_007358.1_cds_YP_308665.1_2,PB1,polymerase,269,negative,0,0.695,-,0,"?:S:15,S:S:17,A:S:1,S:T:1,F:S:1",1,0.667,S,"S:4171,?:16,A:1,T:1,F:1"
GCF_000864105.1_noTerminalStopCodon.part_lcl__NC_007358.1_cds_YP_308665.1_2,PB1,polymerase,270,negative,0,1.166,-,0,"?:G:15,G:G:28",1,0.667,G,"G:4175,?:15"
GCF_000864105.1_noTerminalStopCodon.part_lcl__NC_007358.1_cds_YP_308665.1_2,PB1,polymerase,271,negative,0,1.118,-,0,"?:L:15,L:L:26,L:Q:1",1,0.667,L,"L:4172,?:17,Q:1"
GCF_000864105.1_noTerminalStopCodon.part_lcl__NC_007358.1_cds_YP_308665.1_2,PB1,polymerase,272,negative,0,1.359,-,0,"?:P:15,P:P:31",1,0.667,P,"P:4175,?:15"
GCF_000864105.1_noTerminalStopCodon.part_lcl__NC_007358.1_cds_YP_308665.1_2,PB1,polymerase,273,negative,0,0.887,-,0,"?:V:15,I:V:4,V:V:21",1,0.667,V,"V:4171,?:15,I:4"
GCF_000864105.1_noTerminalStopCodon.part_lcl__NC_007358.1_cds_YP_308665.1_2,PB1,polymerase,274,negative,0,0.988,-,0,"G:G:24,?:G:14",1,0.667,G,"G:4175,?:15"
GCF_000864105.1_noTerminalStopCodon.part_lcl__NC_007358.1_cds_YP_308665.1_2,PB1,polymerase,275,negative,0,0.983,-,0,"?:G:14,G:G:27",1,0.667,G,"G:4175,?:15"
GCF_000864105.1_noTerminalStopCodon.part_lcl__NC_007358.1_cds_YP_308665.1_2,PB1,polymerase,276,negative,0,0.633,-,0,"?:N:14,N:N:11",1,0.667,N,"N:4176,?:14"
GCF_000864105.1_noTerminalStopCodon.part_lcl__NC_007358.1_cds_YP_308665.1_2,PB1,polymerase,277,negative,0,1.302,-,0,"E:E:31,?:E:14",1,0.667,E,"E:4168,?:22"
GCF_000864105.1_noTerminalStopCodon.part_lcl__NC_007358.1_cds_YP_308665.1_2,PB1,polymerase,278,negative,0,0.923,-,0,"?:K:14,K:K:24",1,0.667,K,"K:4176,?:14"
GCF_000864105.1_noTerminalStopCodon.part_lcl__NC_007358.1_cds_YP_308665.1_2,PB1,polymerase,279,negative,0,1.144,-,0,"?:K:14,K:K:28,E:K:1",1,0.667,K,"K:4174,?:15,E:1"
GCF_000864105.1_noTerminalStopCodon.part_lcl__NC_007358.1_cds_YP_308665.1_2,PB1,polymerase,280,negative,0,1.283,-,0,"?:A:14,A:A:31",1,0.667,A,"A:4176,?:14"
GCF_000864105.1_noTerminalStopCodon.part_lcl__NC_007358.1_cds_YP_308665.1_2,PB1,polymerase,281,negative,0,1,-,0,"?:K:14,K:K:19",1,0.667,K,"K:4175,?:15"
GCF_000864105.1_noTerminalStopCodon.part_lcl__NC_007358.1_cds_YP_308665.1_2,PB1,polymerase,282,negative,0,1.072,-,0,"L:L:44,?:L:9",1,0.667,L,"L:4175,?:15"
GCF_000864105.1_noTerminalStopCodon.part_lcl__NC_007358.1_cds_YP_308665.1_2,PB1,polymerase,283,negative,0,0.328,-,0.001,"?:A:15,A:A:8",1,0.667,A,"A:4175,?:15"
GCF_000864105.1_noTerminalStopCodon.part_lcl__NC_007358.1_cds_YP_308665.1_2,PB1,polymerase,284,negative,0,1.662,-,0,"?:N:15,N:N:28,N:T:1",1,0.667,N,"N:4173,?:16,T:1"
GCF_000864105.1_noTerminalStopCodon.part_lcl__NC_007358.1_cds_YP_308665.1_2,PB1,polymerase,285,negative,0,1.952,-,0,"V:V:47,?:V:14,A:V:1",1,0.667,V,"V:4175,?:14,A:1"
GCF_000864105.1_noTerminalStopCodon.part_lcl__NC_007358.1_cds_YP_308665.1_2,PB1,polymerase,286,negative,0,0.809,-,0,"V:V:24,?:V:1",1,0.667,V,"V:4175,?:15"
GCF_000864105.1_noTerminalStopCodon.part_lcl__NC_007358.1_cds_YP_308665.1_2,PB1,polymerase,287,negative,0,0.977,-,0,"R:R:24,?:R:14",1,0.667,R,"R:4175,?:15"
GCF_000864105.1_noTerminalStopCodon.part_lcl__NC_007358.1_cds_YP_308665.1_2,PB1,polymerase,288,negative,0,1.056,-,0,"?:K:14,K:K:24,K:N:1",1,0.667,K,"K:4175,?:14,N:1"
GCF_000864105.1_noTerminalStopCodon.part_lcl__NC_007358.1_cds_YP_308665.1_2,PB1,polymerase,289,neutral,0,0.109,-,1,I:M:1,1,0.667,M,"M:4175,I:1,?:14"
GCF_000864105.1_noTerminalStopCodon.part_lcl__NC_007358.1_cds_YP_308665.1_2,PB1,polymerase,290,neutral,0,0.215,-,1,NA,1,0.667,M,"M:4176,?:14"
GCF_000864105.1_noTerminalStopCodon.part_lcl__NC_007358.1_cds_YP_308665.1_2,PB1,polymerase,291,negative,0,1.199,-,0,"T:T:28,?:T:14,I:T:2,T:V:1,S:T:1",1,0.667,T,"T:4172,?:14,I:2,V:1,S:1"
GCF_000864105.1_noTerminalStopCodon.part_lcl__NC_007358.1_cds_YP_308665.1_2,PB1,polymerase,292,negative,0.151,2.004,-,0,"N:N:35,?:N:14,H:N:1,N:S:4,K:N:1,N:T:1",1,0.667,N,"N:4164,?:15,H:1,S:8,K:1,T:1"
GCF_000864105.1_noTerminalStopCodon.part_lcl__NC_007358.1_cds_YP_308665.1_2,PB1,polymerase,293,negative,0,0.666,-,0,"?:S:14,S:S:17,L:S:2",1,0.667,S,"S:4173,?:15,L:2"
GCF_000864105.1_noTerminalStopCodon.part_lcl__NC_007358.1_cds_YP_308665.1_2,PB1,polymerase,294,negative,0,1.095,-,0,"?:Q:14,Q:Q:22,Q:R:3,H:Q:1,P:Q:1,K:Q:2,L:Q:1",1,0.667,Q,"Q:4167,?:15,R:3,H:1,P:1,K:2,L:1"
GCF_000864105.1_noTerminalStopCodon.part_lcl__NC_007358.1_cds_YP_308665.1_2,PB1,polymerase,295,negative,0,1.442,-,0,"D:D:25,?:D:14,D:E:1",1,0.667,D,"D:4175,?:14,E:1"
GCF_000864105.1_noTerminalStopCodon.part_lcl__NC_007358.1_cds_YP_308665.1_2,PB1,polymerase,296,negative,0,0.502,-,0,"?:T:14,I:T:2,A:T:2,T:T:12,N:T:1",1,0.667,T,"T:4170,?:15,I:2,A:2,N:1"
GCF_000864105.1_noTerminalStopCodon.part_lcl__NC_007358.1_cds_YP_308665.1_2,PB1,polymerase,297,negative,0,1.002,-,0,"?:E:13,E:E:24",1,0.667,E,"E:4176,?:14"
GCF_000864105.1_noTerminalStopCodon.part_lcl__NC_007358.1_cds_YP_308665.1_2,PB1,polymerase,298,neutral,0.275,0.479,-,0.281,"L:L:12,?:L:13,L:V:3,I:L:10",1,0.425,L,"L:4156,?:13,V:5,I:16"
GCF_000864105.1_noTerminalStopCodon.part_lcl__NC_007358.1_cds_YP_308665.1_2,PB1,polymerase,299,negative,0,0.896,-,0,"S:S:22,?:S:13,S:T:1",1,0.667,S,"S:4176,?:13,T:1"
GCF_000864105.1_noTerminalStopCodon.part_lcl__NC_007358.1_cds_YP_308665.1_2,PB1,polymerase,300,negative,0,1.489,-,0,"?:F:13,F:F:26,F:L:1",1,0.667,F,"F:4175,?:14,L:1"
GCF_000864105.1_noTerminalStopCodon.part_lcl__NC_007358.1_cds_YP_308665.1_2,PB1,polymerase,301,negative,0,0.415,-,0,"T:T:10,?:T:13,I:T:1,G:T:1",1,0.667,T,"T:4175,?:13,I:1,G:1"
GCF_000864105.1_noTerminalStopCodon.part_lcl__NC_007358.1_cds_YP_308665.1_2,PB1,polymerase,302,negative,0,1.542,-,0,"I:I:32,?:I:13,I:V:1,I:T:1,E:I:1",1,0.667,I,"I:4174,?:13,V:1,T:1,E:1"
GCF_000864105.1_noTerminalStopCodon.part_lcl__NC_007358.1_cds_YP_308665.1_2,PB1,polymerase,303,negative,0,1.129,-,0,"?:T:13,T:T:26,S:T:1",1,0.667,T,"T:4176,?:13,S:1"
GCF_000864105.1_noTerminalStopCodon.part_lcl__NC_007358.1_cds_YP_308665.1_2,PB1,polymerase,304,negative,0,1.307,-,0,"?:G:12,G:G:32",1,0.667,G,"G:4177,?:13"
GCF_000864105.1_noTerminalStopCodon.part_lcl__NC_007358.1_cds_YP_308665.1_2,PB1,polymerase,305,negative,0,1.125,-,0,"?:D:12,D:D:19,D:L:1,D:H:1",1,0.667,D,"D:4176,?:12,L:1,H:1"
GCF_000864105.1_noTerminalStopCodon.part_lcl__NC_007358.1_cds_YP_308665.1_2,PB1,polymerase,306,negative,0,1.019,-,0,"?:N:12,N:N:18,H:N:1,N:Y:1,N:S:1",1,0.667,N,"N:4175,?:12,H:1,Y:1,S:1"
GCF_000864105.1_noTerminalStopCodon.part_lcl__NC_007358.1_cds_YP_308665.1_2,PB1,polymerase,307,negative,0,1.112,-,0,"?:T:12,T:T:26,K:T:1,A:T:1",1,0.667,T,"T:4175,?:13,K:1,A:1"
GCF_000864105.1_noTerminalStopCodon.part_lcl__NC_007358.1_cds_YP_308665.1_2,PB1,polymerase,308,negative,0,1.117,-,0,"?:K:13,K:M:1,K:K:20,E:K:2",1,0.667,K,"K:4174,?:13,M:1,E:2"
GCF_000864105.1_noTerminalStopCodon.part_lcl__NC_007358.1_cds_YP_308665.1_2,PB1,polymerase,309,neutral,0,0,-,1,"?:W:13,G:W:1",1,0.667,W,"W:4176,?:13,G:1"
GCF_000864105.1_noTerminalStopCodon.part_lcl__NC_007358.1_cds_YP_308665.1_2,PB1,polymerase,310,negative,0,0.57,-,0,"?:N:13,N:N:10",1,0.667,N,"N:4177,?:13"
GCF_000864105.1_noTerminalStopCodon.part_lcl__NC_007358.1_cds_YP_308665.1_2,PB1,polymerase,311,negative,0,0.971,-,0,"?:E:13,E:E:24,E:K:1",1,0.667,E,"E:4175,?:14,K:1"
GCF_000864105.1_noTerminalStopCodon.part_lcl__NC_007358.1_cds_YP_308665.1_2,PB1,polymerase,312,negative,0,1.589,-,0,"?:N:13,N:N:27,F:N:1",1,0.667,N,"N:4175,?:14,F:1"
GCF_000864105.1_noTerminalStopCodon.part_lcl__NC_007358.1_cds_YP_308665.1_2,PB1,polymerase,313,negative,0,1.016,-,0,"?:Q:13,Q:Q:23",1,0.667,Q,"Q:4176,?:14"
GCF_000864105.1_noTerminalStopCodon.part_lcl__NC_007358.1_cds_YP_308665.1_2,PB1,polymerase,314,negative,0.05,3.06,-,0,"N:N:50,?:N:13,N:S:7",1,0.667,N,"N:4164,?:13,S:13"
GCF_000864105.1_noTerminalStopCodon.part_lcl__NC_007358.1_cds_YP_308665.1_2,PB1,polymerase,315,negative,0,1.579,-,0,"?:P:13,P:P:37,L:P:1",1,0.667,P,"P:4176,?:13,L:1"
GCF_000864105.1_noTerminalStopCodon.part_lcl__NC_007358.1_cds_YP_308665.1_2,PB1,polymerase,316,negative,0,1.337,-,0,"?:R:13,Q:R:1,R:R:42,R:W:1,K:R:2,G:R:1",1,0.667,R,"R:4171,?:14,Q:1,W:1,K:2,G:1"
GCF_000864105.1_noTerminalStopCodon.part_lcl__NC_007358.1_cds_YP_308665.1_2,PB1,polymerase,317,neutral,0.234,1.142,-,0.39,"M:T:5,M:V:19,I:M:9",1,0.088,M,"M:4110,T:5,V:51,?:14,I:10"
GCF_000864105.1_noTerminalStopCodon.part_lcl__NC_007358.1_cds_YP_308665.1_2,PB1,polymerase,318,negative,0,1.122,-,0,"?:F:13,F:F:19,F:L:1,F:I:1",1,0.667,F,"F:4175,?:13,L:1,I:1"
GCF_000864105.1_noTerminalStopCodon.part_lcl__NC_007358.1_cds_YP_308665.1_2,PB1,polymerase,319,negative,0.082,1.634,-,0,"L:L:73,L:M:3",1,0.667,L,"L:4172,?:13,M:5"
GCF_000864105.1_noTerminalStopCodon.part_lcl__NC_007358.1_cds_YP_308665.1_2,PB1,polymerase,320,negative,0.042,0.797,-,0,"?:A:12,A:A:19,A:T:2",1,0.667,A,"A:4174,?:13,T:3"
GCF_000864105.1_noTerminalStopCodon.part_lcl__NC_007358.1_cds_YP_308665.1_2,PB1,polymerase,321,neutral,0.065,0,-,0.912,"I:M:2,M:T:1",1,0.641,M,"M:4035,?:12,I:142,T:1"
GCF_000864105.1_noTerminalStopCodon.part_lcl__NC_007358.1_cds_YP_308665.1_2,PB1,polymerase,322,neutral,0.038,0.369,-,0.059,"?:I:13,I:V:7,I:M:1,I:T:1,I:I:2",1,0.667,I,"I:4165,?:13,V:10,M:1,T:1"
GCF_000864105.1_noTerminalStopCodon.part_lcl__NC_007358.1_cds_YP_308665.1_2,PB1,polymerase,323,negative,0.145,1.151,-,0,"?:T:13,T:T:28,A:T:1,M:T:3,I:T:1,S:T:1",1,0.667,T,"T:4168,?:14,A:1,M:5,I:1,S:1"
GCF_000864105.1_noTerminalStopCodon.part_lcl__NC_007358.1_cds_YP_308665.1_2,PB1,polymerase,324,negative,0,0.679,-,0,"Y:Y:12,?:Y:13,F:Y:1",1,0.667,Y,"Y:4176,?:13,F:1"
GCF_000864105.1_noTerminalStopCodon.part_lcl__NC_007358.1_cds_YP_308665.1_2,PB1,polymerase,325,negative,0.047,0.905,-,0,"I:I:16,?:I:13,I:M:4,I:V:1,F:I:1",1,0.667,I,"I:4169,?:13,M:6,V:1,F:1"
GCF_000864105.1_noTerminalStopCodon.part_lcl__NC_007358.1_cds_YP_308665.1_2,PB1,polymerase,326,negative,0,0.246,-,0.007,"T:T:6,?:T:14",1,0.667,T,"T:4176,?:14"
GCF_000864105.1_noTerminalStopCodon.part_lcl__NC_007358.1_cds_YP_308665.1_2,PB1,polymerase,327,negative,0.045,1.324,-,0,"K:R:7,?:R:14,R:R:33,G:R:1,I:R:1",1,0.667,R,"R:4163,K:10,?:15,G:1,I:1"
GCF_000864105.1_noTerminalStopCodon.part_lcl__NC_007358.1_cds_YP_308665.1_2,PB1,polymerase,328,negative,0.255,1.35,-,0,"N:N:24,H:N:1,?:N:14,D:N:4,N:S:5,K:N:10,K:R:1",1,0.667,N,"N:4091,H:2,?:14,D:6,S:5,K:71,R:1"
GCF_000864105.1_noTerminalStopCodon.part_lcl__NC_007358.1_cds_YP_308665.1_2,PB1,polymerase,329,negative,0,0.925,-,0,"?:Q:14,Q:Q:19,Q:R:1,H:Q:1",1,0.667,Q,"Q:4174,?:14,R:1,H:1"
GCF_000864105.1_noTerminalStopCodon.part_lcl__NC_007358.1_cds_YP_308665.1_2,PB1,polymerase,330,negative,0,1.449,-,0,"?:P:14,P:P:34",1,0.667,P,"P:4175,?:15"
GCF_000864105.1_noTerminalStopCodon.part_lcl__NC_007358.1_cds_YP_308665.1_2,PB1,polymerase,331,negative,0.287,0.909,-,0.01,"?:E:14,E:E:15,D:E:3,E:K:10,E:G:2,D:D:1,K:R:1,K:K:1",1,0.659,E,"E:3949,?:15,D:20,K:201,G:4,R:1"
GCF_000864105.1_noTerminalStopCodon.part_lcl__NC_007358.1_cds_YP_308665.1_2,PB1,polymerase,332,neutral,0,0.215,-,1,?:W:13,1,0.667,W,"W:4175,?:15"
GCF_000864105.1_noTerminalStopCodon.part_lcl__NC_007358.1_cds_YP_308665.1_2,PB1,polymerase,333,negative,0.049,1.328,-,0,"?:F:13,F:F:23,F:L:3",1,0.667,F,"F:4159,?:25,L:6"
GCF_000864105.1_noTerminalStopCodon.part_lcl__NC_007358.1_cds_YP_308665.1_2,PB1,polymerase,334,negative,0,0.888,-,0,"?:R:13,K:R:1,R:R:23,Q:R:1",1,0.667,R,"R:4175,?:13,K:1,Q:1"
GCF_000864105.1_noTerminalStopCodon.part_lcl__NC_007358.1_cds_YP_308665.1_2,PB1,polymerase,335,negative,0,0.994,-,0,"?:N:13,N:N:16,D:N:1,N:T:1",1,0.667,N,"N:4175,?:13,D:1,T:1"
GCF_000864105.1_noTerminalStopCodon.part_lcl__NC_007358.1_cds_YP_308665.1_2,PB1,polymerase,336,negative,0,1.672,-,0,"V:V:40,?:V:13,I:V:8,A:V:1",1,0.667,V,"V:4168,?:13,I:8,A:1"
GCF_000864105.1_noTerminalStopCodon.part_lcl__NC_007358.1_cds_YP_308665.1_2,PB1,polymerase,337,negative,0.164,1.233,-,0,"L:L:44,L:V:1,?:L:2,L:M:1",1,0.667,L,"L:4168,?:15,V:3,M:4"
GCF_000864105.1_noTerminalStopCodon.part_lcl__NC_007358.1_cds_YP_308665.1_2,PB1,polymerase,338,negative,0,0.722,-,0,"S:S:13,?:S:13,C:S:1,R:S:1",1,0.667,S,"S:4173,?:15,C:1,R:1"
GCF_000864105.1_noTerminalStopCodon.part_lcl__NC_007358.1_cds_YP_308665.1_2,PB1,polymerase,339,negative,0.05,0.684,-,0,"?:I:13,I:I:14,I:V:3",1,0.667,I,"I:4171,?:13,V:6"
GCF_000864105.1_noTerminalStopCodon.part_lcl__NC_007358.1_cds_YP_308665.1_2,PB1,polymerase,340,negative,0,1.184,-,0,"?:A:13,A:A:29",1,0.667,A,"A:4176,?:14"
GCF_000864105.1_noTerminalStopCodon.part_lcl__NC_007358.1_cds_YP_308665.1_2,PB1,polymerase,341,negative,0,0.951,-,0,"P:P:23,?:P:13",1,0.667,P,"P:4177,?:13"
GCF_000864105.1_noTerminalStopCodon.part_lcl__NC_007358.1_cds_YP_308665.1_2,PB1,polymerase,342,negative,0.038,0.555,-,0.011,"?:I:13,I:I:2,I:V:4,I:T:1",1,0.667,I,"I:4171,?:13,V:5,T:1"
GCF_000864105.1_noTerminalStopCodon.part_lcl__NC_007358.1_cds_YP_308665.1_2,PB1,polymerase,343,neutral,0,0,-,1,"M:V:1,L:M:1",1,0.667,M,"M:4175,?:13,V:1,L:1"
GCF_000864105.1_noTerminalStopCodon.part_lcl__NC_007358.1_cds_YP_308665.1_2,PB1,polymerase,344,negative,0,0.778,-,0,"F:F:14,?:F:13",1,0.667,F,"F:4177,?:13"
GCF_000864105.1_noTerminalStopCodon.part_lcl__NC_007358.1_cds_YP_308665.1_2,PB1,polymerase,345,negative,0,1.234,-,0,"?:S:13,S:S:31,L:S:1",1,0.667,S,"S:4175,?:14,L:1"
GCF_000864105.1_noTerminalStopCodon.part_lcl__NC_007358.1_cds_YP_308665.1_2,PB1,polymerase,346,negative,0,1.365,-,0,"N:N:24,?:N:13,D:N:1,N:S:1",1,0.667,N,"N:4174,?:14,D:1,S:1"
GCF_000864105.1_noTerminalStopCodon.part_lcl__NC_007358.1_cds_YP_308665.1_2,PB1,polymerase,347,negative,0,1.191,-,0,"?:K:13,K:K:23",1,0.667,K,"K:4176,?:14"
GCF_000864105.1_noTerminalStopCodon.part_lcl__NC_007358.1_cds_YP_308665.1_2,PB1,polymerase,348,neutral,0.066,0,-,0.79,"M:V:6,M:T:1,L:M:2,M:R:1",1,0.58,M,"M:4147,?:13,V:7,T:1,L:21,R:1"
GCF_000864105.1_noTerminalStopCodon.part_lcl__NC_007358.1_cds_YP_308665.1_2,PB1,polymerase,349,negative,0,1.06,-,0,"?:A:13,A:A:29,A:V:3",1,0.667,A,"A:4174,?:13,V:3"
GCF_000864105.1_noTerminalStopCodon.part_lcl__NC_007358.1_cds_YP_308665.1_2,PB1,polymerase,350,negative,0.091,1.664,-,0,"?:R:13,R:R:35,K:R:6",1,0.256,R,"R:4168,?:14,K:8"
GCF_000864105.1_noTerminalStopCodon.part_lcl__NC_007358.1_cds_YP_308665.1_2,PB1,polymerase,351,negative,0,0.971,-,0,"L:V:1,L:L:37,?:L:11",1,0.667,L,"L:4174,?:15,V:1"
GCF_000864105.1_noTerminalStopCodon.part_lcl__NC_007358.1_cds_YP_308665.1_2,PB1,polymerase,352,negative,0,2.28,-,0,"G:G:60,?:G:13",1,0.667,G,"G:4176,?:14"
GCF_000864105.1_noTerminalStopCodon.part_lcl__NC_007358.1_cds_YP_308665.1_2,PB1,polymerase,353,neutral,0.161,0.421,-,0.135,"?:K:13,K:R:12,K:K:8",1,0.644,K,"K:4086,?:13,R:91"
GCF_000864105.1_noTerminalStopCodon.part_lcl__NC_007358.1_cds_YP_308665.1_2,PB1,polymerase,354,negative,0,1.823,-,0,"G:G:45,?:G:12,G:R:1",1,0.667,G,"G:4177,?:12,R:1"
GCF_000864105.1_noTerminalStopCodon.part_lcl__NC_007358.1_cds_YP_308665.1_2,PB1,polymerase,355,negative,0.062,0.67,-,0.002,"Y:Y:12,?:Y:12,H:Y:1,F:Y:1",1,0.667,Y,"Y:4173,?:12,H:1,F:4"
GCF_000864105.1_noTerminalStopCodon.part_lcl__NC_007358.1_cds_YP_308665.1_2,PB1,polymerase,356,neutral,0,0.108,-,1,M:V:1,1,0.667,M,"M:4176,?:13,V:1"
GCF_000864105.1_noTerminalStopCodon.part_lcl__NC_007358.1_cds_YP_308665.1_2,PB1,polymerase,357,negative,0,1.224,-,0,"?:F:13,F:F:22,F:V:1",1,0.667,F,"F:4176,?:13,V:1"
GCF_000864105.1_noTerminalStopCodon.part_lcl__NC_007358.1_cds_YP_308665.1_2,PB1,polymerase,358,negative,0.047,0.839,-,0,"?:E:14,E:E:16,E:K:1,D:E:1",1,0.667,E,"E:4173,?:14,K:1,D:2"
GCF_000864105.1_noTerminalStopCodon.part_lcl__NC_007358.1_cds_YP_308665.1_2,PB1,polymerase,359,negative,0,1.218,-,0,"?:S:13,S:S:21",1,0.667,S,"S:4177,?:13"
GCF_000864105.1_noTerminalStopCodon.part_lcl__NC_007358.1_cds_YP_308665.1_2,PB1,polymerase,360,negative,0.056,0.875,-,0,"K:K:23,?:K:13,K:N:4,K:R:4,E:K:1,K:T:1",1,0.667,K,"K:4165,?:13,N:4,R:4,E:3,T:1"
GCF_000864105.1_noTerminalStopCodon.part_lcl__NC_007358.1_cds_YP_308665.1_2,PB1,polymerase,361,negative,0.123,0.721,-,0.002,"N:S:11,S:S:13,?:S:13,G:S:5,I:S:1",1,0.667,S,"S:4157,N:14,?:13,G:5,I:1"
GCF_000864105.1_noTerminalStopCodon.part_lcl__NC_007358.1_cds_YP_308665.1_2,PB1,polymerase,362,neutral,0.033,0,-,0.938,"I:M:1,L:M:3",1,0.641,M,"M:4162,?:13,I:1,L:14"
GCF_000864105.1_noTerminalStopCodon.part_lcl__NC_007358.1_cds_YP_308665.1_2,PB1,polymerase,363,negative,0.22,1.138,-,0,"?:K:12,K:N:1,K:K:26,K:R:9,R:R:2,K:M:1",1,0.667,K,"K:4129,?:13,N:1,R:46,M:1"
GCF_000864105.1_noTerminalStopCodon.part_lcl__NC_007358.1_cds_YP_308665.1_2,PB1,polymerase,364,negative,0.072,1.126,-,0,"L:L:35,?:L:12,I:L:3,F:L:1,L:M:1",1,0.667,L,"L:4170,?:14,I:4,F:1,M:1"
GCF_000864105.1_noTerminalStopCodon.part_lcl__NC_007358.1_cds_YP_308665.1_2,PB1,polymerase,365,negative,0,1.57,-,0,"?:R:12,R:R:50,L:R:1",1,0.667,R,"R:4176,?:13,L:1"
GCF_000864105.1_noTerminalStopCodon.part_lcl__NC_007358.1_cds_YP_308665.1_2,PB1,polymerase,366,negative,0,0.571,-,0,"N:T:1,T:T:13,?:T:12,A:T:2",1,0.667,T,"T:4174,N:1,?:13,A:2"
GCF_000864105.1_noTerminalStopCodon.part_lcl__NC_007358.1_cds_YP_308665.1_2,PB1,polymerase,367,negative,0,0.995,-,0,"Q:Q:19,?:Q:12,P:Q:1,H:Q:1,L:Q:1,K:Q:1,Q:R:1",1,0.667,Q,"Q:4173,?:12,P:1,H:1,L:1,K:1,R:1"
GCF_000864105.1_noTerminalStopCodon.part_lcl__NC_007358.1_cds_YP_308665.1_2,PB1,polymerase,368,neutral,0.312,0.457,-,0.619,"I:V:15,I:I:2,?:I:12,I:M:1,I:T:2,I:L:1",1,0.667,I,"I:4148,V:25,?:12,M:1,T:2,L:2"
GCF_000864105.1_noTerminalStopCodon.part_lcl__NC_007358.1_cds_YP_308665.1_2,PB1,polymerase,369,negative,0.047,1.56,-,0,"?:P:12,P:P:40,P:Q:1,P:S:6",1,0.667,P,"P:4169,?:12,Q:1,S:8"
GCF_000864105.1_noTerminalStopCodon.part_lcl__NC_007358.1_cds_YP_308665.1_2,PB1,polymerase,370,negative,0,0.841,-,0,"?:A:12,A:A:20,A:S:1,A:T:1,A:P:1",1,0.667,A,"A:4175,?:12,S:1,T:1,P:1"
GCF_000864105.1_noTerminalStopCodon.part_lcl__NC_007358.1_cds_YP_308665.1_2,PB1,polymerase,371,negative,0,0.99,-,0,"E:K:2,?:E:12,E:E:19",1,0.667,E,"E:4174,K:2,?:14"
GCF_000864105.1_noTerminalStopCodon.part_lcl__NC_007358.1_cds_YP_308665.1_2,PB1,polymerase,372,neutral,0.436,0,-,0.4,"L:M:1,I:M:16,M:R:1,M:V:5,K:M:1,K:R:1,I:T:4,I:L:1,I:V:1",1,0.368,M,"M:3316,L:2,I:825,R:2,?:13,V:12,K:1,T:19"
GCF_000864105.1_noTerminalStopCodon.part_lcl__NC_007358.1_cds_YP_308665.1_2,PB1,polymerase,373,negative,0.058,0.68,-,0,"?:L:12,L:L:20,I:L:5,L:Q:1,L:P:1",1,0.667,L,"L:4164,?:12,I:12,Q:1,P:1"
GCF_000864105.1_noTerminalStopCodon.part_lcl__NC_007358.1_cds_YP_308665.1_2,PB1,polymerase,374,neutral,0.25,0.572,-,0.078,"?:A:12,A:S:3,A:A:14,A:V:2,A:E:4,A:T:11",1,0.435,A,"A:4147,?:12,S:3,V:2,E:9,T:17"
GCF_000864105.1_noTerminalStopCodon.part_lcl__NC_007358.1_cds_YP_308665.1_2,PB1,polymerase,375,negative,0.589,1.347,-,0.017,"D:N:4,N:N:19,N:S:18,?:N:3,S:S:3,I:S:1,?:S:9,G:S:3,R:S:2,N:T:11,K:N:2,H:N:1",1,0.667,N,"N:2286,D:4,S:1858,?:12,I:1,G:3,R:4,T:19,K:2,H:1"
GCF_000864105.1_noTerminalStopCodon.part_lcl__NC_007358.1_cds_YP_308665.1_2,PB1,polymerase,376,negative,0,0.478,-,0,"?:I:12,I:I:10,I:V:4,I:M:1",1,0.667,I,"I:4173,?:12,V:4,M:1"
GCF_000864105.1_noTerminalStopCodon.part_lcl__NC_007358.1_cds_YP_308665.1_2,PB1,polymerase,377,negative,0.13,1.862,-,0,"?:D:12,D:D:31,D:N:9,D:E:2,D:T:1",1,0.667,D,"D:4163,?:12,N:11,E:3,T:1"
GCF_000864105.1_noTerminalStopCodon.part_lcl__NC_007358.1_cds_YP_308665.1_2,PB1,polymerase,378,negative,0.147,1.351,-,0,"L:L:46,?:L:3,L:M:3,M:V:1,F:L:1",1,0.006,L,"L:4086,?:15,M:86,V:1,F:2"
GCF_000864105.1_noTerminalStopCodon.part_lcl__NC_007358.1_cds_YP_308665.1_2,PB1,polymerase,379,negative,0.106,0.723,-,0.002,"K:R:7,?:K:13,K:K:15,K:T:2,I:K:1",1,0.667,K,"K:4142,R:32,?:13,T:2,I:1"
GCF_000864105.1_noTerminalStopCodon.part_lcl__NC_007358.1_cds_YP_308665.1_2,PB1,polymerase,380,negative,0,1.713,-,0,"N:Y:1,?:Y:13,Y:Y:30",1,0.667,Y,"Y:4176,N:1,?:13"
GCF_000864105.1_noTerminalStopCodon.part_lcl__NC_007358.1_cds_YP_308665.1_2,PB1,polymerase,381,negative,0,0.55,-,0,"?:F:13,F:F:10,F:L:1",1,0.667,F,"F:4176,?:13,L:1"
GCF_000864105.1_noTerminalStopCodon.part_lcl__NC_007358.1_cds_YP_308665.1_2,PB1,polymerase,382,negative,0,1.682,-,0,"?:N:13,N:N:28,N:S:2",1,0.667,N,"N:4174,?:14,S:2"
GCF_000864105.1_noTerminalStopCodon.part_lcl__NC_007358.1_cds_YP_308665.1_2,PB1,polymerase,383,negative,0.286,1.126,-,0.001,"E:G:5,E:E:23,?:E:14,D:E:8,E:V:1,E:K:3",1,0.647,E,"E:4047,G:64,?:14,D:50,V:4,K:11"
GCF_000864105.1_noTerminalStopCodon.part_lcl__NC_007358.1_cds_YP_308665.1_2,PB1,polymerase,384,neutral,1.136,0.709,-,0.165,"L:S:24,?:S:12,A:S:2,S:S:7,S:T:4,P:S:15,P:P:1,?:L:2,L:L:9,I:L:2,I:T:1,T:T:1,I:S:1",1,0.07,S,"S:3548,L:477,?:17,A:14,T:25,P:51,I:58"
GCF_000864105.1_noTerminalStopCodon.part_lcl__NC_007358.1_cds_YP_308665.1_2,PB1,polymerase,385,negative,0,1.232,-,0,"?:T:14,T:T:32,P:T:2",1,0.667,T,"T:4172,?:16,P:2"
GCF_000864105.1_noTerminalStopCodon.part_lcl__NC_007358.1_cds_YP_308665.1_2,PB1,polymerase,386,neutral,0.579,1.035,-,0.103,"K:R:35,?:R:11,R:R:20,K:K:2,?:K:3,R:S:1,K:Q:1",1,0.667,R,"R:3289,K:884,?:15,S:1,Q:1"
GCF_000864105.1_noTerminalStopCodon.part_lcl__NC_007358.1_cds_YP_308665.1_2,PB1,polymerase,387,neutral,0.44,0.293,-,0.422,"K:K:6,K:R:10,G:R:1,?:R:2,?:K:12,E:K:7,R:R:1,E:E:1,K:N:3",1,0.345,K,"K:3906,G:2,?:15,R:248,E:16,N:3"
GCF_000864105.1_noTerminalStopCodon.part_lcl__NC_007358.1_cds_YP_308665.1_2,PB1,polymerase,388,negative,0,0.705,-,0,"K:K:13,?:K:14,K:R:2,K:T:1",1,0.667,K,"K:4172,?:15,R:2,T:1"
GCF_000864105.1_noTerminalStopCodon.part_lcl__NC_007358.1_cds_YP_308665.1_2,PB1,polymerase,389,negative,0,1.502,-,0,"?:I:14,I:I:26,I:L:2,I:V:2",1,0.667,I,"I:4172,?:14,L:2,V:2"
GCF_000864105.1_noTerminalStopCodon.part_lcl__NC_007358.1_cds_YP_308665.1_2,PB1,polymerase,390,negative,0.144,0.906,-,0,"E:K:6,E:Q:1,E:E:23,?:E:14,D:E:2,E:G:3",1,0.667,E,"E:4150,K:7,Q:1,?:17,D:3,G:12"
GCF_000864105.1_noTerminalStopCodon.part_lcl__NC_007358.1_cds_YP_308665.1_2,PB1,polymerase,391,negative,0.163,1.29,-,0,"?:K:12,K:R:9,K:K:27,K:N:1,K:T:2,?:R:2,R:R:1",1,0.667,K,"K:4041,?:16,R:130,N:1,T:2"
GCF_000864105.1_noTerminalStopCodon.part_lcl__NC_007358.1_cds_YP_308665.1_2,PB1,polymerase,392,neutral,0.156,0.365,-,0.356,"I:K:1,?:I:14,I:V:11,I:T:1,I:M:3,I:I:2",1,0.667,I,"I:4150,K:1,?:14,V:21,T:1,M:3"
GCF_000864105.1_noTerminalStopCodon.part_lcl__NC_007358.1_cds_YP_308665.1_2,PB1,polymerase,393,negative,0.045,1.354,-,0,"R:R:31,?:R:14,K:R:3,I:R:1",1,0.667,R,"R:4166,?:19,K:4,I:1"
GCF_000864105.1_noTerminalStopCodon.part_lcl__NC_007358.1_cds_YP_308665.1_2,PB1,polymerase,394,negative,0.189,0.74,-,0.005,"P:P:17,?:P:13,P:S:6,S:S:1,H:P:2,P:R:1",1,0.621,P,"P:4147,?:16,S:18,H:8,R:1"
GCF_000864105.1_noTerminalStopCodon.part_lcl__NC_007358.1_cds_YP_308665.1_2,PB1,polymerase,395,negative,0,1.024,-,0,"?:L:13,L:L:37,I:L:2",1,0.667,L,"L:4175,?:13,I:2"
GCF_000864105.1_noTerminalStopCodon.part_lcl__NC_007358.1_cds_YP_308665.1_2,PB1,polymerase,396,negative,0,1.188,-,0,"L:L:44,?:L:13,L:M:1,I:L:2",1,0.667,L,"L:4173,?:14,M:1,I:2"
GCF_000864105.1_noTerminalStopCodon.part_lcl__NC_007358.1_cds_YP_308665.1_2,PB1,polymerase,397,negative,0.214,1.126,-,0.005,"I:V:3,?:I:13,I:I:8,I:M:7,I:T:2,I:L:4",1,0.283,I,"I:4142,V:4,?:14,M:13,T:2,L:15"
GCF_000864105.1_noTerminalStopCodon.part_lcl__NC_007358.1_cds_YP_308665.1_2,PB1,polymerase,398,negative,0.227,0.758,-,0.015,"D:N:6,?:D:13,D:D:12,D:G:5,D:Y:1,D:E:5,N:S:1",1,0.667,D,"D:4152,N:7,?:15,G:5,Y:1,E:8,S:2"
GCF_000864105.1_noTerminalStopCodon.part_lcl__NC_007358.1_cds_YP_308665.1_2,PB1,polymerase,399,negative,0.08,1.345,-,0,"G:G:32,?:G:13,D:G:3,G:S:1",1,0.667,G,"G:4047,?:15,D:127,S:1"
GCF_000864105.1_noTerminalStopCodon.part_lcl__NC_007358.1_cds_YP_308665.1_2,PB1,polymerase,400,negative,0.242,1.363,-,0,"P:T:1,T:T:33,I:T:1,?:T:11,A:T:9,K:T:1,N:T:1",1,0.667,T,"T:4154,P:1,I:1,?:14,A:14,K:2,N:4"
GCF_000864105.1_noTerminalStopCodon.part_lcl__NC_007358.1_cds_YP_308665.1_2,PB1,polymerase,401,negative,0.042,1.052,-,0,"A:A:26,A:T:1,?:A:11,A:S:2,A:V:3",1,0.667,A,"A:4170,T:1,?:12,S:2,V:5"
GCF_000864105.1_noTerminalStopCodon.part_lcl__NC_007358.1_cds_YP_308665.1_2,PB1,polymerase,402,negative,0,0.509,-,0,"P:S:2,S:S:11,?:S:13",1,0.667,S,"S:4175,P:2,?:13"
GCF_000864105.1_noTerminalStopCodon.part_lcl__NC_007358.1_cds_YP_308665.1_2,PB1,polymerase,403,negative,0,0.587,-,0,"L:L:23,?:L:8",1,0.667,L,"L:4176,?:14"
GCF_000864105.1_noTerminalStopCodon.part_lcl__NC_007358.1_cds_YP_308665.1_2,PB1,polymerase,404,negative,0,1.807,-,0,"N:S:1,S:S:31,?:S:13,R:S:1",1,0.667,S,"S:4173,N:1,?:15,R:1"
GCF_000864105.1_noTerminalStopCodon.part_lcl__NC_007358.1_cds_YP_308665.1_2,PB1,polymerase,405,negative,0,0.879,-,0,"?:P:12,P:P:21",1,0.667,P,"P:4177,?:13"
GCF_000864105.1_noTerminalStopCodon.part_lcl__NC_007358.1_cds_YP_308665.1_2,PB1,polymerase,406,negative,0,1.092,-,0,"G:G:26,?:G:11",1,0.667,G,"G:4179,?:11"
GCF_000864105.1_noTerminalStopCodon.part_lcl__NC_007358.1_cds_YP_308665.1_2,PB1,polymerase,407,neutral,0,0.215,-,1,NA,1,0.667,M,"M:4178,?:12"
GCF_000864105.1_noTerminalStopCodon.part_lcl__NC_007358.1_cds_YP_308665.1_2,PB1,polymerase,408,negative,0,10000,-,0.028,I:M:1,1,0.667,M,"M:4177,?:12,I:1"
GCF_000864105.1_noTerminalStopCodon.part_lcl__NC_007358.1_cds_YP_308665.1_2,PB1,polymerase,409,neutral,0,0.109,-,1,M:T:1,1,0.667,M,"M:4177,?:12,T:1"
GCF_000864105.1_noTerminalStopCodon.part_lcl__NC_007358.1_cds_YP_308665.1_2,PB1,polymerase,410,negative,0,0.723,-,0,"G:G:18,?:G:12",1,0.667,G,"G:4177,?:13"
GCF_000864105.1_noTerminalStopCodon.part_lcl__NC_007358.1_cds_YP_308665.1_2,PB1,polymerase,411,neutral,0,0.215,-,1,NA,1,0.667,M,"M:4178,?:12"
GCF_000864105.1_noTerminalStopCodon.part_lcl__NC_007358.1_cds_YP_308665.1_2,PB1,polymerase,412,negative,0,0.438,-,0.001,"F:F:8,?:F:12,F:L:1",1,0.667,F,"F:4177,?:12,L:1"
GCF_000864105.1_noTerminalStopCodon.part_lcl__NC_007358.1_cds_YP_308665.1_2,PB1,polymerase,413,negative,0,2.52,-,0,"N:N:43,?:N:12",1,0.667,N,"N:4178,?:12"
GCF_000864105.1_noTerminalStopCodon.part_lcl__NC_007358.1_cds_YP_308665.1_2,PB1,polymerase,414,neutral,0,0.109,-,1,I:M:1,1,0.667,M,"M:4177,?:12,I:1"
GCF_000864105.1_noTerminalStopCodon.part_lcl__NC_007358.1_cds_YP_308665.1_2,PB1,polymerase,415,negative,0,0.644,-,0,L:L:30,1,0.667,L,"L:4177,?:13"
GCF_000864105.1_noTerminalStopCodon.part_lcl__NC_007358.1_cds_YP_308665.1_2,PB1,polymerase,416,negative,0,1.048,-,0,"?:S:12,S:S:18,I:S:1",1,0.667,S,"S:4175,?:14,I:1"
GCF_000864105.1_noTerminalStopCodon.part_lcl__NC_007358.1_cds_YP_308665.1_2,PB1,polymerase,417,negative,0,0.805,-,0,"?:T:12,T:T:19",1,0.667,T,"T:4177,?:13"
GCF_000864105.1_noTerminalStopCodon.part_lcl__NC_007358.1_cds_YP_308665.1_2,PB1,polymerase,418,negative,0,1.552,-,0,"V:V:37,?:V:13,I:V:4",1,0.667,V,"V:4172,?:14,I:4"
GCF_000864105.1_noTerminalStopCodon.part_lcl__NC_007358.1_cds_YP_308665.1_2,PB1,polymerase,419,negative,0,0.979,-,0,"?:L:5,L:L:37,L:V:1",1,0.667,L,"L:4174,?:15,V:1"
GCF_000864105.1_noTerminalStopCodon.part_lcl__NC_007358.1_cds_YP_308665.1_2,PB1,polymerase,420,negative,0,1.264,-,0,"G:G:30,?:G:10",1,0.667,G,"G:4170,?:20"
GCF_000864105.1_noTerminalStopCodon.part_lcl__NC_007358.1_cds_YP_308665.1_2,PB1,polymerase,421,negative,0,1.285,-,0,"V:V:31,?:V:11",1,0.667,V,"V:4177,?:13"
GCF_000864105.1_noTerminalStopCodon.part_lcl__NC_007358.1_cds_YP_308665.1_2,PB1,polymerase,422,negative,0.058,0.887,-,0,"?:S:11,S:S:23,S:T:4",1,0.667,S,"S:4172,?:11,T:7"
GCF_000864105.1_noTerminalStopCodon.part_lcl__NC_007358.1_cds_YP_308665.1_2,PB1,polymerase,423,negative,0.052,1.243,-,0,"I:I:28,?:I:11,I:V:6,I:T:1",1,0.667,I,"I:4169,?:12,V:8,T:1"
GCF_000864105.1_noTerminalStopCodon.part_lcl__NC_007358.1_cds_YP_308665.1_2,PB1,polymerase,424,negative,0,0.663,-,0,"L:L:29,?:L:4,L:P:1",1,0.667,L,"L:4178,?:11,P:1"
GCF_000864105.1_noTerminalStopCodon.part_lcl__NC_007358.1_cds_YP_308665.1_2,PB1,polymerase,425,negative,0,1.155,-,0,"?:N:11,N:N:20,N:S:1,K:N:1",1,0.667,N,"N:4177,?:11,S:1,K:1"
GCF_000864105.1_noTerminalStopCodon.part_lcl__NC_007358.1_cds_YP_308665.1_2,PB1,polymerase,426,negative,0.058,0.858,-,0,"?:L:11,L:L:24,I:L:3",1,0.667,L,"L:4171,?:11,I:8"
GCF_000864105.1_noTerminalStopCodon.part_lcl__NC_007358.1_cds_YP_308665.1_2,PB1,polymerase,427,negative,0,1.648,-,0,"?:G:11,G:G:44",1,0.667,G,"G:4179,?:11"
GCF_000864105.1_noTerminalStopCodon.part_lcl__NC_007358.1_cds_YP_308665.1_2,PB1,polymerase,428,negative,0,1.019,-,0,"K:Q:2,?:Q:11,Q:Q:21",1,0.667,Q,"Q:4177,K:2,?:11"
GCF_000864105.1_noTerminalStopCodon.part_lcl__NC_007358.1_cds_YP_308665.1_2,PB1,polymerase,429,negative,0.163,0.724,-,0.005,"?:K:11,K:K:15,E:K:1,K:R:7,R:R:3,K:N:1,K:Q:1",1,0.667,K,"K:3515,?:12,E:1,R:659,N:1,Q:2"
GCF_000864105.1_noTerminalStopCodon.part_lcl__NC_007358.1_cds_YP_308665.1_2,PB1,polymerase,430,negative,0.635,1.691,-,0.001,"K:R:30,?:R:8,K:K:11,?:K:4,E:K:2,R:R:34,G:R:2",1,0.667,R,"K:1291,R:2882,?:12,E:3,G:2"
GCF_000864105.1_noTerminalStopCodon.part_lcl__NC_007358.1_cds_YP_308665.1_2,PB1,polymerase,431,negative,0.124,0.605,-,0.016,"?:Y:10,Y:Y:10,H:Y:3,?:H:1,H:H:1",1,0.667,Y,"Y:3949,?:11,H:230"
GCF_000864105.1_noTerminalStopCodon.part_lcl__NC_007358.1_cds_YP_308665.1_2,PB1,polymerase,432,negative,0,0.239,-,0.007,"?:T:11,T:T:6",1,0.667,T,"T:4178,?:12"
GCF_000864105.1_noTerminalStopCodon.part_lcl__NC_007358.1_cds_YP_308665.1_2,PB1,polymerase,433,negative,0.108,0.692,-,0.003,"K:Q:3,?:K:10,K:K:12,K:R:4,I:K:1",1,0.667,K,"K:4165,Q:3,?:10,R:11,I:1"
GCF_000864105.1_noTerminalStopCodon.part_lcl__NC_007358.1_cds_YP_308665.1_2,PB1,polymerase,434,negative,0.048,0.61,-,0,"?:T:10,T:T:15,N:T:2",1,0.667,T,"T:4176,?:10,N:4"
GCF_000864105.1_noTerminalStopCodon.part_lcl__NC_007358.1_cds_YP_308665.1_2,PB1,polymerase,435,negative,0.144,0.841,-,0.001,"?:T:10,T:T:20,I:T:8,A:T:1",1,0.667,T,"T:4147,?:11,I:31,A:1"
GCF_000864105.1_noTerminalStopCodon.part_lcl__NC_007358.1_cds_YP_308665.1_2,PB1,polymerase,436,negative,0.124,0.912,-,0.001,"?:Y:11,Y:Y:16,F:Y:1,H:Y:4,C:Y:1",1,0.667,Y,"Y:4162,?:11,F:2,H:14,C:1"
GCF_000864105.1_noTerminalStopCodon.part_lcl__NC_007358.1_cds_YP_308665.1_2,PB1,polymerase,437,neutral,0,0.215,-,1,?:W:11,1,0.667,W,"W:4179,?:11"
GCF_000864105.1_noTerminalStopCodon.part_lcl__NC_007358.1_cds_YP_308665.1_2,PB1,polymerase,438,neutral,0,0.029,-,1,"?:W:11,R:W:2",1,0.667,W,"W:4177,?:11,R:2"
GCF_000864105.1_noTerminalStopCodon.part_lcl__NC_007358.1_cds_YP_308665.1_2,PB1,polymerase,439,negative,0,1.763,-,0,"?:D:11,D:D:30",1,0.667,D,"D:4178,?:12"
GCF_000864105.1_noTerminalStopCodon.part_lcl__NC_007358.1_cds_YP_308665.1_2,PB1,polymerase,440,negative,0,1.548,-,0,"G:G:38,?:G:11",1,0.667,G,"G:4177,?:13"
GCF_000864105.1_noTerminalStopCodon.part_lcl__NC_007358.1_cds_YP_308665.1_2,PB1,polymerase,441,negative,0,0.992,-,0,"?:L:11,L:L:26",1,0.667,L,"L:4179,?:11"
GCF_000864105.1_noTerminalStopCodon.part_lcl__NC_007358.1_cds_YP_308665.1_2,PB1,polymerase,442,negative,0,0.903,-,0,"?:Q:11,Q:Q:17",1,0.667,Q,"Q:4179,?:11"
GCF_000864105.1_noTerminalStopCodon.part_lcl__NC_007358.1_cds_YP_308665.1_2,PB1,polymerase,443,negative,0,0.895,-,0,"?:S:11,S:S:22",1,0.667,S,"S:4179,?:11"
GCF_000864105.1_noTerminalStopCodon.part_lcl__NC_007358.1_cds_YP_308665.1_2,PB1,polymerase,444,negative,0,0.617,-,0,"S:S:15,?:S:11",1,0.667,S,"S:4179,?:11"
GCF_000864105.1_noTerminalStopCodon.part_lcl__NC_007358.1_cds_YP_308665.1_2,PB1,polymerase,445,negative,0,0.399,-,0.001,"?:D:10,D:D:7,D:G:1",1,0.667,D,"D:4178,?:11,G:1"
GCF_000864105.1_noTerminalStopCodon.part_lcl__NC_007358.1_cds_YP_308665.1_2,PB1,polymerase,446,negative,0,1.381,-,0,"?:D:10,D:D:24",1,0.667,D,"D:4179,?:11"
GCF_000864105.1_noTerminalStopCodon.part_lcl__NC_007358.1_cds_YP_308665.1_2,PB1,polymerase,447,negative,0,1.304,-,0,"F:F:23,F:L:1,?:F:10",1,0.667,F,"F:4179,L:1,?:10"
GCF_000864105.1_noTerminalStopCodon.part_lcl__NC_007358.1_cds_YP_308665.1_2,PB1,polymerase,448,negative,0,0.941,-,0,"?:A:10,A:A:23,A:T:4",1,0.667,A,"A:4175,?:11,T:4"
GCF_000864105.1_noTerminalStopCodon.part_lcl__NC_007358.1_cds_YP_308665.1_2,PB1,polymerase,449,negative,0,0.56,-,0,"?:L:10,L:L:14,L:P:1,I:L:1",1,0.667,L,"L:4178,?:10,P:1,I:1"
GCF_000864105.1_noTerminalStopCodon.part_lcl__NC_007358.1_cds_YP_308665.1_2,PB1,polymerase,450,negative,0.041,2.432,-,0,"?:I:9,I:I:26,I:V:2",1,0.667,I,"I:4178,?:9,V:3"
GCF_000864105.1_noTerminalStopCodon.part_lcl__NC_007358.1_cds_YP_308665.1_2,PB1,polymerase,451,negative,0.137,0.461,-,0.035,"V:V:13,M:V:1,L:V:3,I:V:5,?:V:4",1,0.638,V,"V:4158,?:10,M:1,L:12,I:9"
GCF_000864105.1_noTerminalStopCodon.part_lcl__NC_007358.1_cds_YP_308665.1_2,PB1,polymerase,452,negative,0,0.686,-,0,"?:N:9,N:N:12",1,0.667,N,"N:4181,?:9"
GCF_000864105.1_noTerminalStopCodon.part_lcl__NC_007358.1_cds_YP_308665.1_2,PB1,polymerase,453,negative,0,1.445,-,0,"?:A:9,A:A:34",1,0.667,A,"A:4181,?:9"
GCF_000864105.1_noTerminalStopCodon.part_lcl__NC_007358.1_cds_YP_308665.1_2,PB1,polymerase,454,negative,0.237,1.682,-,0,"P:P:46,?:P:9,P:S:6,L:P:4,P:Q:3,P:T:1",1,0.667,P,"P:4151,?:16,S:6,L:6,Q:10,T:1"
GCF_000864105.1_noTerminalStopCodon.part_lcl__NC_007358.1_cds_YP_308665.1_2,PB1,polymerase,455,negative,0.304,1.789,-,0,"N:N:30,?:N:15,N:S:5,D:N:12",1,0.194,N,"N:4133,?:16,S:14,D:27"
GCF_000864105.1_noTerminalStopCodon.part_lcl__NC_007358.1_cds_YP_308665.1_2,PB1,polymerase,456,neutral,0.148,0.34,-,0.224,"?:H:16,H:Y:5,H:H:6,H:R:3,H:L:1,H:N:2,H:P:1",1,0.615,H,"H:4148,?:17,Y:7,R:3,L:1,N:13,P:1"
GCF_000864105.1_noTerminalStopCodon.part_lcl__NC_007358.1_cds_YP_308665.1_2,PB1,polymerase,457,negative,0.096,0.781,-,0,"?:E:16,E:K:3,E:E:20,E:G:2,A:E:1,D:E:1",1,0.667,E,"E:4152,?:20,K:11,G:5,A:1,D:1"
GCF_000864105.1_noTerminalStopCodon.part_lcl__NC_007358.1_cds_YP_308665.1_2,PB1,polymerase,458,negative,0,1.647,-,0,"?:G:16,G:G:39,E:G:1,G:R:1,A:G:1",1,0.667,G,"G:4170,?:17,E:1,R:1,A:1"
GCF_000864105.1_noTerminalStopCodon.part_lcl__NC_007358.1_cds_YP_308665.1_2,PB1,polymerase,459,negative,0.116,0.894,-,0.007,"?:I:16,I:V:8,I:I:4,I:L:2,A:I:1,I:T:1,A:T:1",1,0.667,I,"I:4155,?:19,V:11,L:2,A:2,T:1"
GCF_000864105.1_noTerminalStopCodon.part_lcl__NC_007358.1_cds_YP_308665.1_2,PB1,polymerase,460,negative,0.079,0.745,-,0.003,"?:Q:7,Q:Q:14,E:Q:1,K:Q:5,P:Q:1",1,0.667,Q,"Q:4166,?:16,E:1,K:6,P:1"
GCF_000864105.1_noTerminalStopCodon.part_lcl__NC_007358.1_cds_YP_308665.1_2,PB1,polymerase,461,negative,0,0.63,-,0,"A:A:15,?:A:5,A:V:1,A:T:1,A:S:2",1,0.667,A,"A:4181,?:5,V:1,T:1,S:2"
GCF_000864105.1_noTerminalStopCodon.part_lcl__NC_007358.1_cds_YP_308665.1_2,PB1,polymerase,462,negative,0,1.513,-,0,"?:G:4,G:G:38,G:V:1,G:R:1",1,0.667,G,"G:4183,?:5,V:1,R:1"
GCF_000864105.1_noTerminalStopCodon.part_lcl__NC_007358.1_cds_YP_308665.1_2,PB1,polymerase,463,negative,0.045,1.042,-,0,"V:V:29,I:V:3,A:V:2",1,0.667,V,"V:4179,?:4,I:5,A:2"
GCF_000864105.1_noTerminalStopCodon.part_lcl__NC_007358.1_cds_YP_308665.1_2,PB1,polymerase,464,negative,0.13,1.175,-,0,"?:D:4,D:D:20,D:N:11",1,0.667,D,"D:4169,?:5,N:16"
GCF_000864105.1_noTerminalStopCodon.part_lcl__NC_007358.1_cds_YP_308665.1_2,PB1,polymerase,465,negative,0.045,1.011,-,0,"R:R:26,?:R:3,K:R:7,G:R:1",1,0.667,R,"R:4174,?:3,K:12,G:1"
GCF_000864105.1_noTerminalStopCodon.part_lcl__NC_007358.1_cds_YP_308665.1_2,PB1,polymerase,466,negative,0,1.031,-,0,"F:F:18,?:F:3,F:L:1,F:S:1",1,0.667,F,"F:4184,?:4,L:1,S:1"
GCF_000864105.1_noTerminalStopCodon.part_lcl__NC_007358.1_cds_YP_308665.1_2,PB1,polymerase,467,negative,0,1.224,-,0,"?:Y:3,Y:Y:21",1,0.667,Y,"Y:4182,?:8"
GCF_000864105.1_noTerminalStopCodon.part_lcl__NC_007358.1_cds_YP_308665.1_2,PB1,polymerase,468,negative,0,1.139,-,0,"R:R:30,?:R:7,M:R:1,K:R:1",1,0.667,R,"R:4181,?:7,M:1,K:1"
GCF_000864105.1_noTerminalStopCodon.part_lcl__NC_007358.1_cds_YP_308665.1_2,PB1,polymerase,469,negative,0.048,1.36,-,0,"A:T:2,?:T:6,T:T:33,I:T:4,?:I:1",1,0.667,T,"T:4177,A:2,?:7,I:4"
GCF_000864105.1_noTerminalStopCodon.part_lcl__NC_007358.1_cds_YP_308665.1_2,PB1,polymerase,470,negative,0,1.365,-,0,"C:C:24,?:C:9,C:S:2,C:W:1,C:D:1",1,0.667,C,"C:4177,?:9,S:2,W:1,D:1"
GCF_000864105.1_noTerminalStopCodon.part_lcl__NC_007358.1_cds_YP_308665.1_2,PB1,polymerase,471,negative,0,0.999,-,0,"K:K:21,?:K:9,K:N:1,I:K:1",1,0.667,K,"K:4179,?:9,N:1,I:1"
GCF_000864105.1_noTerminalStopCodon.part_lcl__NC_007358.1_cds_YP_308665.1_2,PB1,polymerase,472,negative,0,1.153,-,0,"L:L:50,L:M:1,?:L:2",1,0.667,L,"L:4180,?:9,M:1"
GCF_000864105.1_noTerminalStopCodon.part_lcl__NC_007358.1_cds_YP_308665.1_2,PB1,polymerase,473,negative,0.046,0.781,-,0,"V:V:19,?:V:9,I:V:3,A:V:1",1,0.667,V,"V:4172,?:10,I:7,A:1"
GCF_000864105.1_noTerminalStopCodon.part_lcl__NC_007358.1_cds_YP_308665.1_2,PB1,polymerase,474,negative,0,2.062,-,0,"G:G:53,?:G:8",1,0.667,G,"G:4180,?:10"
GCF_000864105.1_noTerminalStopCodon.part_lcl__NC_007358.1_cds_YP_308665.1_2,PB1,polymerase,475,negative,0,1.174,-,0,"I:I:26,?:I:8,I:T:1,I:V:1",1,0.667,I,"I:4180,?:8,T:1,V:1"
GCF_000864105.1_noTerminalStopCodon.part_lcl__NC_007358.1_cds_YP_308665.1_2,PB1,polymerase,476,negative,0,1.43,-,0,"N:N:24,?:N:8,N:Y:1",1,0.667,N,"N:4181,?:8,Y:1"
GCF_000864105.1_noTerminalStopCodon.part_lcl__NC_007358.1_cds_YP_308665.1_2,PB1,polymerase,477,neutral,0,0.215,-,1,NA,1,0.667,M,"M:4181,?:9"
GCF_000864105.1_noTerminalStopCodon.part_lcl__NC_007358.1_cds_YP_308665.1_2,PB1,polymerase,478,negative,0,0.665,-,0,"S:S:12,?:S:8,R:S:1,N:S:1,S:T:1",1,0.667,S,"S:4179,?:8,R:1,N:1,T:1"
GCF_000864105.1_noTerminalStopCodon.part_lcl__NC_007358.1_cds_YP_308665.1_2,PB1,polymerase,479,negative,0.054,0.857,-,0,"K:K:18,?:K:8,K:Q:2",1,0.667,K,"K:4176,?:11,Q:3"
GCF_000864105.1_noTerminalStopCodon.part_lcl__NC_007358.1_cds_YP_308665.1_2,PB1,polymerase,480,neutral,0.392,0.371,-,0.915,"K:R:18,?:K:9,K:K:10",1,0.598,K,"K:4100,R:81,?:9"
GCF_000864105.1_noTerminalStopCodon.part_lcl__NC_007358.1_cds_YP_308665.1_2,PB1,polymerase,481,negative,0,0.926,-,0,"K:K:24,?:K:9,E:K:1",1,0.667,K,"K:4178,?:11,E:1"
GCF_000864105.1_noTerminalStopCodon.part_lcl__NC_007358.1_cds_YP_308665.1_2,PB1,polymerase,482,negative,0,0.712,-,0,"S:S:18,?:S:9,S:Y:1",1,0.667,S,"S:4179,?:10,Y:1"
GCF_000864105.1_noTerminalStopCodon.part_lcl__NC_007358.1_cds_YP_308665.1_2,PB1,polymerase,483,negative,0,0.772,-,0,"?:Y:10,Y:Y:14,H:Y:1",1,0.667,Y,"Y:4179,?:10,H:1"
GCF_000864105.1_noTerminalStopCodon.part_lcl__NC_007358.1_cds_YP_308665.1_2,PB1,polymerase,484,negative,0.039,0.561,-,0.011,"?:I:9,I:V:1,I:I:3,I:M:2,I:L:2",1,0.667,I,"I:4173,?:10,V:1,M:2,L:4"
GCF_000864105.1_noTerminalStopCodon.part_lcl__NC_007358.1_cds_YP_308665.1_2,PB1,polymerase,485,negative,0,1.136,-,0,"N:N:20,?:N:9",1,0.667,N,"N:4180,?:10"
GCF_000864105.1_noTerminalStopCodon.part_lcl__NC_007358.1_cds_YP_308665.1_2,PB1,polymerase,486,negative,0,1.378,-,0,"R:R:45,K:R:2,?:R:9,Q:R:2,L:R:1",1,0.667,R,"R:4176,K:2,?:9,Q:2,L:1"
GCF_000864105.1_noTerminalStopCodon.part_lcl__NC_007358.1_cds_YP_308665.1_2,PB1,polymerase,487,negative,0,0.719,-,0,"T:T:17,?:T:8",1,0.667,T,"T:4181,?:9"
GCF_000864105.1_noTerminalStopCodon.part_lcl__NC_007358.1_cds_YP_308665.1_2,PB1,polymerase,488,negative,0,1.349,-,0,"G:G:34,?:G:9",1,0.667,G,"G:4180,?:10"
GCF_000864105.1_noTerminalStopCodon.part_lcl__NC_007358.1_cds_YP_308665.1_2,PB1,polymerase,489,negative,0,0.249,-,0.006,"?:T:9,T:T:6",1,0.667,T,"T:4181,?:9"
GCF_000864105.1_noTerminalStopCodon.part_lcl__NC_007358.1_cds_YP_308665.1_2,PB1,polymerase,490,negative,0,0.568,-,0,"?:F:9,F:F:10,F:I:1,C:F:1",1,0.667,F,"F:4179,?:9,I:1,C:1"
GCF_000864105.1_noTerminalStopCodon.part_lcl__NC_007358.1_cds_YP_308665.1_2,PB1,polymerase,491,negative,0,1.505,-,0,"E:E:32,?:E:9",1,0.667,E,"E:4181,?:9"
GCF_000864105.1_noTerminalStopCodon.part_lcl__NC_007358.1_cds_YP_308665.1_2,PB1,polymerase,492,negative,0,0.495,-,0,"?:F:9,F:F:9",1,0.667,F,"F:4181,?:9"
GCF_000864105.1_noTerminalStopCodon.part_lcl__NC_007358.1_cds_YP_308665.1_2,PB1,polymerase,493,negative,0,0.828,-,0,"T:T:21,?:T:9",1,0.667,T,"T:4181,?:9"
GCF_000864105.1_noTerminalStopCodon.part_lcl__NC_007358.1_cds_YP_308665.1_2,PB1,polymerase,494,negative,0,2.041,-,0,"S:S:35,?:S:8",1,0.667,S,"S:4179,?:11"
GCF_000864105.1_noTerminalStopCodon.part_lcl__NC_007358.1_cds_YP_308665.1_2,PB1,polymerase,495,negative,0,1.21,-,0,"?:F:8,F:F:21,F:L:1",1,0.667,F,"F:4181,?:8,L:1"
GCF_000864105.1_noTerminalStopCodon.part_lcl__NC_007358.1_cds_YP_308665.1_2,PB1,polymerase,496,negative,0,0.604,-,0,"?:F:8,F:F:11",1,0.667,F,"F:4182,?:8"
GCF_000864105.1_noTerminalStopCodon.part_lcl__NC_007358.1_cds_YP_308665.1_2,PB1,polymerase,497,negative,0,1.693,-,0,"Y:Y:29,?:Y:8,H:Y:1,C:Y:1",1,0.667,Y,"Y:4179,?:9,H:1,C:1"
GCF_000864105.1_noTerminalStopCodon.part_lcl__NC_007358.1_cds_YP_308665.1_2,PB1,polymerase,498,negative,0,1.05,-,0,"R:R:26,?:R:8",1,0.667,R,"R:4181,?:9"
GCF_000864105.1_noTerminalStopCodon.part_lcl__NC_007358.1_cds_YP_308665.1_2,PB1,polymerase,499,negative,0.062,0.625,-,0.003,"?:Y:8,Y:Y:11,H:Y:2",1,0.667,Y,"Y:4179,?:8,H:3"
GCF_000864105.1_noTerminalStopCodon.part_lcl__NC_007358.1_cds_YP_308665.1_2,PB1,polymerase,500,negative,0,1.505,-,0,"G:G:36,?:G:8",1,0.667,G,"G:4182,?:8"
GCF_000864105.1_noTerminalStopCodon.part_lcl__NC_007358.1_cds_YP_308665.1_2,PB1,polymerase,501,negative,0,0.8,-,0,"F:F:14,?:F:8",1,0.667,F,"F:4180,?:10"
GCF_000864105.1_noTerminalStopCodon.part_lcl__NC_007358.1_cds_YP_308665.1_2,PB1,polymerase,502,negative,0,0.917,-,0,"V:V:23,?:V:10",1,0.667,V,"V:4180,?:10"
GCF_000864105.1_noTerminalStopCodon.part_lcl__NC_007358.1_cds_YP_308665.1_2,PB1,polymerase,503,negative,0.042,0.85,-,0,"A:A:21,?:A:10,A:S:2",1,0.667,A,"A:4177,?:10,S:3"
GCF_000864105.1_noTerminalStopCodon.part_lcl__NC_007358.1_cds_YP_308665.1_2,PB1,polymerase,504,negative,0,2.252,-,0,"N:N:38,?:N:9",1,0.667,N,"N:4180,?:10"
GCF_000864105.1_noTerminalStopCodon.part_lcl__NC_007358.1_cds_YP_308665.1_2,PB1,polymerase,505,negative,0,0.446,-,0.001,"F:F:8,?:F:9,F:L:1",1,0.667,F,"F:4179,?:10,L:1"
GCF_000864105.1_noTerminalStopCodon.part_lcl__NC_007358.1_cds_YP_308665.1_2,PB1,polymerase,506,negative,0,1.186,-,0,"S:S:21,?:S:9,G:S:2",1,0.667,S,"S:4177,?:11,G:2"
GCF_000864105.1_noTerminalStopCodon.part_lcl__NC_007358.1_cds_YP_308665.1_2,PB1,polymerase,507,neutral,0.033,0.015,-,0.979,"I:M:2,M:V:2,L:M:1",1,0.663,M,"M:4176,?:8,I:3,V:2,L:1"
GCF_000864105.1_noTerminalStopCodon.part_lcl__NC_007358.1_cds_YP_308665.1_2,PB1,polymerase,508,negative,0,1.487,-,0,"E:E:37,?:E:5",1,0.667,E,"E:4185,?:5"
GCF_000864105.1_noTerminalStopCodon.part_lcl__NC_007358.1_cds_YP_308665.1_2,PB1,polymerase,509,negative,0,0.725,-,0,L:L:30,1,0.667,L,"L:4184,?:6"
GCF_000864105.1_noTerminalStopCodon.part_lcl__NC_007358.1_cds_YP_308665.1_2,PB1,polymerase,510,negative,0,0.803,-,0,"P:P:20,?:P:5",1,0.667,P,"P:4185,?:5"
GCF_000864105.1_noTerminalStopCodon.part_lcl__NC_007358.1_cds_YP_308665.1_2,PB1,polymerase,511,negative,0,2.184,-,0,"S:S:37,?:S:4,G:S:1",1,0.667,S,"S:4184,?:5,G:1"
GCF_000864105.1_noTerminalStopCodon.part_lcl__NC_007358.1_cds_YP_308665.1_2,PB1,polymerase,512,neutral,0.05,0.224,-,0.126,"F:L:1,F:F:4,?:F:3",1,0.667,F,"F:4173,L:13,?:4"
GCF_000864105.1_noTerminalStopCodon.part_lcl__NC_007358.1_cds_YP_308665.1_2,PB1,polymerase,513,negative,0,1.272,-,0,"G:G:30,?:G:3",1,0.667,G,"G:4187,?:3"
GCF_000864105.1_noTerminalStopCodon.part_lcl__NC_007358.1_cds_YP_308665.1_2,PB1,polymerase,514,negative,0,1.116,-,0,V:V:32,1,0.667,V,"V:4187,?:3"
GCF_000864105.1_noTerminalStopCodon.part_lcl__NC_007358.1_cds_YP_308665.1_2,PB1,polymerase,515,neutral,0.204,0.527,-,0.075,"P:S:4,S:S:13,A:S:5,C:S:1,?:S:3",1,0.455,S,"S:4105,P:5,?:5,A:74,C:1"
GCF_000864105.1_noTerminalStopCodon.part_lcl__NC_007358.1_cds_YP_308665.1_2,PB1,polymerase,516,negative,0,1.099,-,0,"G:G:30,?:G:4",1,0.667,G,"G:4186,?:4"
GCF_000864105.1_noTerminalStopCodon.part_lcl__NC_007358.1_cds_YP_308665.1_2,PB1,polymerase,517,negative,0.102,1.233,-,0,"I:I:27,I:V:9,?:I:4,I:N:1",1,0.667,I,"I:4173,V:11,?:5,N:1"
GCF_000864105.1_noTerminalStopCodon.part_lcl__NC_007358.1_cds_YP_308665.1_2,PB1,polymerase,518,negative,0,0.822,-,0,"N:N:14,?:N:4",1,0.667,N,"N:4186,?:4"
GCF_000864105.1_noTerminalStopCodon.part_lcl__NC_007358.1_cds_YP_308665.1_2,PB1,polymerase,519,negative,0,0.894,-,0,"E:E:17,?:E:3",1,0.667,E,"E:4186,?:4"
GCF_000864105.1_noTerminalStopCodon.part_lcl__NC_007358.1_cds_YP_308665.1_2,PB1,polymerase,520,negative,0,1.458,-,0,"S:S:38,?:S:3",1,0.667,S,"S:4186,?:4"
GCF_000864105.1_noTerminalStopCodon.part_lcl__NC_007358.1_cds_YP_308665.1_2,PB1,polymerase,521,negative,0,0.82,-,0,"A:A:20,A:S:1,?:A:3",1,0.667,A,"A:4186,S:1,?:3"
GCF_000864105.1_noTerminalStopCodon.part_lcl__NC_007358.1_cds_YP_308665.1_2,PB1,polymerase,522,negative,0,0.437,-,0,"D:D:8,?:D:3",1,0.667,D,"D:4187,?:3"
GCF_000864105.1_noTerminalStopCodon.part_lcl__NC_007358.1_cds_YP_308665.1_2,PB1,polymerase,523,neutral,0,0,-,1,"I:M:2,L:M:1,M:T:1",1,0.667,M,"M:4183,I:2,L:1,T:1,?:3"
GCF_000864105.1_noTerminalStopCodon.part_lcl__NC_007358.1_cds_YP_308665.1_2,PB1,polymerase,524,negative,0,0.218,-,0.009,"S:S:4,N:S:1,?:S:3,G:S:1",1,0.667,S,"S:4185,N:1,?:3,G:1"
GCF_000864105.1_noTerminalStopCodon.part_lcl__NC_007358.1_cds_YP_308665.1_2,PB1,polymerase,525,negative,0.05,0.527,-,0.002,"I:I:11,I:V:1,?:V:1,?:I:2",1,0.667,I,"I:4145,V:42,?:3"
GCF_000864105.1_noTerminalStopCodon.part_lcl__NC_007358.1_cds_YP_308665.1_2,PB1,polymerase,526,negative,0,1.371,-,0,"G:G:32,E:G:2,?:G:3",1,0.667,G,"G:4185,E:2,?:3"
GCF_000864105.1_noTerminalStopCodon.part_lcl__NC_007358.1_cds_YP_308665.1_2,PB1,polymerase,527,negative,0.415,1.7,-,0,"I:V:20,V:V:39,L:V:1,A:V:2,I:T:4,?:V:3,I:I:1",1,0.207,V,"V:3983,I:192,L:1,A:3,T:8,?:3"
GCF_000864105.1_noTerminalStopCodon.part_lcl__NC_007358.1_cds_YP_308665.1_2,PB1,polymerase,528,negative,0.145,0.673,-,0.005,"T:T:16,A:T:8,S:T:1,?:T:3",1,0.667,T,"T:4175,A:11,S:1,?:3"
GCF_000864105.1_noTerminalStopCodon.part_lcl__NC_007358.1_cds_YP_308665.1_2,PB1,polymerase,529,negative,0,1.02,-,0,"V:V:30,M:V:3",1,0.667,V,"V:4184,M:3,?:3"
GCF_000864105.1_noTerminalStopCodon.part_lcl__NC_007358.1_cds_YP_308665.1_2,PB1,polymerase,530,neutral,0,0.186,-,0.06,"I:I:1,I:V:2,?:I:3",1,0.667,I,"I:4185,V:2,?:3"
GCF_000864105.1_noTerminalStopCodon.part_lcl__NC_007358.1_cds_YP_308665.1_2,PB1,polymerase,531,negative,0.392,1.099,-,0.008,"K:K:28,K:R:11,?:K:3",1,0.546,K,"K:4153,R:33,?:4"
GCF_000864105.1_noTerminalStopCodon.part_lcl__NC_007358.1_cds_YP_308665.1_2,PB1,polymerase,532,negative,0,0.662,-,0,"N:N:12,?:N:3,D:N:2,N:T:1",1,0.667,N,"N:4184,?:3,D:2,T:1"
GCF_000864105.1_noTerminalStopCodon.part_lcl__NC_007358.1_cds_YP_308665.1_2,PB1,polymerase,533,negative,0,1.509,-,0,"N:N:26,H:N:1,?:N:3,N:S:2",1,0.667,N,"N:4184,H:1,?:3,S:2"
GCF_000864105.1_noTerminalStopCodon.part_lcl__NC_007358.1_cds_YP_308665.1_2,PB1,polymerase,534,neutral,0,0,-,1,NA,1,1,M,"M:4187,?:3"
GCF_000864105.1_noTerminalStopCodon.part_lcl__NC_007358.1_cds_YP_308665.1_2,PB1,polymerase,535,negative,0.121,0.947,-,0.001,"I:I:9,I:V:12,?:I:3",1,0.304,I,"I:4170,V:17,?:3"
GCF_000864105.1_noTerminalStopCodon.part_lcl__NC_007358.1_cds_YP_308665.1_2,PB1,polymerase,536,negative,0,0.828,-,0,"N:N:15,D:N:1,?:N:3",1,0.667,N,"N:4186,D:1,?:3"
GCF_000864105.1_noTerminalStopCodon.part_lcl__NC_007358.1_cds_YP_308665.1_2,PB1,polymerase,537,negative,0,1.166,-,0,"N:N:20,?:N:3,D:N:2,N:S:2",1,0.667,N,"N:4183,?:3,D:2,S:2"
GCF_000864105.1_noTerminalStopCodon.part_lcl__NC_007358.1_cds_YP_308665.1_2,PB1,polymerase,538,negative,0.043,1.685,-,0,"D:D:29,?:D:3,D:G:1,D:E:1",1,0.667,D,"D:4182,?:4,G:1,E:3"
GCF_000864105.1_noTerminalStopCodon.part_lcl__NC_007358.1_cds_YP_308665.1_2,PB1,polymerase,539,negative,0,0.883,-,0,"L:L:22,?:L:4,H:L:1",1,0.667,L,"L:4185,?:4,H:1"
GCF_000864105.1_noTerminalStopCodon.part_lcl__NC_007358.1_cds_YP_308665.1_2,PB1,polymerase,540,negative,0,1.063,-,0,"G:G:27,?:G:4",1,0.667,G,"G:4185,?:5"
GCF_000864105.1_noTerminalStopCodon.part_lcl__NC_007358.1_cds_YP_308665.1_2,PB1,polymerase,541,negative,0,0.839,-,0,"P:P:20,?:P:4",1,0.667,P,"P:4186,?:4"
GCF_000864105.1_noTerminalStopCodon.part_lcl__NC_007358.1_cds_YP_308665.1_2,PB1,polymerase,542,negative,0,0.542,-,0,"?:A:4,A:S:1,A:A:13",1,0.667,A,"A:4185,?:4,S:1"
GCF_000864105.1_noTerminalStopCodon.part_lcl__NC_007358.1_cds_YP_308665.1_2,PB1,polymerase,543,negative,0,0.507,-,0,"?:T:4,T:T:12,K:T:1",1,0.667,T,"T:4185,?:4,K:1"
GCF_000864105.1_noTerminalStopCodon.part_lcl__NC_007358.1_cds_YP_308665.1_2,PB1,polymerase,544,negative,0,1.388,-,0,"A:A:33,?:A:4",1,0.667,A,"A:4186,?:4"
GCF_000864105.1_noTerminalStopCodon.part_lcl__NC_007358.1_cds_YP_308665.1_2,PB1,polymerase,545,negative,0,0.838,-,0,"Q:Q:18,?:Q:4,H:Q:1",1,0.667,Q,"Q:4185,?:4,H:1"
GCF_000864105.1_noTerminalStopCodon.part_lcl__NC_007358.1_cds_YP_308665.1_2,PB1,polymerase,546,neutral,0,0.215,-,1,NA,1,0.667,M,"M:4186,?:4"
GCF_000864105.1_noTerminalStopCodon.part_lcl__NC_007358.1_cds_YP_308665.1_2,PB1,polymerase,547,negative,0,0.816,-,0,"A:A:20,A:S:1,?:A:4",1,0.667,A,"A:4185,S:1,?:4"
GCF_000864105.1_noTerminalStopCodon.part_lcl__NC_007358.1_cds_YP_308665.1_2,PB1,polymerase,548,negative,0.108,1.113,-,0,"L:L:29,?:L:4,F:L:2,I:L:2",1,0.667,L,"L:4181,?:4,F:2,I:3"
GCF_000864105.1_noTerminalStopCodon.part_lcl__NC_007358.1_cds_YP_308665.1_2,PB1,polymerase,549,negative,0,0.44,-,0.003,"Q:Q:12,?:Q:4,P:Q:1",1,0.667,Q,"Q:4185,?:4,P:1"
GCF_000864105.1_noTerminalStopCodon.part_lcl__NC_007358.1_cds_YP_308665.1_2,PB1,polymerase,550,negative,0,0.891,-,0,"L:L:37,?:L:4,L:P:1",1,0.667,L,"L:4184,?:5,P:1"
GCF_000864105.1_noTerminalStopCodon.part_lcl__NC_007358.1_cds_YP_308665.1_2,PB1,polymerase,551,negative,0,0.664,-,0,"F:F:12,?:F:4,F:V:1",1,0.667,F,"F:4185,?:4,V:1"
GCF_000864105.1_noTerminalStopCodon.part_lcl__NC_007358.1_cds_YP_308665.1_2,PB1,polymerase,552,negative,0,0.456,-,0,"I:I:11,I:T:1,I:V:3,?:I:3",1,0.667,I,"I:4182,T:1,V:3,?:4"
GCF_000864105.1_noTerminalStopCodon.part_lcl__NC_007358.1_cds_YP_308665.1_2,PB1,polymerase,553,negative,0,1.412,-,0,"K:K:34,?:K:3,K:R:1",1,0.667,K,"K:4184,?:5,R:1"
GCF_000864105.1_noTerminalStopCodon.part_lcl__NC_007358.1_cds_YP_308665.1_2,PB1,polymerase,554,negative,0,1.542,-,0,"D:D:27,?:D:3,D:V:1",1,0.667,D,"D:4186,?:3,V:1"
GCF_000864105.1_noTerminalStopCodon.part_lcl__NC_007358.1_cds_YP_308665.1_2,PB1,polymerase,555,negative,0,1.021,-,0,"H:Y:1,Y:Y:18,?:Y:3",1,0.667,Y,"Y:4186,H:1,?:3"
GCF_000864105.1_noTerminalStopCodon.part_lcl__NC_007358.1_cds_YP_308665.1_2,PB1,polymerase,556,negative,0,1.072,-,0,"R:R:26,K:R:1,R:T:1,?:R:3",1,0.667,R,"R:4185,K:1,T:1,?:3"
GCF_000864105.1_noTerminalStopCodon.part_lcl__NC_007358.1_cds_YP_308665.1_2,PB1,polymerase,557,negative,0,0.276,-,0.012,"H:Y:1,Y:Y:5,N:Y:1,?:Y:3",1,0.667,Y,"Y:4185,H:1,N:1,?:3"
GCF_000864105.1_noTerminalStopCodon.part_lcl__NC_007358.1_cds_YP_308665.1_2,PB1,polymerase,558,negative,0,1.243,-,0,"T:T:32,A:T:1,?:T:3",1,0.667,T,"T:4186,A:1,?:3"
GCF_000864105.1_noTerminalStopCodon.part_lcl__NC_007358.1_cds_YP_308665.1_2,PB1,polymerase,559,negative,0,1.224,-,0,"Y:Y:21,?:Y:3",1,0.667,Y,"Y:4186,?:4"
GCF_000864105.1_noTerminalStopCodon.part_lcl__NC_007358.1_cds_YP_308665.1_2,PB1,polymerase,560,negative,0,1.213,-,0,"R:R:37,?:R:3",1,0.667,R,"R:4185,?:5"
GCF_000864105.1_noTerminalStopCodon.part_lcl__NC_007358.1_cds_YP_308665.1_2,PB1,polymerase,561,negative,0,1.909,-,0,"C:C:32,?:C:3,C:R:1",1,0.667,C,"C:4186,?:3,R:1"
GCF_000864105.1_noTerminalStopCodon.part_lcl__NC_007358.1_cds_YP_308665.1_2,PB1,polymerase,562,negative,0.049,1.232,-,0,"H:H:22,H:N:1,?:H:3,H:P:2",1,0.667,H,"H:4182,N:1,?:4,P:3"
GCF_000864105.1_noTerminalStopCodon.part_lcl__NC_007358.1_cds_YP_308665.1_2,PB1,polymerase,563,negative,0.045,1.352,-,0,"R:R:31,G:R:2,K:R:1,I:R:1,?:R:3",1,0.667,R,"R:4182,G:3,K:1,I:1,?:3"
GCF_000864105.1_noTerminalStopCodon.part_lcl__NC_007358.1_cds_YP_308665.1_2,PB1,polymerase,564,negative,0.041,1.202,-,0,"G:S:1,G:G:30,?:G:3",1,0.667,G,"G:4185,S:2,?:3"
GCF_000864105.1_noTerminalStopCodon.part_lcl__NC_007358.1_cds_YP_308665.1_2,PB1,polymerase,565,negative,0,1.221,-,0,"D:D:21,D:N:1,?:D:3,D:G:1",1,0.667,D,"D:4185,N:1,?:3,G:1"
GCF_000864105.1_noTerminalStopCodon.part_lcl__NC_007358.1_cds_YP_308665.1_2,PB1,polymerase,566,negative,0.096,1.015,-,0,"I:T:1,T:T:26,M:T:5,?:T:3,A:T:2",1,0.256,T,"T:4159,I:2,M:23,?:4,A:2"
GCF_000864105.1_noTerminalStopCodon.part_lcl__NC_007358.1_cds_YP_308665.1_2,PB1,polymerase,567,negative,0.079,0.585,-,0.013,"E:Q:2,Q:Q:11,Q:R:1,K:Q:1,?:Q:3,H:Q:1",1,0.667,Q,"Q:4180,E:2,R:1,K:3,?:3,H:1"
GCF_000864105.1_noTerminalStopCodon.part_lcl__NC_007358.1_cds_YP_308665.1_2,PB1,polymerase,568,negative,0.052,1.338,-,0,"I:I:28,I:V:6,I:T:1,?:I:3",1,0.667,I,"I:4179,V:7,T:1,?:3"
GCF_000864105.1_noTerminalStopCodon.part_lcl__NC_007358.1_cds_YP_308665.1_2,PB1,polymerase,569,negative,0.159,0.972,-,0.002,"Q:Q:20,Q:R:3,H:Q:4,?:Q:3,P:Q:2",1,0.667,Q,"Q:4158,R:4,H:23,?:3,P:2"
GCF_000864105.1_noTerminalStopCodon.part_lcl__NC_007358.1_cds_YP_308665.1_2,PB1,polymerase,570,negative,0,1.249,-,0,"T:T:35,?:T:3,P:T:1",1,0.667,T,"T:4184,?:5,P:1"
GCF_000864105.1_noTerminalStopCodon.part_lcl__NC_007358.1_cds_YP_308665.1_2,PB1,polymerase,571,negative,0.135,0.865,-,0,"M:R:1,R:S:1,R:R:24,K:R:6,?:R:3",1,0.667,R,"R:4173,M:1,S:1,K:10,?:5"
GCF_000864105.1_noTerminalStopCodon.part_lcl__NC_007358.1_cds_YP_308665.1_2,PB1,polymerase,572,negative,0,0.888,-,0,"R:R:21,?:R:3",1,0.667,R,"R:4187,?:3"
GCF_000864105.1_noTerminalStopCodon.part_lcl__NC_007358.1_cds_YP_308665.1_2,PB1,polymerase,573,neutral,0.175,0.328,-,0.332,"S:T:2,S:S:8,?:S:3,P:S:1,A:S:3",1,0.667,S,"S:4176,T:2,?:3,P:1,A:8"
GCF_000864105.1_noTerminalStopCodon.part_lcl__NC_007358.1_cds_YP_308665.1_2,PB1,polymerase,574,negative,0.099,1.965,-,0,"F:F:34,C:F:1,F:V:3,F:S:3,?:F:3,F:L:2",1,0.667,F,"F:4172,C:2,V:3,S:7,?:4,L:2"
GCF_000864105.1_noTerminalStopCodon.part_lcl__NC_007358.1_cds_YP_308665.1_2,PB1,polymerase,575,negative,0,0.83,-,0,"E:E:22,?:E:4",1,0.667,E,"E:4186,?:4"
GCF_000864105.1_noTerminalStopCodon.part_lcl__NC_007358.1_cds_YP_308665.1_2,PB1,polymerase,576,negative,0.082,0.658,-,0.004,"L:L:31,L:M:4,I:L:1,I:M:1",1,0.667,L,"L:4175,M:9,?:4,I:2"
GCF_000864105.1_noTerminalStopCodon.part_lcl__NC_007358.1_cds_YP_308665.1_2,PB1,polymerase,577,negative,0.223,0.856,-,0.005,"K:K:22,K:R:13,E:K:1,K:N:1,?:K:4",1,0.637,K,"K:4151,?:6,R:30,E:2,N:1"
GCF_000864105.1_noTerminalStopCodon.part_lcl__NC_007358.1_cds_YP_308665.1_2,PB1,polymerase,578,negative,0.501,1.532,-,0.001,"K:K:36,K:R:17,K:N:3,E:K:2,?:K:4,R:R:1,K:Q:1",1,0.028,K,"K:4076,R:89,N:18,E:2,?:4,Q:1"
GCF_000864105.1_noTerminalStopCodon.part_lcl__NC_007358.1_cds_YP_308665.1_2,PB1,polymerase,579,negative,0,1.154,-,0,"L:M:1,L:L:50,?:L:1",1,0.667,L,"L:4184,M:1,?:5"
GCF_000864105.1_noTerminalStopCodon.part_lcl__NC_007358.1_cds_YP_308665.1_2,PB1,polymerase,580,neutral,0,0,-,1,?:W:4,1,1,W,"W:4186,?:4"
GCF_000864105.1_noTerminalStopCodon.part_lcl__NC_007358.1_cds_YP_308665.1_2,PB1,polymerase,581,negative,0.191,0.819,-,0.003,"E:E:18,E:K:2,E:G:5,D:E:3,?:E:4",1,0.657,E,"E:4172,K:3,G:7,D:4,?:4"
GCF_000864105.1_noTerminalStopCodon.part_lcl__NC_007358.1_cds_YP_308665.1_2,PB1,polymerase,582,negative,0.243,1.373,-,0,"Q:Q:31,H:Q:6,?:Q:4,K:Q:1",1,0.667,Q,"Q:4174,H:11,?:4,K:1"
GCF_000864105.1_noTerminalStopCodon.part_lcl__NC_007358.1_cds_YP_308665.1_2,PB1,polymerase,583,negative,0,0.763,-,0,"T:T:19,I:T:1,?:T:4",1,0.667,T,"T:4185,I:1,?:4"
GCF_000864105.1_noTerminalStopCodon.part_lcl__NC_007358.1_cds_YP_308665.1_2,PB1,polymerase,584,negative,0.502,1.156,-,0.015,"R:R:27,C:R:6,H:R:14,L:R:6,H:H:1,?:R:4,H:L:1,R:S:1",1,0.439,R,"R:4056,C:9,H:110,L:10,?:4,S:1"
GCF_000864105.1_noTerminalStopCodon.part_lcl__NC_007358.1_cds_YP_308665.1_2,PB1,polymerase,585,negative,0,0.494,-,0,"L:S:1,S:S:12,?:S:4",1,0.667,S,"S:4185,L:1,?:4"
GCF_000864105.1_noTerminalStopCodon.part_lcl__NC_007358.1_cds_YP_308665.1_2,PB1,polymerase,586,negative,0,1.295,-,0,"K:K:30,K:R:6,K:N:1,?:K:4",1,0.667,K,"K:4178,R:6,N:1,?:5"
GCF_000864105.1_noTerminalStopCodon.part_lcl__NC_007358.1_cds_YP_308665.1_2,PB1,polymerase,587,negative,0.124,0.495,-,0.017,"A:A:12,A:T:7,P:T:1,P:S:1,A:S:2,?:A:4,A:V:2",1,0.653,A,"A:3312,P:860,S:3,T:9,?:4,V:2"
GCF_000864105.1_noTerminalStopCodon.part_lcl__NC_007358.1_cds_YP_308665.1_2,PB1,polymerase,588,negative,0,1.289,-,0,"G:G:31,?:G:4,E:G:1",1,0.667,G,"G:4184,?:5,E:1"
GCF_000864105.1_noTerminalStopCodon.part_lcl__NC_007358.1_cds_YP_308665.1_2,PB1,polymerase,589,negative,0,0.646,-,0,"L:L:31,L:M:1,L:P:1",1,0.667,L,"L:4184,M:1,?:4,P:1"
GCF_000864105.1_noTerminalStopCodon.part_lcl__NC_007358.1_cds_YP_308665.1_2,PB1,polymerase,590,negative,0.081,0.607,-,0.006,"L:L:26,L:M:2",1,0.667,L,"L:4179,M:7,?:4"
GCF_000864105.1_noTerminalStopCodon.part_lcl__NC_007358.1_cds_YP_308665.1_2,PB1,polymerase,591,negative,0.136,1.101,-,0,"V:V:27,I:V:7,A:V:1,?:V:4,E:V:1",1,0.667,V,"V:4171,I:13,A:1,?:4,E:1"
GCF_000864105.1_noTerminalStopCodon.part_lcl__NC_007358.1_cds_YP_308665.1_2,PB1,polymerase,592,negative,0.058,0.709,-,0,"A:S:3,S:S:17,?:S:4",1,0.667,S,"S:4180,A:6,?:4"
GCF_000864105.1_noTerminalStopCodon.part_lcl__NC_007358.1_cds_YP_308665.1_2,PB1,polymerase,593,negative,0,1.161,-,0,"D:D:20,D:V:1,?:D:4",1,0.667,D,"D:4184,V:1,?:5"
GCF_000864105.1_noTerminalStopCodon.part_lcl__NC_007358.1_cds_YP_308665.1_2,PB1,polymerase,594,negative,0,0.871,-,0,"G:G:21,?:G:4,G:R:1",1,0.667,G,"G:4184,?:5,R:1"
GCF_000864105.1_noTerminalStopCodon.part_lcl__NC_007358.1_cds_YP_308665.1_2,PB1,polymerase,595,negative,0,1.361,-,0,"G:G:33,?:G:4,E:G:1",1,0.667,G,"G:4185,?:4,E:1"
GCF_000864105.1_noTerminalStopCodon.part_lcl__NC_007358.1_cds_YP_308665.1_2,PB1,polymerase,596,negative,0.047,0.63,-,0,"L:P:1,P:P:15,?:P:4,P:Q:1,P:T:1",1,0.667,P,"P:4181,L:3,?:4,Q:1,T:1"
GCF_000864105.1_noTerminalStopCodon.part_lcl__NC_007358.1_cds_YP_308665.1_2,PB1,polymerase,597,negative,0,1.845,-,0,"N:N:31,?:N:4",1,0.667,N,"N:4184,?:6"
GCF_000864105.1_noTerminalStopCodon.part_lcl__NC_007358.1_cds_YP_308665.1_2,PB1,polymerase,598,negative,0.166,0.818,-,0.005,"L:L:34,L:P:3,?:L:4,L:M:1,L:V:1",1,0.667,L,"L:4161,P:6,?:5,M:1,V:17"
GCF_000864105.1_noTerminalStopCodon.part_lcl__NC_007358.1_cds_YP_308665.1_2,PB1,polymerase,599,negative,0,0.942,-,0,"Y:Y:17,?:Y:4",1,0.667,Y,"Y:4186,?:4"
GCF_000864105.1_noTerminalStopCodon.part_lcl__NC_007358.1_cds_YP_308665.1_2,PB1,polymerase,600,negative,0,1.369,-,0,"N:N:23,?:N:4,H:N:1,I:N:1",1,0.667,N,"N:4184,?:4,H:1,I:1"
GCF_000864105.1_noTerminalStopCodon.part_lcl__NC_007358.1_cds_YP_308665.1_2,PB1,polymerase,601,negative,0,1.322,-,0,"I:I:29,I:V:2,?:I:4,I:T:1",1,0.667,I,"I:4183,V:2,?:4,T:1"
GCF_000864105.1_noTerminalStopCodon.part_lcl__NC_007358.1_cds_YP_308665.1_2,PB1,polymerase,602,negative,0,0.85,-,0,"R:R:28,?:R:4",1,0.667,R,"R:4185,?:5"
GCF_000864105.1_noTerminalStopCodon.part_lcl__NC_007358.1_cds_YP_308665.1_2,PB1,polymerase,603,negative,0,1.648,-,0,"N:N:28,?:N:4",1,0.667,N,"N:4185,?:5"
GCF_000864105.1_noTerminalStopCodon.part_lcl__NC_007358.1_cds_YP_308665.1_2,PB1,polymerase,604,negative,0,1.009,-,0,"L:L:25,F:L:1,?:L:4,L:P:1,I:L:1",1,0.667,L,"L:4183,F:1,?:4,P:1,I:1"
GCF_000864105.1_noTerminalStopCodon.part_lcl__NC_007358.1_cds_YP_308665.1_2,PB1,polymerase,605,negative,0,1.49,-,0,"H:H:25,?:H:4,H:Y:1,H:P:2",1,0.667,H,"H:4183,?:4,Y:1,P:2"
GCF_000864105.1_noTerminalStopCodon.part_lcl__NC_007358.1_cds_YP_308665.1_2,PB1,polymerase,606,negative,0.051,2.181,-,0,"I:I:46,I:L:1,?:I:4,I:V:3",1,0.667,I,"I:4181,L:1,?:4,V:4"
GCF_000864105.1_noTerminalStopCodon.part_lcl__NC_007358.1_cds_YP_308665.1_2,PB1,polymerase,607,negative,0,1.411,-,0,"P:P:35,P:S:1,P:Q:1,?:P:4",1,0.667,P,"P:4184,S:1,Q:1,?:4"
GCF_000864105.1_noTerminalStopCodon.part_lcl__NC_007358.1_cds_YP_308665.1_2,PB1,polymerase,608,negative,0,0.624,-,0,"E:E:15,?:E:4,E:K:1",1,0.667,E,"E:4185,?:4,K:1"
GCF_000864105.1_noTerminalStopCodon.part_lcl__NC_007358.1_cds_YP_308665.1_2,PB1,polymerase,609,negative,0.091,1.139,-,0,"V:V:24,F:V:1,A:V:9,?:V:4",1,0.667,V,"V:4171,F:1,A:13,?:5"
GCF_000864105.1_noTerminalStopCodon.part_lcl__NC_007358.1_cds_YP_308665.1_2,PB1,polymerase,610,negative,0.095,1.114,-,0,"C:C:20,C:G:5,?:C:4,C:S:1",1,0.667,C,"C:4176,G:9,?:4,S:1"
GCF_000864105.1_noTerminalStopCodon.part_lcl__NC_007358.1_cds_YP_308665.1_2,PB1,polymerase,611,negative,0.081,1.282,-,0,"L:L:50,?:L:2,L:M:2,I:M:1",1,0.667,L,"L:4110,?:6,M:73,I:1"
GCF_000864105.1_noTerminalStopCodon.part_lcl__NC_007358.1_cds_YP_308665.1_2,PB1,polymerase,612,negative,0,1.284,-,0,"K:K:28,?:K:5,K:R:1",1,0.667,K,"K:4184,?:5,R:1"
GCF_000864105.1_noTerminalStopCodon.part_lcl__NC_007358.1_cds_YP_308665.1_2,PB1,polymerase,613,neutral,0,0,-,1,?:W:5,1,1,W,"W:4185,?:5"
GCF_000864105.1_noTerminalStopCodon.part_lcl__NC_007358.1_cds_YP_308665.1_2,PB1,polymerase,614,negative,0.19,1.567,-,0,"D:G:3,D:E:5,E:G:7,G:G:1,E:E:33,E:K:1,?:E:5,A:E:1",1,0.23,E,"D:228,G:17,E:3938,K:1,?:5,A:1"
GCF_000864105.1_noTerminalStopCodon.part_lcl__NC_007358.1_cds_YP_308665.1_2,PB1,polymerase,615,negative,0,1.148,-,0,"L:L:48,?:L:1,L:P:1,L:V:1",1,0.667,L,"L:4182,?:6,P:1,V:1"
GCF_000864105.1_noTerminalStopCodon.part_lcl__NC_007358.1_cds_YP_308665.1_2,PB1,polymerase,616,neutral,0,0,-,1,NA,1,1,M,"M:4185,?:5"
GCF_000864105.1_noTerminalStopCodon.part_lcl__NC_007358.1_cds_YP_308665.1_2,PB1,polymerase,617,negative,0,1.445,-,0,"D:D:25,?:D:5,D:G:1",1,0.667,D,"D:4183,?:6,G:1"
GCF_000864105.1_noTerminalStopCodon.part_lcl__NC_007358.1_cds_YP_308665.1_2,PB1,polymerase,618,neutral,0.428,0.638,-,0.367,"E:G:8,E:K:13,E:E:11,D:E:4,G:R:1,?:E:5,E:V:2,V:V:1",1,0.667,E,"E:4027,G:49,K:21,D:51,R:1,?:5,V:36"
GCF_000864105.1_noTerminalStopCodon.part_lcl__NC_007358.1_cds_YP_308665.1_2,PB1,polymerase,619,negative,0.13,1.316,-,0,"D:D:23,D:G:5,?:D:5,D:N:4,D:Y:1,D:E:7",1,0.667,D,"D:4156,G:10,?:5,N:7,Y:1,E:11"
GCF_000864105.1_noTerminalStopCodon.part_lcl__NC_007358.1_cds_YP_308665.1_2,PB1,polymerase,620,negative,0,1.479,-,0,"Y:Y:26,?:Y:5",1,0.667,Y,"Y:4185,?:5"
GCF_000864105.1_noTerminalStopCodon.part_lcl__NC_007358.1_cds_YP_308665.1_2,PB1,polymerase,621,neutral,0.573,1.148,-,0.081,"Q:Q:27,?:Q:5,K:Q:6,Q:R:12,R:R:1",1,0.667,Q,"Q:4150,?:5,K:14,R:21"
GCF_000864105.1_noTerminalStopCodon.part_lcl__NC_007358.1_cds_YP_308665.1_2,PB1,polymerase,622,negative,0.122,0.7,-,0.001,"G:G:17,G:R:1,?:G:5,E:G:1,D:G:2,G:S:4",1,0.667,G,"G:4170,R:4,?:5,E:1,D:2,S:8"
GCF_000864105.1_noTerminalStopCodon.part_lcl__NC_007358.1_cds_YP_308665.1_2,PB1,polymerase,623,negative,0,1.4,-,0,"R:R:36,?:R:5",1,0.667,R,"R:4185,?:5"
GCF_000864105.1_noTerminalStopCodon.part_lcl__NC_007358.1_cds_YP_308665.1_2,PB1,polymerase,624,negative,0,0.712,-,0,"L:L:26,L:V:1,I:L:1,?:L:1",1,0.667,L,"L:4183,V:1,I:1,?:5"
GCF_000864105.1_noTerminalStopCodon.part_lcl__NC_007358.1_cds_YP_308665.1_2,PB1,polymerase,625,negative,0,1.635,-,0,"C:C:28,?:C:5",1,0.667,C,"C:4185,?:5"
GCF_000864105.1_noTerminalStopCodon.part_lcl__NC_007358.1_cds_YP_308665.1_2,PB1,polymerase,626,negative,0,1.506,-,0,"N:N:25,?:N:5,N:S:1,H:N:3",1,0.667,N,"N:4179,?:7,S:1,H:3"
GCF_000864105.1_noTerminalStopCodon.part_lcl__NC_007358.1_cds_YP_308665.1_2,PB1,polymerase,627,negative,0,0.773,-,0,"P:P:19,H:P:1,P:S:2,?:P:5",1,0.667,P,"P:4179,H:1,S:2,?:8"
GCF_000864105.1_noTerminalStopCodon.part_lcl__NC_007358.1_cds_YP_308665.1_2,PB1,polymerase,628,neutral,0.164,0.439,-,0.129,"L:W:1,L:L:21,L:M:5,L:Q:3",1,0.651,L,"L:4151,W:1,M:9,?:5,Q:24"
GCF_000864105.1_noTerminalStopCodon.part_lcl__NC_007358.1_cds_YP_308665.1_2,PB1,polymerase,629,negative,0,2.703,-,0,"N:N:46,?:N:5",1,0.667,N,"N:4185,?:5"
GCF_000864105.1_noTerminalStopCodon.part_lcl__NC_007358.1_cds_YP_308665.1_2,PB1,polymerase,630,negative,0,1.68,-,0,"P:P:44,?:P:5",1,0.667,P,"P:4185,?:5"
GCF_000864105.1_noTerminalStopCodon.part_lcl__NC_007358.1_cds_YP_308665.1_2,PB1,polymerase,631,negative,0,1.024,-,0,"F:F:18,?:F:5",1,0.667,F,"F:4184,?:6"
GCF_000864105.1_noTerminalStopCodon.part_lcl__NC_007358.1_cds_YP_308665.1_2,PB1,polymerase,632,neutral,0.137,0.368,-,0.114,"V:V:9,?:V:5,I:V:5,A:V:2",1,0.44,V,"V:4174,?:5,I:8,A:3"
GCF_000864105.1_noTerminalStopCodon.part_lcl__NC_007358.1_cds_YP_308665.1_2,PB1,polymerase,633,negative,0.247,1.601,-,0,"S:S:27,I:S:2,N:S:11,?:S:5,G:S:2,S:T:1,N:N:1,C:S:1",1,0.161,S,"S:4142,I:2,N:35,?:5,G:2,T:3,C:1"
GCF_000864105.1_noTerminalStopCodon.part_lcl__NC_007358.1_cds_YP_308665.1_2,PB1,polymerase,634,negative,0,0.845,-,0,"H:Q:1,H:H:15,?:H:5",1,0.667,H,"H:4184,Q:1,?:5"
GCF_000864105.1_noTerminalStopCodon.part_lcl__NC_007358.1_cds_YP_308665.1_2,PB1,polymerase,635,neutral,0.492,0.795,-,0.227,"K:K:18,K:R:16,?:K:4,M:R:1,G:R:1,R:R:1,?:R:1,K:T:1",1,0.667,K,"K:3915,R:265,?:5,M:3,G:1,T:1"
GCF_000864105.1_noTerminalStopCodon.part_lcl__NC_007358.1_cds_YP_308665.1_2,PB1,polymerase,636,negative,0,0.633,-,0,"E:E:12,?:E:6,E:G:3",1,0.667,E,"E:4181,?:6,G:3"
GCF_000864105.1_noTerminalStopCodon.part_lcl__NC_007358.1_cds_YP_308665.1_2,PB1,polymerase,637,negative,0,0.67,-,0,"I:V:2,I:I:11,?:I:6,I:M:1,I:L:1",1,0.667,I,"I:4180,V:2,?:6,M:1,L:1"
GCF_000864105.1_noTerminalStopCodon.part_lcl__NC_007358.1_cds_YP_308665.1_2,PB1,polymerase,638,negative,0.048,1.018,-,0,"?:E:6,E:E:24,D:E:3",1,0.667,E,"E:4170,?:6,D:14"
GCF_000864105.1_noTerminalStopCodon.part_lcl__NC_007358.1_cds_YP_308665.1_2,PB1,polymerase,639,negative,0,1.385,-,0,"S:S:34,?:S:6,P:S:1",1,0.667,S,"S:4182,?:7,P:1"
GCF_000864105.1_noTerminalStopCodon.part_lcl__NC_007358.1_cds_YP_308665.1_2,PB1,polymerase,640,negative,0.137,1.418,-,0,"V:V:36,M:V:4,?:V:4,I:V:6,A:V:1",1,0.451,V,"V:4161,M:4,?:8,I:12,A:5"
GCF_000864105.1_noTerminalStopCodon.part_lcl__NC_007358.1_cds_YP_308665.1_2,PB1,polymerase,641,negative,0,0.797,-,0,"N:N:14,?:N:7,N:T:1",1,0.667,N,"N:4182,?:7,T:1"
GCF_000864105.1_noTerminalStopCodon.part_lcl__NC_007358.1_cds_YP_308665.1_2,PB1,polymerase,642,negative,0.251,1.161,-,0.001,"N:S:9,?:N:7,N:N:19,S:S:1,N:T:1",1,0.667,N,"N:4147,S:35,?:7,T:1"
GCF_000864105.1_noTerminalStopCodon.part_lcl__NC_007358.1_cds_YP_308665.1_2,PB1,polymerase,643,negative,0,0.95,-,0,"A:A:23,A:V:2,?:A:7,A:D:1,A:T:1",1,0.667,A,"A:4179,V:2,?:7,D:1,T:1"
GCF_000864105.1_noTerminalStopCodon.part_lcl__NC_007358.1_cds_YP_308665.1_2,PB1,polymerase,644,neutral,0.322,0.7,-,0.072,"V:V:17,M:V:6,I:V:7,I:M:1,M:T:1,?:I:1,I:T:1,?:V:3,A:V:1",1,0.062,V,"V:3775,?:7,M:135,I:268,T:4,A:1"
GCF_000864105.1_noTerminalStopCodon.part_lcl__NC_007358.1_cds_YP_308665.1_2,PB1,polymerase,645,negative,0.091,0.783,-,0,"V:V:21,I:V:2,?:V:4,M:V:1",1,0.667,V,"V:4170,?:8,I:10,M:2"
GCF_000864105.1_noTerminalStopCodon.part_lcl__NC_007358.1_cds_YP_308665.1_2,PB1,polymerase,646,neutral,0.098,0,-,0.863,"M:V:4,M:R:1,M:T:4,I:M:5,?:I:1,L:M:2",1,0.6,M,"M:4111,?:10,V:4,R:1,T:9,I:53,L:2"
GCF_000864105.1_noTerminalStopCodon.part_lcl__NC_007358.1_cds_YP_308665.1_2,PB1,polymerase,647,negative,0,1.299,-,0,"P:P:31,?:P:7,P:S:3,P:Q:1",1,0.667,P,"P:4178,?:8,S:3,Q:1"
GCF_000864105.1_noTerminalStopCodon.part_lcl__NC_007358.1_cds_YP_308665.1_2,PB1,polymerase,648,negative,0.167,1.745,-,0,"A:A:42,A:T:5,?:A:7,A:S:6,A:V:2",1,0.667,A,"A:4150,T:5,?:7,S:20,V:8"
GCF_000864105.1_noTerminalStopCodon.part_lcl__NC_007358.1_cds_YP_308665.1_2,PB1,polymerase,649,negative,0,1.094,-,0,"H:H:19,?:H:7,H:Q:1",1,0.667,H,"H:4182,?:7,Q:1"
GCF_000864105.1_noTerminalStopCodon.part_lcl__NC_007358.1_cds_YP_308665.1_2,PB1,polymerase,650,negative,0,1.428,-,0,"G:G:34,?:G:7",1,0.667,G,"G:4181,?:9"
GCF_000864105.1_noTerminalStopCodon.part_lcl__NC_007358.1_cds_YP_308665.1_2,PB1,polymerase,651,negative,0,1.426,-,0,"?:P:7,P:P:36",1,0.667,P,"P:4183,?:7"
GCF_000864105.1_noTerminalStopCodon.part_lcl__NC_007358.1_cds_YP_308665.1_2,PB1,polymerase,652,negative,0.083,0.932,-,0,"A:A:23,A:S:1,?:A:7,A:T:4,A:V:2",1,0.667,A,"A:4170,S:1,?:7,T:9,V:3"
GCF_000864105.1_noTerminalStopCodon.part_lcl__NC_007358.1_cds_YP_308665.1_2,PB1,polymerase,653,negative,0.111,0.88,-,0,"K:K:22,?:K:7,K:R:4,K:N:1",1,0.667,K,"K:4174,?:8,R:7,N:1"
GCF_000864105.1_noTerminalStopCodon.part_lcl__NC_007358.1_cds_YP_308665.1_2,PB1,polymerase,654,negative,0.329,1.069,-,0.003,"S:S:18,?:S:7,G:S:7,N:S:16,I:S:2,A:G:1,C:S:1,R:S:2",1,0.18,S,"S:4100,?:7,G:19,N:53,I:3,A:5,C:1,R:2"
GCF_000864105.1_noTerminalStopCodon.part_lcl__NC_007358.1_cds_YP_308665.1_2,PB1,polymerase,655,neutral,0.065,0,-,0.933,"I:M:11,M:V:4,L:M:1,M:T:2",1,0.657,M,"M:4157,I:18,V:4,?:8,L:1,T:2"
GCF_000864105.1_noTerminalStopCodon.part_lcl__NC_007358.1_cds_YP_308665.1_2,PB1,polymerase,656,negative,0,1.197,-,0,"E:E:22,?:E:7",1,0.667,E,"E:4183,?:7"
GCF_000864105.1_noTerminalStopCodon.part_lcl__NC_007358.1_cds_YP_308665.1_2,PB1,polymerase,657,negative,0,0.744,-,0,"Y:Y:13,?:Y:7,H:Y:1",1,0.667,Y,"Y:4182,?:7,H:1"
GCF_000864105.1_noTerminalStopCodon.part_lcl__NC_007358.1_cds_YP_308665.1_2,PB1,polymerase,658,negative,0.043,0.339,-,0.02,"D:E:4,D:D:6,?:D:7",1,0.667,D,"D:4178,E:5,?:7"
GCF_000864105.1_noTerminalStopCodon.part_lcl__NC_007358.1_cds_YP_308665.1_2,PB1,polymerase,659,negative,0,1.197,-,0,"A:A:29,?:A:7",1,0.667,A,"A:4183,?:7"
GCF_000864105.1_noTerminalStopCodon.part_lcl__NC_007358.1_cds_YP_308665.1_2,PB1,polymerase,660,negative,0.183,0.746,-,0.004,"V:V:18,?:V:7,I:V:9,A:V:1",1,0.646,V,"V:3358,?:7,I:824,A:1"
GCF_000864105.1_noTerminalStopCodon.part_lcl__NC_007358.1_cds_YP_308665.1_2,PB1,polymerase,661,negative,0,1.462,-,0,"A:A:37,A:T:3,?:A:7,A:V:2,A:S:1",1,0.667,A,"A:4177,T:3,?:7,V:2,S:1"
GCF_000864105.1_noTerminalStopCodon.part_lcl__NC_007358.1_cds_YP_308665.1_2,PB1,polymerase,662,negative,0.048,1.442,-,0,"T:T:35,?:T:7,N:T:3",1,0.667,T,"T:4102,?:7,N:81"
GCF_000864105.1_noTerminalStopCodon.part_lcl__NC_007358.1_cds_YP_308665.1_2,PB1,polymerase,663,negative,0,1.329,-,0,"M:T:1,T:T:30,?:T:7,S:T:1",1,0.667,T,"T:4181,M:1,?:7,S:1"
GCF_000864105.1_noTerminalStopCodon.part_lcl__NC_007358.1_cds_YP_308665.1_2,PB1,polymerase,664,negative,0,1.793,-,0,"H:H:31,?:H:7",1,0.667,H,"H:4183,?:7"
GCF_000864105.1_noTerminalStopCodon.part_lcl__NC_007358.1_cds_YP_308665.1_2,PB1,polymerase,665,negative,0,1.216,-,0,"S:S:29,?:S:7,F:S:1",1,0.667,S,"S:4182,?:7,F:1"
GCF_000864105.1_noTerminalStopCodon.part_lcl__NC_007358.1_cds_YP_308665.1_2,PB1,polymerase,666,neutral,0,0.215,-,1,?:W:7,1,0.667,W,"W:4183,?:7"
GCF_000864105.1_noTerminalStopCodon.part_lcl__NC_007358.1_cds_YP_308665.1_2,PB1,polymerase,667,negative,0.605,2.095,-,0,"I:S:1,I:V:15,I:I:39,I:T:13,?:I:7,I:L:1,I:M:3,I:N:1",1,0.549,I,"I:4061,S:1,V:40,T:75,?:7,L:1,M:4,N:1"
GCF_000864105.1_noTerminalStopCodon.part_lcl__NC_007358.1_cds_YP_308665.1_2,PB1,polymerase,668,negative,0,1.386,-,0,"P:P:34,?:P:7,P:S:1",1,0.667,P,"P:4182,?:7,S:1"
GCF_000864105.1_noTerminalStopCodon.part_lcl__NC_007358.1_cds_YP_308665.1_2,PB1,polymerase,669,negative,0,1.472,-,0,"K:K:33,?:K:7,K:R:2",1,0.667,K,"K:4181,?:7,R:2"
GCF_000864105.1_noTerminalStopCodon.part_lcl__NC_007358.1_cds_YP_308665.1_2,PB1,polymerase,670,negative,0,1.076,-,0,"R:R:31,?:R:7",1,0.667,R,"R:4182,?:8"
GCF_000864105.1_noTerminalStopCodon.part_lcl__NC_007358.1_cds_YP_308665.1_2,PB1,polymerase,671,negative,0,1.41,-,0,"N:N:24,?:N:7,D:N:1",1,0.667,N,"N:4182,?:7,D:1"
GCF_000864105.1_noTerminalStopCodon.part_lcl__NC_007358.1_cds_YP_308665.1_2,PB1,polymerase,672,negative,0,1.55,-,0,"R:R:38,?:R:8,R:S:1",1,0.667,R,"R:4180,?:9,S:1"
GCF_000864105.1_noTerminalStopCodon.part_lcl__NC_007358.1_cds_YP_308665.1_2,PB1,polymerase,673,negative,0.051,0.642,-,0,"S:S:16,?:S:7,S:T:1",1,0.667,S,"S:4178,?:9,T:3"
GCF_000864105.1_noTerminalStopCodon.part_lcl__NC_007358.1_cds_YP_308665.1_2,PB1,polymerase,674,negative,0,1.163,-,0,"I:I:23,?:I:7,I:V:2",1,0.667,I,"I:4181,?:7,V:2"
GCF_000864105.1_noTerminalStopCodon.part_lcl__NC_007358.1_cds_YP_308665.1_2,PB1,polymerase,675,negative,0,0.987,-,0,"L:L:24,?:L:7,F:L:1",1,0.667,L,"L:4182,?:7,F:1"
GCF_000864105.1_noTerminalStopCodon.part_lcl__NC_007358.1_cds_YP_308665.1_2,PB1,polymerase,676,negative,0,1.765,-,0,"N:N:30,?:N:7,D:N:1",1,0.667,N,"N:4182,?:7,D:1"
GCF_000864105.1_noTerminalStopCodon.part_lcl__NC_007358.1_cds_YP_308665.1_2,PB1,polymerase,677,negative,0,1.396,-,0,"T:T:34,?:T:6",1,0.667,T,"T:4183,?:7"
GCF_000864105.1_noTerminalStopCodon.part_lcl__NC_007358.1_cds_YP_308665.1_2,PB1,polymerase,678,negative,0,2.021,-,0,"S:S:35,?:S:6,N:S:3",1,0.667,S,"S:4181,?:6,N:3"
GCF_000864105.1_noTerminalStopCodon.part_lcl__NC_007358.1_cds_YP_308665.1_2,PB1,polymerase,679,negative,0.078,0.636,-,0.008,"?:Q:6,Q:R:1,Q:Q:12,H:Q:1",1,0.667,Q,"Q:4119,?:6,R:1,H:64"
GCF_000864105.1_noTerminalStopCodon.part_lcl__NC_007358.1_cds_YP_308665.1_2,PB1,polymerase,680,negative,0,0.579,-,0,"R:R:17,?:R:7,K:R:6",1,0.667,R,"R:4177,?:7,K:6"
GCF_000864105.1_noTerminalStopCodon.part_lcl__NC_007358.1_cds_YP_308665.1_2,PB1,polymerase,681,negative,0,1.211,-,0,"G:G:29,?:G:7",1,0.667,G,"G:4183,?:7"
GCF_000864105.1_noTerminalStopCodon.part_lcl__NC_007358.1_cds_YP_308665.1_2,PB1,polymerase,682,negative,0.051,1.31,-,0,"I:I:28,?:I:7,I:V:6,I:T:1",1,0.667,I,"I:4174,?:7,V:8,T:1"
GCF_000864105.1_noTerminalStopCodon.part_lcl__NC_007358.1_cds_YP_308665.1_2,PB1,polymerase,683,negative,0,0.283,-,0.005,"?:L:6,L:L:7",1,0.667,L,"L:4182,?:8"
GCF_000864105.1_noTerminalStopCodon.part_lcl__NC_007358.1_cds_YP_308665.1_2,PB1,polymerase,684,negative,0,1.142,-,0,"E:E:27,?:E:6",1,0.667,E,"E:4184,?:6"
GCF_000864105.1_noTerminalStopCodon.part_lcl__NC_007358.1_cds_YP_308665.1_2,PB1,polymerase,685,negative,0,1.143,-,0,"D:D:20,D:G:1,?:D:6",1,0.667,D,"D:4183,G:1,?:6"
GCF_000864105.1_noTerminalStopCodon.part_lcl__NC_007358.1_cds_YP_308665.1_2,PB1,polymerase,686,negative,0,1.234,-,0,"E:E:25,?:E:6",1,0.667,E,"E:4184,?:6"
GCF_000864105.1_noTerminalStopCodon.part_lcl__NC_007358.1_cds_YP_308665.1_2,PB1,polymerase,687,negative,0.164,0.7,-,0.02,"L:Q:1,Q:Q:18,?:Q:6,H:Q:3,Q:R:2,K:Q:2",1,0.667,Q,"Q:4169,L:5,?:7,H:5,R:2,K:2"
GCF_000864105.1_noTerminalStopCodon.part_lcl__NC_007358.1_cds_YP_308665.1_2,PB1,polymerase,688,neutral,0.033,0.016,-,0.988,"I:M:3,M:V:2",1,0.667,M,"M:4175,?:7,I:6,V:2"
GCF_000864105.1_noTerminalStopCodon.part_lcl__NC_007358.1_cds_YP_308665.1_2,PB1,polymerase,689,negative,0,1.328,-,0,"Y:Y:24,?:Y:11",1,0.667,Y,"Y:4178,?:12"
GCF_000864105.1_noTerminalStopCodon.part_lcl__NC_007358.1_cds_YP_308665.1_2,PB1,polymerase,690,neutral,0.423,0.846,-,0.145,"Q:Q:19,H:Q:2,?:Q:10,K:Q:4,Q:R:3",1,0.173,Q,"Q:4161,?:14,H:4,K:5,R:6"
GCF_000864105.1_noTerminalStopCodon.part_lcl__NC_007358.1_cds_YP_308665.1_2,PB1,polymerase,691,negative,0.277,1.19,-,0.001,"K:R:11,K:K:29,?:K:11",1,0.143,K,"K:4124,R:49,?:17"
GCF_000864105.1_noTerminalStopCodon.part_lcl__NC_007358.1_cds_YP_308665.1_2,PB1,polymerase,692,negative,0,1.172,-,0,"?:C:10,C:C:21",1,0.667,C,"C:4176,?:14"
GCF_000864105.1_noTerminalStopCodon.part_lcl__NC_007358.1_cds_YP_308665.1_2,PB1,polymerase,693,negative,0,0.496,-,0,"C:R:1,?:C:10,C:C:9,C:Y:1",1,0.667,C,"C:4175,R:1,?:13,Y:1"
GCF_000864105.1_noTerminalStopCodon.part_lcl__NC_007358.1_cds_YP_308665.1_2,PB1,polymerase,694,negative,0.426,1.567,-,0,"I:S:5,N:S:20,?:N:10,N:N:19,D:N:3,N:T:2,K:N:1,S:S:6,G:S:3",1,0.667,N,"S:1489,I:6,N:2636,?:13,D:3,T:8,K:1,G:34"
GCF_000864105.1_noTerminalStopCodon.part_lcl__NC_007358.1_cds_YP_308665.1_2,PB1,polymerase,695,negative,0.083,1.137,-,0,"L:L:47,?:L:8,I:L:5,L:P:1",1,0.667,L,"L:4168,?:13,I:8,P:1"
GCF_000864105.1_noTerminalStopCodon.part_lcl__NC_007358.1_cds_YP_308665.1_2,PB1,polymerase,696,negative,0,2.119,-,0,"F:F:36,?:F:10",1,0.667,F,"F:4176,?:14"
GCF_000864105.1_noTerminalStopCodon.part_lcl__NC_007358.1_cds_YP_308665.1_2,PB1,polymerase,697,negative,0,0.795,-,0,"E:E:19,?:E:10,E:G:5,E:Q:1",1,0.667,E,"E:4170,?:14,G:5,Q:1"
GCF_000864105.1_noTerminalStopCodon.part_lcl__NC_007358.1_cds_YP_308665.1_2,PB1,polymerase,698,negative,0.108,1.372,-,0,"K:K:25,?:K:10,K:R:4,K:T:1,K:N:1",1,0.667,K,"K:4168,?:13,R:5,T:3,N:1"
GCF_000864105.1_noTerminalStopCodon.part_lcl__NC_007358.1_cds_YP_308665.1_2,PB1,polymerase,699,negative,0,0.669,-,0,"?:F:10,F:F:12",1,0.667,F,"F:4177,?:13"
GCF_000864105.1_noTerminalStopCodon.part_lcl__NC_007358.1_cds_YP_308665.1_2,PB1,polymerase,700,negative,0,2.474,-,0,"F:F:42,?:F:10,F:L:2",1,0.667,F,"F:4172,?:16,L:2"
GCF_000864105.1_noTerminalStopCodon.part_lcl__NC_007358.1_cds_YP_308665.1_2,PB1,polymerase,701,negative,0,0.865,-,0,"P:S:5,P:P:21,?:P:9",1,0.667,P,"P:4172,S:5,?:13"
GCF_000864105.1_noTerminalStopCodon.part_lcl__NC_007358.1_cds_YP_308665.1_2,PB1,polymerase,702,negative,0,1.196,-,0,"S:S:21,?:S:9",1,0.667,S,"S:4178,?:12"
GCF_000864105.1_noTerminalStopCodon.part_lcl__NC_007358.1_cds_YP_308665.1_2,PB1,polymerase,703,negative,0,1.554,-,0,"S:S:26,?:S:9",1,0.667,S,"S:4178,?:12"
GCF_000864105.1_noTerminalStopCodon.part_lcl__NC_007358.1_cds_YP_308665.1_2,PB1,polymerase,704,negative,0.058,1.016,-,0,"S:S:25,?:S:9,L:S:2,S:T:1",1,0.667,S,"S:4174,?:12,L:2,T:2"
GCF_000864105.1_noTerminalStopCodon.part_lcl__NC_007358.1_cds_YP_308665.1_2,PB1,polymerase,705,negative,0,0.96,-,0,"Y:Y:17,?:Y:9,D:Y:1",1,0.667,Y,"Y:4177,?:12,D:1"
GCF_000864105.1_noTerminalStopCodon.part_lcl__NC_007358.1_cds_YP_308665.1_2,PB1,polymerase,706,negative,0.047,0.764,-,0,"R:R:24,?:R:9,K:R:2,M:R:1",1,0.667,R,"R:4173,?:13,K:3,M:1"
GCF_000864105.1_noTerminalStopCodon.part_lcl__NC_007358.1_cds_YP_308665.1_2,PB1,polymerase,707,negative,0,0.899,-,0,"R:R:24,G:R:1,?:R:9",1,0.667,R,"R:4176,G:1,?:13"
GCF_000864105.1_noTerminalStopCodon.part_lcl__NC_007358.1_cds_YP_308665.1_2,PB1,polymerase,708,negative,0,1.108,-,0,"P:P:27,?:P:9,P:T:1",1,0.667,P,"P:4177,?:12,T:1"
GCF_000864105.1_noTerminalStopCodon.part_lcl__NC_007358.1_cds_YP_308665.1_2,PB1,polymerase,709,negative,0.046,0.367,-,0.011,"V:V:9,?:V:9,I:V:4",1,0.667,V,"V:4172,?:13,I:5"
GCF_000864105.1_noTerminalStopCodon.part_lcl__NC_007358.1_cds_YP_308665.1_2,PB1,polymerase,710,negative,0,0.826,-,0,"G:G:20,?:G:13",1,0.667,G,"G:4172,?:18"
GCF_000864105.1_noTerminalStopCodon.part_lcl__NC_007358.1_cds_YP_308665.1_2,PB1,polymerase,711,negative,0.05,0.73,-,0,"I:I:15,?:I:12,I:L:1",1,0.667,I,"I:4172,?:16,L:2"
GCF_000864105.1_noTerminalStopCodon.part_lcl__NC_007358.1_cds_YP_308665.1_2,PB1,polymerase,712,negative,0,0.646,-,0,"S:S:16,?:S:12",1,0.667,S,"S:4175,?:15"
GCF_000864105.1_noTerminalStopCodon.part_lcl__NC_007358.1_cds_YP_308665.1_2,PB1,polymerase,713,negative,0.041,1.422,-,0,"S:S:25,C:S:1,?:S:12,R:S:1",1,0.667,S,"S:4172,C:2,?:15,R:1"
GCF_000864105.1_noTerminalStopCodon.part_lcl__NC_007358.1_cds_YP_308665.1_2,PB1,polymerase,714,neutral,0,0.109,-,1,L:M:1,1,0.667,M,"M:4174,?:15,L:1"
GCF_000864105.1_noTerminalStopCodon.part_lcl__NC_007358.1_cds_YP_308665.1_2,PB1,polymerase,715,negative,0,0.492,-,0,"V:V:15,A:V:3,M:V:1,G:V:1",1,0.667,V,"V:4170,A:3,?:15,M:1,G:1"
GCF_000864105.1_noTerminalStopCodon.part_lcl__NC_007358.1_cds_YP_308665.1_2,PB1,polymerase,716,neutral,0,0.074,-,0.131,"E:G:2,?:E:12,E:E:2",1,0.667,E,"E:4173,G:2,?:15"
GCF_000864105.1_noTerminalStopCodon.part_lcl__NC_007358.1_cds_YP_308665.1_2,PB1,polymerase,717,negative,0,0.319,-,0.001,"A:A:8,?:A:12",1,0.667,A,"A:4175,?:15"
GCF_000864105.1_noTerminalStopCodon.part_lcl__NC_007358.1_cds_YP_308665.1_2,PB1,polymerase,718,neutral,0,0.109,-,1,I:M:1,1,0.667,M,"M:4174,?:15,I:1"
GCF_000864105.1_noTerminalStopCodon.part_lcl__NC_007358.1_cds_YP_308665.1_2,PB1,polymerase,719,negative,0.229,0.973,-,0.001,"V:V:27,A:V:1,I:V:3,?:V:1,M:V:11,I:M:1",1,0.64,V,"V:4151,A:1,I:5,?:16,M:17"
GCF_000864105.1_noTerminalStopCodon.part_lcl__NC_007358.1_cds_YP_308665.1_2,PB1,polymerase,720,negative,0,0.406,-,0.001,"F:S:2,?:S:13,S:S:10",1,0.667,S,"S:4171,F:2,?:17"
GCF_000864105.1_noTerminalStopCodon.part_lcl__NC_007358.1_cds_YP_308665.1_2,PB1,polymerase,721,negative,0,0.459,-,0,"K:R:4,R:R:14,?:R:14,R:S:1",1,0.667,R,"R:4168,K:4,?:17,S:1"
GCF_000864105.1_noTerminalStopCodon.part_lcl__NC_007358.1_cds_YP_308665.1_2,PB1,polymerase,722,negative,0,0.319,-,0.001,"A:G:4,A:A:8,?:A:14",1,0.667,A,"A:4168,G:4,?:18"
GCF_000864105.1_noTerminalStopCodon.part_lcl__NC_007358.1_cds_YP_308665.1_2,PB1,polymerase,723,negative,0.078,0.732,-,0.002,"R:R:22,Q:R:4,?:R:14,L:R:1",1,0.667,R,"R:4161,Q:10,?:18,L:1"
GCF_000864105.1_noTerminalStopCodon.part_lcl__NC_007358.1_cds_YP_308665.1_2,PB1,polymerase,724,negative,0,0.662,-,0,"I:I:14,I:S:1,?:I:14,I:T:1",1,0.667,I,"I:4171,S:1,?:17,T:1"
GCF_000864105.1_noTerminalStopCodon.part_lcl__NC_007358.1_cds_YP_308665.1_2,PB1,polymerase,725,negative,0,1.261,-,0,"D:D:22,?:D:14",1,0.667,D,"D:4172,?:18"
GCF_000864105.1_noTerminalStopCodon.part_lcl__NC_007358.1_cds_YP_308665.1_2,PB1,polymerase,726,negative,0.083,0.895,-,0,"A:A:21,A:V:3,A:T:2,?:A:15,A:P:1",1,0.667,A,"A:4161,V:4,T:5,?:19,P:1"
GCF_000864105.1_noTerminalStopCodon.part_lcl__NC_007358.1_cds_YP_308665.1_2,PB1,polymerase,727,negative,0,1.255,-,0,"R:R:34,?:R:17,P:R:1",1,0.667,R,"R:4167,?:22,P:1"
GCF_000864105.1_noTerminalStopCodon.part_lcl__NC_007358.1_cds_YP_308665.1_2,PB1,polymerase,728,negative,0.05,0.335,-,0.028,"I:I:7,I:V:3,?:I:17",1,0.667,I,"I:4166,V:4,?:20"
GCF_000864105.1_noTerminalStopCodon.part_lcl__NC_007358.1_cds_YP_308665.1_2,PB1,polymerase,729,negative,0,1.56,-,0,"D:D:27,?:D:17,D:E:2,D:N:1",1,0.667,D,"D:4166,?:21,E:2,N:1"
GCF_000864105.1_noTerminalStopCodon.part_lcl__NC_007358.1_cds_YP_308665.1_2,PB1,polymerase,730,negative,0,1.288,-,0,"F:L:3,F:F:23,?:F:17,F:S:2",1,0.667,F,"F:4163,L:3,?:22,S:2"
GCF_000864105.1_noTerminalStopCodon.part_lcl__NC_007358.1_cds_YP_308665.1_2,PB1,polymerase,731,negative,0.095,0.764,-,0,"D:E:2,E:K:1,E:E:16,?:E:17,E:V:1,E:G:1",1,0.667,E,"E:4154,D:12,K:1,?:21,V:1,G:1"
GCF_000864105.1_noTerminalStopCodon.part_lcl__NC_007358.1_cds_YP_308665.1_2,PB1,polymerase,732,negative,0,0.323,-,0.002,"S:S:8,?:S:17,F:S:1",1,0.667,S,"S:4169,?:20,F:1"
GCF_000864105.1_noTerminalStopCodon.part_lcl__NC_007358.1_cds_YP_308665.1_2,PB1,polymerase,733,negative,0.169,0.967,-,0,"G:G:23,E:G:3,?:G:18,G:R:4",1,0.667,G,"G:4140,?:23,E:4,R:23"
GCF_000864105.1_noTerminalStopCodon.part_lcl__NC_007358.1_cds_YP_308665.1_2,PB1,polymerase,734,negative,0.093,0.568,-,0.002,"R:R:18,Q:R:3,?:R:18,R:W:1,K:R:2,G:R:1",1,0.667,R,"R:4160,Q:3,?:21,W:2,K:3,G:1"
GCF_000864105.1_noTerminalStopCodon.part_lcl__NC_007358.1_cds_YP_308665.1_2,PB1,polymerase,735,negative,0.151,1.146,-,0,"I:I:24,I:V:11,I:T:1,?:I:18,I:M:1",1,0.667,I,"I:4151,V:15,T:1,?:22,M:1"
GCF_000864105.1_noTerminalStopCodon.part_lcl__NC_007358.1_cds_YP_308665.1_2,PB1,polymerase,736,neutral,0.166,0.346,-,0.247,"K:K:7,E:K:1,K:N:6,?:K:17,K:R:2,N:N:2,?:N:1,N:S:3",1,0.65,K,"K:3968,E:1,N:193,?:22,R:2,S:4"
GCF_000864105.1_noTerminalStopCodon.part_lcl__NC_007358.1_cds_YP_308665.1_2,PB1,polymerase,737,negative,0,1.155,-,0,"K:K:25,E:K:2,K:N:4,?:K:18,K:R:3",1,0.667,K,"K:4159,E:2,N:4,?:22,R:3"
GCF_000864105.1_noTerminalStopCodon.part_lcl__NC_007358.1_cds_YP_308665.1_2,PB1,polymerase,738,negative,0.236,1.024,-,0.001,"E:E:18,E:G:11,A:E:1,D:E:4,?:E:18,E:K:3,E:V:2,D:D:1,G:G:3",1,0.64,E,"E:3322,G:826,A:1,D:13,?:21,K:5,V:2"
GCF_000864105.1_noTerminalStopCodon.part_lcl__NC_007358.1_cds_YP_308665.1_2,PB1,polymerase,739,negative,0.096,0.496,-,0.01,"E:E:12,E:G:4,D:E:5,?:D:2,?:E:16,E:K:4,D:N:1,D:G:1,D:D:1",1,0.667,E,"E:4010,G:5,D:149,?:21,K:4,N:1"
GCF_000864105.1_noTerminalStopCodon.part_lcl__NC_007358.1_cds_YP_308665.1_2,PB1,polymerase,740,negative,0.049,0.528,-,0.003,"F:F:9,?:F:22,F:L:4",1,0.667,F,"F:4159,?:26,L:5"
GCF_000864105.1_noTerminalStopCodon.part_lcl__NC_007358.1_cds_YP_308665.1_2,PB1,polymerase,741,neutral,0.253,0.446,-,0.255,"A:A:10,A:T:5,A:V:5,A:S:4,?:A:26,A:G:1",1,0.49,A,"A:3462,T:11,V:13,S:667,?:36,G:1"
GCF_000864105.1_noTerminalStopCodon.part_lcl__NC_007358.1_cds_YP_308665.1_2,PB1,polymerase,742,neutral,0.048,0.037,-,0.853,"?:E:28,E:G:1,E:K:1,E:E:1",1,0.603,E,"E:4149,?:38,G:1,K:2"
GCF_000864105.1_noTerminalStopCodon.part_lcl__NC_007358.1_cds_YP_308665.1_2,PB1,polymerase,743,neutral,0.106,0.082,-,0.808,"?:I:29,I:V:4,I:T:7,I:M:1,I:I:2",1,0.578,I,"I:4131,?:39,V:5,T:14,M:1"
GCF_000864105.1_noTerminalStopCodon.part_lcl__NC_007358.1_cds_YP_308665.1_2,PB1,polymerase,744,neutral,0.133,0,-,0.818,"M:T:5,I:M:6,L:M:7,M:V:4,K:M:1",1,0.576,M,"M:4120,T:5,?:40,I:11,L:9,V:4,K:1"
GCF_000864105.1_noTerminalStopCodon.part_lcl__NC_007358.1_cds_YP_308665.1_2,PB1,polymerase,745,neutral,0.223,0.037,-,0.067,"?:K:28,K:R:7,K:M:1,K:K:1,E:K:1,?:R:1,K:T:1",1,0.075,K,"K:4114,?:39,R:33,M:1,E:1,T:2"
GCF_000864105.1_noTerminalStopCodon.part_lcl__NC_007358.1_cds_YP_308665.1_2,PB1,polymerase,746,neutral,0.212,0.041,-,0.098,"?:I:31,I:T:5,I:V:1,I:I:1",1,0.109,I,"I:3906,?:42,T:241,V:1"
GCF_000864105.1_noTerminalStopCodon.part_lcl__NC_007358.1_cds_YP_308665.1_2,PB1,polymerase,747,negative,0,0.458,-,0,"?:C:32,C:S:2,C:C:8,C:R:2",1,0.667,C,"C:4143,?:43,S:2,R:2"
GCF_000864105.1_noTerminalStopCodon.part_lcl__NC_007358.1_cds_YP_308665.1_2,PB1,polymerase,748,negative,0.051,0.325,-,0.03,"?:S:51,F:S:6,S:S:8,S:Y:2,?:F:1,A:S:1",1,0.667,S,"S:4090,?:85,F:12,Y:2,A:1"
GCF_000864105.1_noTerminalStopCodon.part_lcl__NC_007358.1_cds_YP_308665.1_2,PB1,polymerase,749,neutral,0,0,-,1,"?:T:52,A:T:1,I:T:1,P:T:3",1,0.667,T,"T:4103,?:82,A:1,I:1,P:3"
GCF_000864105.1_noTerminalStopCodon.part_lcl__NC_007358.1_cds_YP_308665.1_2,PB1,polymerase,750,neutral,0,0.097,-,0.099,"?:I:54,I:L:1,I:I:2,I:T:1",1,0.667,I,"I:4103,?:85,L:1,T:1"
GCF_000864105.1_noTerminalStopCodon.part_lcl__NC_007358.1_cds_YP_308665.1_2,PB1,polymerase,751,negative,0,0.324,-,0.003,"?:E:54,E:E:6,E:K:1,E:G:1",1,0.667,E,"E:4104,?:84,K:1,G:1"
GCF_000864105.1_noTerminalStopCodon.part_lcl__NC_007358.1_cds_YP_308665.1_2,PB1,polymerase,752,negative,0.097,0.782,-,0,"?:E:56,E:E:19,E:G:2,E:K:4,D:E:1",1,0.667,E,"E:4085,?:88,G:3,K:4,D:10"
GCF_000864105.1_noTerminalStopCodon.part_lcl__NC_007358.1_cds_YP_308665.1_2,PB1,polymerase,753,neutral,0.106,0.082,-,0.795,"?:L:60,I:L:3,F:L:3,L:P:3,L:L:2",1,0.573,L,"L:4086,?:93,I:5,F:3,P:3"
GCF_000864105.1_noTerminalStopCodon.part_lcl__NC_007358.1_cds_YP_308665.1_2,PB1,polymerase,754,neutral,0.046,0.141,-,0.295,"?:R:62,G:R:2,E:R:2,R:R:3,Q:R:1,K:R:1",1,0.648,R,"R:4090,?:92,G:4,E:2,Q:1,K:1"
GCF_000864105.1_noTerminalStopCodon.part_lcl__NC_007358.1_cds_YP_308665.1_2,PB1,polymerase,755,neutral,0,0.055,-,0.189,"?:R:62,P:R:2,Q:R:1,R:R:2",1,0.667,R,"R:4095,?:92,P:2,Q:1"
GCF_000864105.1_noTerminalStopCodon.part_lcl__NC_007358.1_cds_YP_308665.1_2,PB1,polymerase,756,negative,0.186,1.56,-,0,"Q:Q:27,H:Q:1,?:Q:60,Q:R:3,P:Q:5,P:P:3,?:P:10",1,0,Q,"Q:4025,H:1,?:100,R:4,P:60"
GCF_000864105.1_noTerminalStopCodon.part_lcl__NC_007358.1_cds_YP_308665.1_2,PB1,polymerase,757,negative,0.497,1.142,-,0.031,"K:K:20,K:N:6,?:K:69,E:K:3,K:R:8,?:R:3,K:Q:2,K:T:2,R:R:1,G:K:1",1,0.195,K,"K:4023,N:10,?:105,E:5,R:40,Q:2,T:4,G:1"
GCF_000864105.1_noTerminalStopCodon.part_lcl__NC_007358.1_cds_YP_473348.1_3,PB1-F2,PB1-F2 protein,1,neutral,0,0,-,1,"M:T:5,M:P:1,I:M:1",1,1,M,"M:1232,T:5,-:5,P:1,I:1"
GCF_000864105.1_noTerminalStopCodon.part_lcl__NC_007358.1_cds_YP_473348.1_3,PB1-F2,PB1-F2 protein,2,positive,7.817,0.263,"overall,volume",0,"E:G:23,E:W:1,A:E:1,E:V:1,G:V:1",0.019930594,0,E,"E:1078,G:157,-:5,W:1,A:1,V:2"
GCF_000864105.1_noTerminalStopCodon.part_lcl__NC_007358.1_cds_YP_473348.1_3,PB1-F2,PB1-F2 protein,3,positive,9.733,0,-,0,"Q:R:9,N:Q:1,L:R:1,L:Q:2,?:Q:1",1,0,Q,"Q:1215,-:6,R:17,N:1,L:4,?:1"
GCF_000864105.1_noTerminalStopCodon.part_lcl__NC_007358.1_cds_YP_473348.1_3,PB1-F2,PB1-F2 protein,4,positive,4.159,0.258,-,0.001,"E:G:26,G:R:1",1,0.002,E,"G:542,E:694,-:6,R:1,?:1"
GCF_000864105.1_noTerminalStopCodon.part_lcl__NC_007358.1_cds_YP_473348.1_3,PB1-F2,PB1-F2 protein,5,positive,8.463,0,-,0,"L:Q:3,N:Q:1,Q:R:9,P:Q:3",1,0,Q,"Q:1215,L:5,-:6,N:1,R:13,P:3,?:1"
GCF_000864105.1_noTerminalStopCodon.part_lcl__NC_007358.1_cds_YP_473348.1_3,PB1-F2,PB1-F2 protein,6,positive,6.772,0.892,-,0.001,"D:G:27,A:D:3,D:E:1,D:R:1,G:G:1,D:D:1",0.2149482552740563,0.008,D,"D:1039,G:193,-:4,A:3,E:1,R:1,?:3"
GCF_000864105.1_noTerminalStopCodon.part_lcl__NC_007358.1_cds_YP_473348.1_3,PB1-F2,PB1-F2 protein,7,positive,4.351,0.409,-,0.006,"I:T:16,I:M:1,G:I:1,T:T:1",1,0.019,T,"T:862,I:377,M:1,G:1,-:3"
GCF_000864105.1_noTerminalStopCodon.part_lcl__NC_007358.1_cds_YP_473348.1_3,PB1-F2,PB1-F2 protein,8,positive,3.273,0,-,0.001,"P:Q:6,P:S:1,L:P:10",1,0.003,P,"Q:255,P:953,S:1,-:4,L:31"
GCF_000864105.1_noTerminalStopCodon.part_lcl__NC_007358.1_cds_YP_473348.1_3,PB1-F2,PB1-F2 protein,9,neutral,0,55.418,-,0.416,"W:Y:1,L:W:1",1,0.667,W,"W:1227,-:14,Y:1,L:1,?:1"
GCF_000864105.1_noTerminalStopCodon.part_lcl__NC_007358.1_cds_YP_473348.1_3,PB1-F2,PB1-F2 protein,10,positive,1.623,0,-,0.02,"I:T:8,H:T:1",1,0.041,T,"T:1226,I:13,H:1,-:3,?:1"
GCF_000864105.1_noTerminalStopCodon.part_lcl__NC_007358.1_cds_YP_473348.1_3,PB1-F2,PB1-F2 protein,11,positive,19.299,1.117,-,0,"Q:R:15,Q:Q:4,G:Q:1,N:Q:1,P:Q:4,L:Q:3",1,0,Q,"Q:1127,R:84,-:4,?:2,G:1,N:2,P:4,L:20"
GCF_000864105.1_noTerminalStopCodon.part_lcl__NC_007358.1_cds_YP_473348.1_3,PB1-F2,PB1-F2 protein,12,positive,5.457,0.427,-,0.001,"L:S:10,L:L:1,L:R:1",0.4593971998093647,0,S,"S:878,L:350,-:14,R:1,?:1"
GCF_000864105.1_noTerminalStopCodon.part_lcl__NC_007358.1_cds_YP_473348.1_3,PB1-F2,PB1-F2 protein,13,neutral,3.313,1.03,-,0.11,"A:T:4,I:T:9,R:T:1,S:T:1,T:T:3,P:T:2,K:T:1",1,0.201,T,"T:1212,A:5,I:18,R:1,-:3,S:1,P:3,K:1"
GCF_000864105.1_noTerminalStopCodon.part_lcl__NC_007358.1_cds_YP_473348.1_3,PB1-F2,PB1-F2 protein,14,positive,4.062,0.264,-,0.002,"D:E:1,E:L:1,E:Q:1,E:G:30",1,0.006,E,"E:1173,D:1,L:1,-:3,Q:1,G:65"
GCF_000864105.1_noTerminalStopCodon.part_lcl__NC_007358.1_cds_YP_473348.1_3,PB1-F2,PB1-F2 protein,15,neutral,0.617,0,-,0.243,"H:R:6,H:Q:1,H:P:2",1,0.287,H,"H:1228,-:4,R:6,Q:1,P:5"
GCF_000864105.1_noTerminalStopCodon.part_lcl__NC_007358.1_cds_YP_473348.1_3,PB1-F2,PB1-F2 protein,16,neutral,3.322,0.99,-,0.15,"I:T:18,I:I:2",1,0.184,I,"I:878,T:362,-:4"
GCF_000864105.1_noTerminalStopCodon.part_lcl__NC_007358.1_cds_YP_473348.1_3,PB1-F2,PB1-F2 protein,17,positive,3.927,0,-,0.002,"N:S:11,I:N:2,D:N:1",1,0.006,N,"N:1091,S:146,-:4,I:2,D:1"
GCF_000864105.1_noTerminalStopCodon.part_lcl__NC_007358.1_cds_YP_473348.1_3,PB1-F2,PB1-F2 protein,18,positive,7.323,0.375,-,0,"I:T:24,I:V:1,T:T:1",1,0.001,I,"I:724,T:514,-:3,V:2,?:1"
GCF_000864105.1_noTerminalStopCodon.part_lcl__NC_007358.1_cds_YP_473348.1_3,PB1-F2,PB1-F2 protein,19,positive,5.5,0.568,-,0.008,"Q:R:9,Q:Q:2,L:Q:1",1,0.023,Q,"Q:1207,R:31,-:3,?:2,L:1"
GCF_000864105.1_noTerminalStopCodon.part_lcl__NC_007358.1_cds_YP_473348.1_3,PB1-F2,PB1-F2 protein,20,positive,11.267,0.254,-,0,"K:R:26,E:K:1,K:N:1,R:R:1",1,0,K,"R:385,K:854,-:3,E:1,N:1"
GCF_000864105.1_noTerminalStopCodon.part_lcl__NC_007358.1_cds_YP_473348.1_3,PB1-F2,PB1-F2 protein,21,positive,8.765,0,-,0,"K:R:28,E:K:2,G:R:9,R:S:1,M:R:1",1,0,R,"R:770,K:453,E:3,?:2,-:3,G:11,S:1,M:1"
GCF_000864105.1_noTerminalStopCodon.part_lcl__NC_007358.1_cds_YP_473348.1_3,PB1-F2,PB1-F2 protein,22,positive,7.707,2.922,-,0.016,"E:G:27,G:R:1,G:G:10,G:V:4,E:E:1",0.1519048959252994,0.076,G,"E:415,G:813,R:1,-:3,V:12"
GCF_000864105.1_noTerminalStopCodon.part_lcl__NC_007358.1_cds_YP_473348.1_3,PB1-F2,PB1-F2 protein,23,positive,15.214,0,-,0,"N:S:31,D:N:9,H:N:1,N:T:3,G:N:1,G:S:4,C:G:2,C:S:1,I:N:1",1,0,N,"N:853,S:360,?:1,D:14,H:1,-:2,T:3,G:5,C:4,I:1"
GCF_000864105.1_noTerminalStopCodon.part_lcl__NC_007358.1_cds_YP_473348.1_3,PB1-F2,PB1-F2 protein,24,negative,0,2.038,-,0.008,G:G:8,1,0.667,G,"G:1242,-:2"
GCF_000864105.1_noTerminalStopCodon.part_lcl__NC_007358.1_cds_YP_473348.1_3,PB1-F2,PB1-F2 protein,25,neutral,2.766,0.805,-,0.208,"Q:R:7,H:Q:2,P:Q:1,L:Q:1,Q:Q:2,K:Q:1",1,0.294,Q,"Q:1219,R:14,?:1,H:2,-:4,P:2,L:1,K:1"
GCF_000864105.1_noTerminalStopCodon.part_lcl__NC_007358.1_cds_YP_473348.1_3,PB1-F2,PB1-F2 protein,26,positive,6.113,0.244,-,0.001,"K:Q:6,Q:R:10,P:Q:1,E:K:1,E:Q:1,L:Q:2,R:R:1",1,0.004,Q,"Q:1162,-:18,K:29,R:30,P:1,E:2,L:2"
GCF_000864105.1_noTerminalStopCodon.part_lcl__NC_007358.1_cds_YP_473348.1_3,PB1-F2,PB1-F2 protein,27,neutral,1.643,1.379,-,0.84,"T:T:5,I:T:16,A:T:1",1,0.667,T,"T:1223,I:19,-:1,A:1"
GCF_000864105.1_noTerminalStopCodon.part_lcl__NC_007358.1_cds_YP_473348.1_3,PB1-F2,PB1-F2 protein,28,positive,7.186,0,-,0,"Q:R:6,P:Q:2,L:Q:2,L:P:1,E:Q:1",1,0,Q,"Q:1220,R:8,-:1,P:7,L:7,E:1"
GCF_000864105.1_noTerminalStopCodon.part_lcl__NC_007358.1_cds_YP_473348.1_3,PB1-F2,PB1-F2 protein,29,positive,9.222,0,-,0,K:R:31,1,0,K,"K:664,R:578,-:2"
GCF_000864105.1_noTerminalStopCodon.part_lcl__NC_007358.1_cds_YP_473348.1_3,PB1-F2,PB1-F2 protein,30,neutral,5.231,1.745,-,0.052,"L:P:20,L:L:4,P:P:5,P:Q:3,P:S:1,L:Q:1,L:V:1",1,0.13,P,"P:712,L:507,Q:20,S:1,-:2,V:1,?:1"
GCF_000864105.1_noTerminalStopCodon.part_lcl__NC_007358.1_cds_YP_473348.1_3,PB1-F2,PB1-F2 protein,31,positive,5.051,0,-,0,"E:G:19,E:K:3,E:Q:2,E:V:1",1,0,E,"E:1013,G:222,-:2,K:3,Q:2,V:1,?:1"
GCF_000864105.1_noTerminalStopCodon.part_lcl__NC_007358.1_cds_YP_473348.1_3,PB1-F2,PB1-F2 protein,32,neutral,2.47,1.897,-,0.73,"H:H:3,H:L:2,H:R:5,L:R:1",1,0.647,H,"H:1218,L:4,R:20,-:1,?:1"
GCF_000864105.1_noTerminalStopCodon.part_lcl__NC_007358.1_cds_YP_473348.1_3,PB1-F2,PB1-F2 protein,33,positive,6.802,0,-,0,"I:L:1,L:P:18,F:L:4,H:L:1,H:K:1,H:P:2,P:S:6,L:R:1",1,0,L,"L:624,I:1,P:598,F:5,?:2,H:5,K:1,-:1,S:6,R:1"
GCF_000864105.1_noTerminalStopCodon.part_lcl__NC_007358.1_cds_YP_473348.1_3,PB1-F2,PB1-F2 protein,34,positive,2.614,0,-,0.041,"K:N:1,N:S:10,N:R:1,H:N:2",1,0.076,N,"K:1,N:1219,S:18,-:2,R:1,H:2,?:1"
GCF_000864105.1_noTerminalStopCodon.part_lcl__NC_007358.1_cds_YP_473348.1_3,PB1-F2,PB1-F2 protein,35,positive,4.486,0.471,-,0.003,"L:S:10,S:T:1,S:S:1",1,0.01,S,"S:1157,L:81,?:1,T:1,-:4"
GCF_000864105.1_noTerminalStopCodon.part_lcl__NC_007358.1_cds_YP_473348.1_3,PB1-F2,PB1-F2 protein,36,positive,12.07,0,-,0,"I:T:33,A:I:1",0.1096813899380464,0,T,"T:629,I:612,A:1,?:1,-:1"
GCF_000864105.1_noTerminalStopCodon.part_lcl__NC_007358.1_cds_YP_473348.1_3,PB1-F2,PB1-F2 protein,37,positive,12.655,1.046,-,0,"Q:R:25,P:Q:2,Q:S:1,Q:Q:2,L:R:3,R:R:2",1,0,Q,"Q:908,R:317,P:2,S:1,-:1,L:15"
GCF_000864105.1_noTerminalStopCodon.part_lcl__NC_007358.1_cds_YP_473348.1_3,PB1-F2,PB1-F2 protein,38,neutral,2.445,0.623,-,0.153,"L:S:16,L:L:4",1,0.236,L,"L:1165,-:8,S:71"
GCF_000864105.1_noTerminalStopCodon.part_lcl__NC_007358.1_cds_YP_473348.1_3,PB1-F2,PB1-F2 protein,39,neutral,1.958,0,-,0.373,"M:T:16,M:R:1,I:M:1,L:M:2",1,0.389,M,"M:1131,T:106,-:3,R:1,I:1,L:2"
GCF_000864105.1_noTerminalStopCodon.part_lcl__NC_007358.1_cds_YP_473348.1_3,PB1-F2,PB1-F2 protein,40,positive,5.784,0,-,0,"D:G:24,D:E:1,A:D:1",1,0.002,D,"G:147,D:1092,-:3,E:1,A:1"
GCF_000864105.1_noTerminalStopCodon.part_lcl__NC_007358.1_cds_YP_473348.1_3,PB1-F2,PB1-F2 protein,41,negative,3.054,14.507,-,0,"H:Q:2,H:R:11,H:H:24,H:L:1,H:Y:1",1,0.667,H,"H:1153,Q:4,R:17,?:2,-:3,L:64,Y:1"
GCF_000864105.1_noTerminalStopCodon.part_lcl__NC_007358.1_cds_YP_473348.1_3,PB1-F2,PB1-F2 protein,42,positive,5.882,1.237,-,0.021,"C:Y:21,C:S:1,A:C:1,C:C:1",1,0.067,Y,"Y:671,C:566,-:3,S:1,A:1,?:2"
GCF_000864105.1_noTerminalStopCodon.part_lcl__NC_007358.1_cds_YP_473348.1_3,PB1-F2,PB1-F2 protein,43,positive,11.45,0.975,-,0,"L:L:5,L:P:11,L:Q:8,L:R:4,L:N:1,Q:R:4,P:Q:2,Q:Q:1",1,0,L,"L:1048,P:32,Q:137,R:23,-:2,N:1,?:1"
GCF_000864105.1_noTerminalStopCodon.part_lcl__NC_007358.1_cds_YP_473348.1_3,PB1-F2,PB1-F2 protein,44,neutral,5.788,3.57,-,0.28,"K:R:16,G:R:5,R:R:11,M:R:7,I:M:1,M:V:1,I:R:1",1,0.298,R,"R:1043,K:37,G:8,-:3,M:147,I:4,V:1,?:1"
GCF_000864105.1_noTerminalStopCodon.part_lcl__NC_007358.1_cds_YP_473348.1_3,PB1-F2,PB1-F2 protein,45,positive,6.76,1.732,-,0.014,"I:T:26,I:M:4,T:T:2,K:T:2,I:V:1,I:I:1,A:T:1",0.4458296900297143,0.053,T,"T:893,I:341,M:4,-:2,K:2,V:1,A:1"
GCF_000864105.1_noTerminalStopCodon.part_lcl__NC_007358.1_cds_YP_473348.1_3,PB1-F2,PB1-F2 protein,46,positive,8.315,0,"overall,bipolar",0,"M:T:21,I:M:1,M:S:2,A:T:1",0.016655649,0.001,M,"T:517,M:719,-:2,I:1,S:2,A:3"
GCF_000864105.1_noTerminalStopCodon.part_lcl__NC_007358.1_cds_YP_473348.1_3,PB1-F2,PB1-F2 protein,47,positive,7.868,0,-,0,"N:S:20,S:S:1,I:S:3,G:S:1,S:T:1",1,0.001,S,"N:509,S:721,-:2,I:5,G:1,T:5,?:1"
GCF_000864105.1_noTerminalStopCodon.part_lcl__NC_007358.1_cds_YP_473348.1_3,PB1-F2,PB1-F2 protein,48,positive,12.448,0.499,-,0,"Q:R:19,L:R:4,H:Q:2,L:Q:2,P:R:1,P:Q:4,P:P:1",1,0,Q,"Q:702,R:223,L:8,H:2,-:2,P:307"
GCF_000864105.1_noTerminalStopCodon.part_lcl__NC_007358.1_cds_YP_473348.1_3,PB1-F2,PB1-F2 protein,49,positive,2.366,0,-,0.003,"A:V:15,L:V:2,M:V:1",1,0.008,V,"A:433,V:802,L:5,-:3,M:1"
GCF_000864105.1_noTerminalStopCodon.part_lcl__NC_007358.1_cds_YP_473348.1_3,PB1-F2,PB1-F2 protein,50,positive,4.713,0,-,0,"D:G:21,G:V:4,A:D:3",1,0.001,D,"D:732,G:454,-:3,V:47,A:8"
GCF_000864105.1_noTerminalStopCodon.part_lcl__NC_007358.1_cds_YP_473348.1_3,PB1-F2,PB1-F2 protein,51,neutral,0.934,0,-,0.759,"I:M:3,M:T:9",1,0.59,M,"M:1227,I:3,T:11,-:3"
GCF_000864105.1_noTerminalStopCodon.part_lcl__NC_007358.1_cds_YP_473348.1_3,PB1-F2,PB1-F2 protein,52,positive,4.359,0,-,0.003,"H:R:10,H:P:3,H:Q:1,L:R:1",1,0.01,H,"H:1150,-:3,R:84,P:5,Q:1,L:1"
GCF_000864105.1_noTerminalStopCodon.part_lcl__NC_007358.1_cds_YP_473348.1_3,PB1-F2,PB1-F2 protein,53,positive,4.018,0.287,-,0.006,"K:K:1,K:R:15,E:K:2",1,0.018,K,"K:1211,-:4,R:27,E:2"
GCF_000864105.1_noTerminalStopCodon.part_lcl__NC_007358.1_cds_YP_473348.1_3,PB1-F2,PB1-F2 protein,54,positive,10.802,0.283,-,0,"Q:R:22,L:R:4,L:Q:2",1,0,Q,"Q:701,R:531,-:4,L:8"
GCF_000864105.1_noTerminalStopCodon.part_lcl__NC_007358.1_cds_YP_473348.1_3,PB1-F2,PB1-F2 protein,55,positive,5.862,0,-,0,"I:T:12,N:T:2,A:T:1,I:V:2",1,0,I,"I:803,T:431,N:2,-:4,A:1,V:2,?:1"
GCF_000864105.1_noTerminalStopCodon.part_lcl__NC_007358.1_cds_YP_473348.1_3,PB1-F2,PB1-F2 protein,56,positive,4.624,0,-,0,"A:V:12,A:M:1",1,0,V,"A:565,V:673,-:4,M:1,?:1"
GCF_000864105.1_noTerminalStopCodon.part_lcl__NC_007358.1_cds_YP_473348.1_3,PB1-F2,PB1-F2 protein,57,neutral,3.905,4.372,-,0.836,"C:S:1,F:S:3,S:W:1,P:S:1,C:Y:13,Y:Y:1,C:C:6,C:F:1",1,0.189,C,"C:419,S:411,F:4,-:13,W:2,P:1,Y:393,?:1"
GCF_000864105.1_noTerminalStopCodon.part_lcl__NC_007358.1_cds_YP_473348.1_3,PB1-F2,PB1-F2 protein,58,neutral,2.162,0.567,-,0.257,"L:W:2,L:L:1,L:S:1",1,0.334,W,"W:738,L:409,-:95,S:1,?:1"
GCF_000864105.1_noTerminalStopCodon.part_lcl__NC_007358.1_cds_YP_473348.1_3,PB1-F2,PB1-F2 protein,59,neutral,2.801,0.291,-,0.069,"K:R:17,K:N:3,K:Q:1,K:K:1",1,0.121,K,"K:1216,-:4,R:19,N:4,Q:1"
GCF_000864105.1_noTerminalStopCodon.part_lcl__NC_007358.1_cds_YP_473348.1_3,PB1-F2,PB1-F2 protein,60,positive,2.77,0,-,0.007,"Q:R:8,L:Q:2,Q:T:1,P:Q:1",1,0.017,Q,"Q:1226,R:10,-:4,L:2,T:1,P:1"
GCF_000864105.1_noTerminalStopCodon.part_lcl__NC_007358.1_cds_YP_473348.1_3,PB1-F2,PB1-F2 protein,61,neutral,0,0.243,-,1,C:W:1,1,0.667,W,"W:1236,?:2,-:5,C:1"
GCF_000864105.1_noTerminalStopCodon.part_lcl__NC_007358.1_cds_YP_473348.1_3,PB1-F2,PB1-F2 protein,62,neutral,4.562,3.159,-,0.481,"L:P:15,H:L:2,I:L:1,L:R:2,F:L:3,L:L:8",1,0.58,L,"L:1204,P:26,-:4,H:2,I:2,R:2,F:4"
GCF_000864105.1_noTerminalStopCodon.part_lcl__NC_007358.1_cds_YP_473348.1_3,PB1-F2,PB1-F2 protein,63,positive,5.94,0,-,0,"F:S:13,P:S:6,K:S:1,S:Y:1,S:T:1",1,0,S,"S:1204,F:24,-:5,P:7,K:2,Y:1,T:1"
GCF_000864105.1_noTerminalStopCodon.part_lcl__NC_007358.1_cds_YP_473348.1_3,PB1-F2,PB1-F2 protein,64,positive,7.527,0.16,-,0,"L:S:11,L:W:2,L:R:1,G:R:1,L:L:1",1,0,L,"L:1172,S:20,-:10,W:40,R:1,G:1"
GCF_000864105.1_noTerminalStopCodon.part_lcl__NC_007358.1_cds_YP_473348.1_3,PB1-F2,PB1-F2 protein,65,neutral,3.677,2.008,-,0.358,"K:R:11,K:K:7,K:M:1,M:R:1",1,0.466,K,"R:194,K:1040,-:6,?:1,M:3"
GCF_000864105.1_noTerminalStopCodon.part_lcl__NC_007358.1_cds_YP_473348.1_3,PB1-F2,PB1-F2 protein,66,positive,9.516,0,-,0,"N:S:22,R:S:2,N:Q:1,D:N:1,K:N:1,I:N:1,N:T:1,N:Y:1,I:S:1",1,0,S,"S:623,R:2,-:7,N:602,Q:1,D:1,K:1,I:5,T:1,Y:1"
GCF_000864105.1_noTerminalStopCodon.part_lcl__NC_007358.1_cds_YP_473348.1_3,PB1-F2,PB1-F2 protein,67,neutral,1.43,0,-,0.099,"E:P:1,P:S:2,L:P:7,A:P:1,H:P:2",1,0.15,P,"P:1210,-:7,E:1,S:2,L:21,A:1,H:2"
GCF_000864105.1_noTerminalStopCodon.part_lcl__NC_007358.1_cds_YP_473348.1_3,PB1-F2,PB1-F2 protein,68,positive,9.489,1.14,-,0.001,"I:T:16,T:T:2,I:S:1",1,0.005,T,"T:954,I:280,-:8,S:1,?:1"
GCF_000864105.1_noTerminalStopCodon.part_lcl__NC_007358.1_cds_YP_473348.1_3,PB1-F2,PB1-F2 protein,69,neutral,0,0,-,1,"Q:R:9,D:Q:1,P:Q:2",1,0.667,Q,"Q:1225,R:9,?:1,-:6,D:1,P:2"
GCF_000864105.1_noTerminalStopCodon.part_lcl__NC_007358.1_cds_YP_473348.1_3,PB1-F2,PB1-F2 protein,70,positive,5.618,0.512,-,0,"E:G:26,D:E:1,E:R:1,G:V:2,E:V:2,G:G:2",1,0.002,G,"G:671,E:558,D:1,-:8,R:1,V:5"
GCF_000864105.1_noTerminalStopCodon.part_lcl__NC_007358.1_cds_YP_473348.1_3,PB1-F2,PB1-F2 protein,71,neutral,1.973,1.015,-,0.422,"F:S:14,F:F:1,S:S:1,S:Y:5,C:S:1",1,0.488,S,"S:1212,F:15,-:9,Y:6,C:1,?:1"
GCF_000864105.1_noTerminalStopCodon.part_lcl__NC_007358.1_cds_YP_473348.1_3,PB1-F2,PB1-F2 protein,72,neutral,1.491,0.161,-,0.148,"L:Y:1,L:S:5,L:M:1,F:L:1,L:L:1",1,0.205,L,"L:1226,-:9,Y:1,S:5,?:1,M:1,F:1"
GCF_000864105.1_noTerminalStopCodon.part_lcl__NC_007358.1_cds_YP_473348.1_3,PB1-F2,PB1-F2 protein,73,positive,7.936,1.926,-,0.009,"K:K:5,E:K:5,K:T:3,K:R:12,E:G:4,K:N:1,E:E:2",1,0.016,K,"K:1041,E:161,T:3,R:22,-:10,G:5,N:1,?:1"
GCF_000864105.1_noTerminalStopCodon.part_lcl__NC_007358.1_cds_YP_473348.1_3,PB1-F2,PB1-F2 protein,74,neutral,2.567,0.687,-,0.146,"I:T:11,T:T:2,A:T:8,I:L:1,L:P:1,I:V:1,P:T:2,L:T:1,N:T:1",1,0.235,T,"T:1023,I:177,A:8,-:10,L:21,P:3,V:1,N:1"
GCF_000864105.1_noTerminalStopCodon.part_lcl__NC_007358.1_cds_YP_473348.1_3,PB1-F2,PB1-F2 protein,75,positive,5.461,0.342,-,0,"H:L:3,H:R:18,L:R:6,C:R:1,C:C:1,L:P:4",1,0.002,R,"L:450,R:713,H:62,-:10,C:1,P:8"
GCF_000864105.1_noTerminalStopCodon.part_lcl__NC_007358.1_cds_YP_473348.1_3,PB1-F2,PB1-F2 protein,76,negative,1.947,7.518,-,0.016,"V:V:14,K:V:1,A:V:13",1,0.667,V,"V:1209,?:1,-:10,K:1,A:23"
GCF_000864105.1_noTerminalStopCodon.part_lcl__NC_007358.1_cds_YP_473348.1_3,PB1-F2,PB1-F2 protein,77,positive,3.798,0.133,-,0.003,"L:L:1,L:S:6",1,0.008,L,"L:1212,-:13,S:19"
GCF_000864105.1_noTerminalStopCodon.part_lcl__NC_007358.1_cds_YP_473348.1_3,PB1-F2,PB1-F2 protein,78,neutral,3.14,1.965,-,0.517,"K:R:13,K:K:7,K:T:1,K:V:1,K:N:2,K:M:1",1,0.556,K,"K:1212,R:17,T:1,-:10,V:1,N:2,M:1"
GCF_000864105.1_noTerminalStopCodon.part_lcl__NC_007358.1_cds_YP_473348.1_3,PB1-F2,PB1-F2 protein,79,positive,9.857,1.179,-,0,"Q:R:25,R:R:4,G:R:1,I:R:1,L:Q:1,P:R:1",1,0,R,"R:1100,Q:125,-:12,G:1,I:1,L:4,P:1"
GCF_000864105.1_noTerminalStopCodon.part_lcl__NC_007358.1_cds_YP_473348.1_3,PB1-F2,PB1-F2 protein,80,neutral,0,70.609,-,0.076,"I:W:1,V:W:1,L:W:3",1,0.667,W,"W:1225,-:14,I:1,V:1,L:3"
GCF_000864105.1_noTerminalStopCodon.part_lcl__NC_007358.1_cds_YP_473348.1_3,PB1-F2,PB1-F2 protein,81,neutral,6.048,7.202,-,0.702,"K:R:23,K:K:21,R:R:2,E:K:1,K:N:3",1,0.667,K,"K:1183,R:46,E:1,-:10,N:3,?:1"
GCF_000864105.1_noTerminalStopCodon.part_lcl__NC_007358.1_cds_YP_473348.1_3,PB1-F2,PB1-F2 protein,82,neutral,6.562,3.898,-,0.289,"L:S:17,L:L:13,L:M:1,A:L:1,F:L:1,S:S:6,?:S:1,P:S:3,S:W:1",1,0.447,L,"S:403,L:816,-:12,M:1,?:5,A:1,F:2,P:3,W:1"
GCF_000864105.1_noTerminalStopCodon.part_lcl__NC_007358.1_cds_YP_473348.1_3,PB1-F2,PB1-F2 protein,83,positive,5.139,0.6,-,0.011,"F:S:25,F:L:2,F:P:1,F:Y:1,C:F:1,F:I:1",1,0.035,F,"F:1099,S:129,L:2,-:10,P:1,Y:1,C:1,I:1"
GCF_000864105.1_noTerminalStopCodon.part_lcl__NC_007358.1_cds_YP_473348.1_3,PB1-F2,PB1-F2 protein,84,positive,4.277,0.632,-,0.035,"N:S:18,N:T:1,K:N:1,N:N:1,I:S:2",1,0.086,N,"S:504,N:726,T:1,-:10,K:1,I:2"
GCF_000864105.1_noTerminalStopCodon.part_lcl__NC_007358.1_cds_YP_473348.1_3,PB1-F2,PB1-F2 protein,85,neutral,1.972,0.257,-,0.093,"K:R:10,K:K:1,H:K:1,E:K:3",1,0.154,K,"K:1218,R:12,-:10,H:1,E:3"
GCF_000864105.1_noTerminalStopCodon.part_lcl__NC_007358.1_cds_YP_473348.1_3,PB1-F2,PB1-F2 protein,86,positive,4.422,0.517,-,0.023,"H:Q:2,K:Q:2,Q:R:6,E:Q:1,P:Q:3,A:Q:1",1,0.054,Q,"Q:1213,H:2,-:10,K:2,R:7,E:1,P:8,A:1"
GCF_000864105.1_noTerminalStopCodon.part_lcl__NC_007358.1_cds_YP_473348.1_3,PB1-F2,PB1-F2 protein,87,neutral,2.208,1.132,-,0.394,"E:E:2,E:G:14,E:S:1,D:E:1",1,0.473,E,"E:1215,G:17,-:10,S:1,D:1"
GCF_000864105.1_noTerminalStopCodon.part_lcl__NC_007358.1_cds_YP_473348.1_3,PB1-F2,PB1-F2 protein,88,neutral,1.159,3.169,-,0.619,"L:W:2,W:Y:1,I:W:1,R:W:1,S:W:1",1,0.654,W,"W:1159,L:51,-:29,?:1,Y:1,I:1,R:1,S:1"
GCF_000864105.1_noTerminalStopCodon.part_lcl__NC_007358.1_cds_YP_473348.1_3,PB1-F2,PB1-F2 protein,89,positive,5.997,0,-,0,"I:T:20,A:T:1,Q:T:1",1,0,T,"T:1025,-:29,I:187,A:1,Q:1,?:1"
GCF_000864105.1_noTerminalStopCodon.part_lcl__NC_007358.1_cds_YP_473348.1_3,PB1-F2,PB1-F2 protein,90,neutral,9.1,9.184,-,0.981,"N:N:12,N:S:20,I:S:1,S:S:2,C:S:1,G:S:1,A:S:1,R:S:1,D:N:1,N:T:1",1,0.667,N,"N:850,S:356,-:29,I:1,C:1,G:1,A:1,R:1,D:1,T:1,?:2"
GCF_000864105.1_noTerminalStopCodon.part_lcl__NC_007359.1_cds_YP_006495800.1_5,PA-X,PA-X protein,1,neutral,0,0,-,1,K:M:1,1,1,M,"M:2393,-:175,K:1"
GCF_000864105.1_noTerminalStopCodon.part_lcl__NC_007359.1_cds_YP_006495800.1_5,PA-X,PA-X protein,2,negative,0.075,1.509,-,0,"E:E:17,D:E:1,E:R:1,E:G:1",1,0.667,E,"E:2402,-:161,D:2,R:1,G:1,?:2"
GCF_000864105.1_noTerminalStopCodon.part_lcl__NC_007359.1_cds_YP_006495800.1_5,PA-X,PA-X protein,3,negative,0.131,1.819,-,0,"D:E:4,D:Y:1,D:D:21,D:N:5,D:G:4",1,0.667,D,"D:2387,-:158,E:12,Y:1,?:1,N:5,G:5"
GCF_000864105.1_noTerminalStopCodon.part_lcl__NC_007359.1_cds_YP_006495800.1_5,PA-X,PA-X protein,4,neutral,0.072,0.342,-,0.099,"F:L:4,F:F:5,F:S:1,C:F:1",1,0.667,F,"F:2410,-:149,L:8,S:1,C:1"
GCF_000864105.1_noTerminalStopCodon.part_lcl__NC_007359.1_cds_YP_006495800.1_5,PA-X,PA-X protein,5,neutral,0.207,0.409,-,0.285,"L:V:1,M:V:6,V:V:9,A:V:1",1,0.575,V,"V:2406,-:147,L:3,M:7,A:5,?:1"
GCF_000864105.1_noTerminalStopCodon.part_lcl__NC_007359.1_cds_YP_006495800.1_5,PA-X,PA-X protein,6,negative,0,0.788,-,0,R:R:17,1,0.667,R,"R:2427,-:141,?:1"
GCF_000864105.1_noTerminalStopCodon.part_lcl__NC_007359.1_cds_YP_006495800.1_5,PA-X,PA-X protein,7,negative,0,1.314,-,0,"Q:Q:16,K:Q:1,Q:R:1,Q:T:1,P:Q:2",1,0.667,Q,"Q:2428,-:136,K:1,R:1,T:1,P:2"
GCF_000864105.1_noTerminalStopCodon.part_lcl__NC_007359.1_cds_YP_006495800.1_5,PA-X,PA-X protein,8,negative,0,0.685,-,0,"C:Y:3,C:C:8",1,0.667,C,"C:2432,-:134,Y:3"
GCF_000864105.1_noTerminalStopCodon.part_lcl__NC_007359.1_cds_YP_006495800.1_5,PA-X,PA-X protein,9,negative,0,0.946,-,0,"F:F:11,F:Y:1",1,0.667,F,"F:2436,-:129,?:3,Y:1"
GCF_000864105.1_noTerminalStopCodon.part_lcl__NC_007359.1_cds_YP_006495800.1_5,PA-X,PA-X protein,10,negative,0.215,1.542,-,0,"N:N:20,N:T:1,H:N:9,I:N:1,D:N:1,N:S:3",1,0.165,N,"N:2433,-:113,T:1,H:12,I:1,D:1,?:3,S:5"
GCF_000864105.1_noTerminalStopCodon.part_lcl__NC_007359.1_cds_YP_006495800.1_5,PA-X,PA-X protein,11,negative,0,1.007,-,0,"P:P:16,P:S:1,L:P:1",1,0.667,P,"P:2455,-:111,?:1,S:1,L:1"
GCF_000864105.1_noTerminalStopCodon.part_lcl__NC_007359.1_cds_YP_006495800.1_5,PA-X,PA-X protein,12,neutral,0.045,0.007,-,0.972,"I:M:5,L:M:1,K:M:1",1,0.667,M,"M:2519,-:42,I:6,L:1,K:1"
GCF_000864105.1_noTerminalStopCodon.part_lcl__NC_007359.1_cds_YP_006495800.1_5,PA-X,PA-X protein,13,negative,0.347,1.589,-,0,"I:I:28,I:V:17,I:T:2",1,0.667,I,"I:2482,-:38,?:4,V:42,T:3"
GCF_000864105.1_noTerminalStopCodon.part_lcl__NC_007359.1_cds_YP_006495800.1_5,PA-X,PA-X protein,14,negative,0.136,0.59,-,0.027,"V:V:11,A:V:5,I:V:3",1,0.656,V,"V:2523,-:36,A:6,I:4"
GCF_000864105.1_noTerminalStopCodon.part_lcl__NC_007359.1_cds_YP_006495800.1_5,PA-X,PA-X protein,15,negative,0,0.549,-,0.001,"E:E:11,D:E:3",1,0.667,E,"E:2532,?:1,-:33,D:3"
GCF_000864105.1_noTerminalStopCodon.part_lcl__NC_007359.1_cds_YP_006495800.1_5,PA-X,PA-X protein,16,negative,0,0.195,-,0.032,"L:L:4,I:L:1",1,0.667,L,"L:2536,-:32,I:1"
GCF_000864105.1_noTerminalStopCodon.part_lcl__NC_007359.1_cds_YP_006495800.1_5,PA-X,PA-X protein,17,negative,0,0.665,-,0,"A:S:1,A:A:15,A:V:1",1,0.667,A,"A:2535,S:1,-:32,V:1"
GCF_000864105.1_noTerminalStopCodon.part_lcl__NC_007359.1_cds_YP_006495800.1_5,PA-X,PA-X protein,18,neutral,0.222,0.605,-,0.119,"E:K:2,E:E:8,E:G:9",1,0.147,E,"E:2525,-:28,K:2,G:14"
GCF_000864105.1_noTerminalStopCodon.part_lcl__NC_007359.1_cds_YP_006495800.1_5,PA-X,PA-X protein,19,negative,0.236,1.476,-,0,"K:K:25,K:R:8,K:Q:3",1,0.667,K,"K:2525,-:28,R:9,Q:6,?:1"
GCF_000864105.1_noTerminalStopCodon.part_lcl__NC_007359.1_cds_YP_006495800.1_5,PA-X,PA-X protein,20,neutral,0.358,0.227,-,0.47,"A:V:3,A:T:23,A:A:4,A:E:1",1,0.364,A,"A:2312,V:3,-:26,?:1,T:226,E:1"
GCF_000864105.1_noTerminalStopCodon.part_lcl__NC_007359.1_cds_YP_006495800.1_5,PA-X,PA-X protein,21,neutral,0,0,-,1,"I:M:2,M:T:1,L:M:1",1,0.667,M,"M:2541,?:3,-:21,I:2,T:1,L:1"
GCF_000864105.1_noTerminalStopCodon.part_lcl__NC_007359.1_cds_YP_006495800.1_5,PA-X,PA-X protein,22,negative,0.228,1.53,-,0,"K:R:13,K:K:20",1,0.667,K,"K:2533,R:16,-:19,?:1"
GCF_000864105.1_noTerminalStopCodon.part_lcl__NC_007359.1_cds_YP_006495800.1_5,PA-X,PA-X protein,23,negative,0,1.925,-,0,"E:E:24,E:G:2,E:V:1",1,0.667,E,"E:2546,-:18,?:2,G:2,V:1"
GCF_000864105.1_noTerminalStopCodon.part_lcl__NC_007359.1_cds_YP_006495800.1_5,PA-X,PA-X protein,24,neutral,0.094,0.463,-,0.075,"Y:Y:7,H:Y:10",1,0.667,Y,"Y:2538,H:11,-:18,?:2"
GCF_000864105.1_noTerminalStopCodon.part_lcl__NC_007359.1_cds_YP_006495800.1_5,PA-X,PA-X protein,25,negative,0,0.718,-,0,G:G:16,1,0.667,G,"G:2550,-:17,?:2"
GCF_000864105.1_noTerminalStopCodon.part_lcl__NC_007359.1_cds_YP_006495800.1_5,PA-X,PA-X protein,26,negative,0,1.213,-,0,"E:E:16,E:G:1",1,0.667,E,"E:2550,-:17,G:1,?:1"
GCF_000864105.1_noTerminalStopCodon.part_lcl__NC_007359.1_cds_YP_006495800.1_5,PA-X,PA-X protein,27,negative,0.332,1.941,-,0,"D:D:24,D:N:9,D:Y:2,N:T:1,N:S:4,S:S:3,N:N:1,D:G:3",1,0.319,D,"D:2271,-:17,N:103,Y:2,T:6,S:165,?:2,G:3"
GCF_000864105.1_noTerminalStopCodon.part_lcl__NC_007359.1_cds_YP_006495800.1_5,PA-X,PA-X protein,28,negative,0.28,1.414,-,0,"P:P:31,L:P:6,P:S:3,P:Q:3,P:T:3",1,0.667,P,"P:2512,L:22,-:17,S:6,Q:4,?:3,T:5"
GCF_000864105.1_noTerminalStopCodon.part_lcl__NC_007359.1_cds_YP_006495800.1_5,PA-X,PA-X protein,29,negative,0.151,0.671,-,0.033,"K:K:8,K:R:7,G:K:1,I:K:1,E:K:1",1,0.651,K,"K:2536,-:17,R:12,G:1,I:1,?:1,E:1"
GCF_000864105.1_noTerminalStopCodon.part_lcl__NC_007359.1_cds_YP_006495800.1_5,PA-X,PA-X protein,30,negative,0.068,1.96,-,0,"I:I:34,I:L:2,I:V:8,I:S:1,I:T:3",1,0.667,I,"I:2536,-:17,L:2,V:9,S:1,T:3,?:1"
GCF_000864105.1_noTerminalStopCodon.part_lcl__NC_007359.1_cds_YP_006495800.1_5,PA-X,PA-X protein,31,negative,0.075,0.958,-,0,"E:E:15,E:K:5,E:G:2,E:Q:1",1,0.667,E,"E:2539,K:7,-:17,?:3,G:2,Q:1"
GCF_000864105.1_noTerminalStopCodon.part_lcl__NC_007359.1_cds_YP_006495800.1_5,PA-X,PA-X protein,32,negative,0.124,1.77,-,0,"T:T:34,I:T:3,N:T:1,S:T:1,A:T:2",1,0.667,T,"T:2540,I:3,-:17,N:3,S:1,?:2,A:3"
GCF_000864105.1_noTerminalStopCodon.part_lcl__NC_007359.1_cds_YP_006495800.1_5,PA-X,PA-X protein,33,negative,0,1.518,-,0,"N:N:18,D:N:1,N:S:1",1,0.667,N,"N:2549,-:17,D:1,S:1,?:1"
GCF_000864105.1_noTerminalStopCodon.part_lcl__NC_007359.1_cds_YP_006495800.1_5,PA-X,PA-X protein,34,negative,0.076,1.361,-,0,"K:K:18,K:R:1",1,0.667,K,"K:2540,-:17,?:2,R:10"
GCF_000864105.1_noTerminalStopCodon.part_lcl__NC_007359.1_cds_YP_006495800.1_5,PA-X,PA-X protein,35,negative,0.07,1.46,-,0,"F:F:21,F:L:5,F:Y:1",1,0.667,F,"F:2544,L:6,-:17,?:1,Y:1"
GCF_000864105.1_noTerminalStopCodon.part_lcl__NC_007359.1_cds_YP_006495800.1_5,PA-X,PA-X protein,36,negative,0,2.381,-,0,"A:A:43,A:T:2,A:V:1,A:S:1",1,0.667,A,"A:2544,T:2,-:17,?:4,V:1,S:1"
GCF_000864105.1_noTerminalStopCodon.part_lcl__NC_007359.1_cds_YP_006495800.1_5,PA-X,PA-X protein,37,negative,0.059,0.631,-,0.002,"A:S:2,A:A:11,A:T:1",1,0.667,A,"A:2547,-:16,S:4,?:1,T:1"
GCF_000864105.1_noTerminalStopCodon.part_lcl__NC_007359.1_cds_YP_006495800.1_5,PA-X,PA-X protein,38,neutral,0,0,-,1,"I:L:1,I:V:7,I:M:3,I:T:3",1,0.667,I,"I:2539,-:16,L:1,V:7,M:3,T:3"
GCF_000864105.1_noTerminalStopCodon.part_lcl__NC_007359.1_cds_YP_006495800.1_5,PA-X,PA-X protein,39,negative,0,0.743,-,0,"C:C:9,C:R:1",1,0.667,C,"C:2551,-:15,?:2,R:1"
GCF_000864105.1_noTerminalStopCodon.part_lcl__NC_007359.1_cds_YP_006495800.1_5,PA-X,PA-X protein,40,negative,0,1.12,-,0,"T:T:19,M:T:1",1,0.667,T,"T:2553,-:12,?:3,M:1"
GCF_000864105.1_noTerminalStopCodon.part_lcl__NC_007359.1_cds_YP_006495800.1_5,PA-X,PA-X protein,41,negative,0,1.616,-,0,H:H:19,1,0.667,H,"H:2561,-:7,?:1"
GCF_000864105.1_noTerminalStopCodon.part_lcl__NC_007359.1_cds_YP_006495800.1_5,PA-X,PA-X protein,42,negative,0,1.802,-,0,L:L:41,1,0.667,L,"L:2561,-:7,?:1"
GCF_000864105.1_noTerminalStopCodon.part_lcl__NC_007359.1_cds_YP_006495800.1_5,PA-X,PA-X protein,43,negative,0,1.224,-,0,E:E:16,1,0.667,E,"E:2560,-:7,?:2"
GCF_000864105.1_noTerminalStopCodon.part_lcl__NC_007359.1_cds_YP_006495800.1_5,PA-X,PA-X protein,44,negative,0.137,0.928,-,0.001,"I:V:8,V:V:17,G:V:1,A:V:3",1,0.667,V,"V:2547,I:10,-:7,?:1,G:1,A:3"
GCF_000864105.1_noTerminalStopCodon.part_lcl__NC_007359.1_cds_YP_006495800.1_5,PA-X,PA-X protein,45,negative,0,1.561,-,0,"C:C:22,C:S:1",1,0.667,C,"C:2560,-:7,S:1,?:1"
GCF_000864105.1_noTerminalStopCodon.part_lcl__NC_007359.1_cds_YP_006495800.1_5,PA-X,PA-X protein,46,negative,0,0.328,-,0.012,"F:F:4,F:L:3",1,0.667,F,"F:2561,-:5,L:3"
GCF_000864105.1_noTerminalStopCodon.part_lcl__NC_007359.1_cds_YP_006495800.1_5,PA-X,PA-X protein,47,neutral,0,0,-,1,NA,1,1,M,"M:2565,-:4"
GCF_000864105.1_noTerminalStopCodon.part_lcl__NC_007359.1_cds_YP_006495800.1_5,PA-X,PA-X protein,48,negative,0,1.585,-,0,"Y:Y:23,F:Y:1",1,0.667,Y,"Y:2564,-:4,F:1"
GCF_000864105.1_noTerminalStopCodon.part_lcl__NC_007359.1_cds_YP_006495800.1_5,PA-X,PA-X protein,49,negative,0,1.722,-,0,S:S:36,1,0.667,S,"S:2562,-:4,?:3"
GCF_000864105.1_noTerminalStopCodon.part_lcl__NC_007359.1_cds_YP_006495800.1_5,PA-X,PA-X protein,50,negative,0,1.02,-,0,D:D:16,1,0.667,D,"D:2558,-:3,?:8"
GCF_000864105.1_noTerminalStopCodon.part_lcl__NC_007359.1_cds_YP_006495800.1_5,PA-X,PA-X protein,51,negative,0,1.572,-,0,"F:F:20,F:L:3",1,0.667,F,"F:2563,L:3,-:3"
GCF_000864105.1_noTerminalStopCodon.part_lcl__NC_007359.1_cds_YP_006495800.1_5,PA-X,PA-X protein,52,negative,0,3.036,-,0,"H:H:38,H:N:1,H:Q:1",1,0.667,H,"H:2563,-:3,N:1,?:1,Q:1"
GCF_000864105.1_noTerminalStopCodon.part_lcl__NC_007359.1_cds_YP_006495800.1_5,PA-X,PA-X protein,53,negative,0,1.425,-,0,"F:F:20,F:S:1",1,0.667,F,"F:2564,-:3,S:1,?:1"
GCF_000864105.1_noTerminalStopCodon.part_lcl__NC_007359.1_cds_YP_006495800.1_5,PA-X,PA-X protein,54,negative,0.199,0.683,-,0.038,"I:I:11,I:V:7,I:M:1,I:T:1",1,0.293,I,"I:2553,V:10,-:3,M:1,T:1,?:1"
GCF_000864105.1_noTerminalStopCodon.part_lcl__NC_007359.1_cds_YP_006495800.1_5,PA-X,PA-X protein,55,negative,0.132,1.062,-,0.001,"D:D:17,D:N:11",1,0.667,D,"D:2552,N:13,-:3,?:1"
GCF_000864105.1_noTerminalStopCodon.part_lcl__NC_007359.1_cds_YP_006495800.1_5,PA-X,PA-X protein,56,negative,0.222,2.186,-,0,"E:E:26,E:G:4,D:E:6,E:Q:1,E:V:2",1,0.475,E,"E:2548,G:4,D:10,?:1,-:3,Q:1,V:2"
GCF_000864105.1_noTerminalStopCodon.part_lcl__NC_007359.1_cds_YP_006495800.1_5,PA-X,PA-X protein,57,negative,0.522,2.216,-,0,"R:R:48,Q:R:11,R:T:1,K:R:1,L:R:2",1,0.667,R,"R:2483,Q:79,T:1,K:2,-:2,L:2"
GCF_000864105.1_noTerminalStopCodon.part_lcl__NC_007359.1_cds_YP_006495800.1_5,PA-X,PA-X protein,58,negative,0.231,1.807,-,0,"G:G:27,G:S:6,S:S:4,N:S:2,E:G:1",1,0.667,G,"G:2360,S:200,N:4,?:2,-:2,E:1"
GCF_000864105.1_noTerminalStopCodon.part_lcl__NC_007359.1_cds_YP_006495800.1_5,PA-X,PA-X protein,59,neutral,0.754,1.203,-,0.245,"E:K:14,E:G:12,E:E:14,D:E:3,D:N:1,D:D:1,A:E:1",1,0.667,E,"E:2453,?:1,K:69,G:18,-:2,D:20,N:5,A:1"
GCF_000864105.1_noTerminalStopCodon.part_lcl__NC_007359.1_cds_YP_006495800.1_5,PA-X,PA-X protein,60,negative,0,0.694,-,0,"S:S:12,L:S:1,P:S:5,?:S:1",1,0.667,S,"S:2560,L:1,-:2,P:5,?:1"
GCF_000864105.1_noTerminalStopCodon.part_lcl__NC_007359.1_cds_YP_006495800.1_5,PA-X,PA-X protein,61,neutral,0.576,0.66,-,0.856,"I:M:16,I:T:14,I:L:2,I:V:3,I:W:1,T:T:1,M:T:1,M:V:1",1,0.456,M,"M:1267,I:1187,T:103,L:2,V:5,W:1,-:3,?:1"
GCF_000864105.1_noTerminalStopCodon.part_lcl__NC_007359.1_cds_YP_006495800.1_5,PA-X,PA-X protein,62,negative,0.271,0.877,-,0.023,"I:I:14,I:T:9,I:L:2,I:V:9,V:V:1",1,0.539,I,"I:2535,T:10,L:2,V:19,-:2,?:1"
GCF_000864105.1_noTerminalStopCodon.part_lcl__NC_007359.1_cds_YP_006495800.1_5,PA-X,PA-X protein,63,neutral,0.618,1.099,-,0.149,"I:V:11,V:V:21,A:V:3,L:V:3,G:V:1,M:V:2,A:T:2,A:E:1",1,0.51,V,"V:2327,I:23,A:200,L:7,G:1,M:2,-:3,T:4,E:2"
GCF_000864105.1_noTerminalStopCodon.part_lcl__NC_007359.1_cds_YP_006495800.1_5,PA-X,PA-X protein,64,negative,0,2.024,-,0,"E:E:25,D:E:2,A:E:5,E:G:1",1,0.667,E,"E:2558,D:2,A:5,G:1,-:3"
GCF_000864105.1_noTerminalStopCodon.part_lcl__NC_007359.1_cds_YP_006495800.1_5,PA-X,PA-X protein,65,negative,0.417,1.104,-,0.023,"S:S:22,P:S:12,L:S:1,S:T:1,F:S:3,S:Y:1",1,0.309,S,"S:2541,P:16,L:2,-:3,T:1,F:5,Y:1"
GCF_000864105.1_noTerminalStopCodon.part_lcl__NC_007359.1_cds_YP_006495800.1_5,PA-X,PA-X protein,66,negative,0.176,2.18,-,0,"G:S:6,D:G:5,G:G:39,S:S:1,C:G:2",1,0.667,G,"G:2544,S:9,D:9,-:3,C:2,?:2"
GCF_000864105.1_noTerminalStopCodon.part_lcl__NC_007359.1_cds_YP_006495800.1_5,PA-X,PA-X protein,67,negative,0.066,2.316,-,0,"D:D:33,D:N:4,?:D:1",1,0.667,D,"D:2550,N:10,-:2,?:7"
GCF_000864105.1_noTerminalStopCodon.part_lcl__NC_007359.1_cds_YP_006495800.1_5,PA-X,PA-X protein,68,negative,0.167,1.888,-,0,"P:P:34,L:P:2,P:Q:4,P:S:7,H:P:1",1,0.667,P,"P:2466,L:2,Q:8,S:87,?:3,H:1,-:2"
GCF_000864105.1_noTerminalStopCodon.part_lcl__NC_007359.1_cds_YP_006495800.1_5,PA-X,PA-X protein,69,negative,0,1.091,-,0,"N:N:16,N:S:2,H:N:2",1,0.667,N,"N:2559,S:2,?:3,H:2,-:3"
GCF_000864105.1_noTerminalStopCodon.part_lcl__NC_007359.1_cds_YP_006495800.1_5,PA-X,PA-X protein,70,negative,0.598,1.283,-,0.04,"A:A:21,A:S:3,A:V:13,A:T:3,E:V:1",1,0.667,A,"A:2491,S:3,V:63,T:8,-:3,E:1"
GCF_000864105.1_noTerminalStopCodon.part_lcl__NC_007359.1_cds_YP_006495800.1_5,PA-X,PA-X protein,71,negative,0,2.238,-,0,"L:L:48,L:S:1,L:V:1",1,0.667,L,"L:2562,-:3,?:2,S:1,V:1"
GCF_000864105.1_noTerminalStopCodon.part_lcl__NC_007359.1_cds_YP_006495800.1_5,PA-X,PA-X protein,72,negative,0,1.318,-,0,"L:L:40,E:L:1",1,0.667,L,"L:2564,-:3,?:1,E:1"
GCF_000864105.1_noTerminalStopCodon.part_lcl__NC_007359.1_cds_YP_006495800.1_5,PA-X,PA-X protein,73,negative,0,1.534,-,0,"K:K:20,K:T:1,K:R:3,K:N:1",1,0.667,K,"K:2561,T:1,-:3,R:3,N:1"
GCF_000864105.1_noTerminalStopCodon.part_lcl__NC_007359.1_cds_YP_006495800.1_5,PA-X,PA-X protein,74,negative,0,1.535,-,0,H:H:20,1,0.667,H,"H:2565,-:3,?:1"
GCF_000864105.1_noTerminalStopCodon.part_lcl__NC_007359.1_cds_YP_006495800.1_5,PA-X,PA-X protein,75,negative,0.101,1.225,-,0,"R:R:28,Q:R:3",1,0.667,R,"R:2558,Q:6,-:4,?:1"
GCF_000864105.1_noTerminalStopCodon.part_lcl__NC_007359.1_cds_YP_006495800.1_5,PA-X,PA-X protein,76,negative,0,1.232,-,0,"F:F:18,F:Y:1",1,0.667,F,"F:2563,?:1,Y:1,-:4"
GCF_000864105.1_noTerminalStopCodon.part_lcl__NC_007359.1_cds_YP_006495800.1_5,PA-X,PA-X protein,77,negative,0,1.272,-,0,"E:E:23,E:G:3,D:E:1,E:V:1",1,0.667,E,"E:2560,G:3,D:1,-:4,V:1"
GCF_000864105.1_noTerminalStopCodon.part_lcl__NC_007359.1_cds_YP_006495800.1_5,PA-X,PA-X protein,78,neutral,0.163,0.572,-,0.138,"I:V:3,L:V:1,I:I:1,V:V:2,I:L:3",1,0.148,I,"I:2434,L:6,V:124,-:3,?:2"
GCF_000864105.1_noTerminalStopCodon.part_lcl__NC_007359.1_cds_YP_006495800.1_5,PA-X,PA-X protein,79,negative,0,1.635,-,0,"I:I:28,I:V:1",1,0.667,I,"I:2564,V:1,-:3,?:1"
GCF_000864105.1_noTerminalStopCodon.part_lcl__NC_007359.1_cds_YP_006495800.1_5,PA-X,PA-X protein,80,negative,0,1.267,-,0,E:E:16,1,0.667,E,"E:2564,-:4,?:1"
GCF_000864105.1_noTerminalStopCodon.part_lcl__NC_007359.1_cds_YP_006495800.1_5,PA-X,PA-X protein,81,negative,0,1.244,-,0,"G:G:26,G:R:2",1,0.667,G,"G:2561,?:3,R:2,-:3"
GCF_000864105.1_noTerminalStopCodon.part_lcl__NC_007359.1_cds_YP_006495800.1_5,PA-X,PA-X protein,82,negative,0,1.365,-,0,"R:R:20,K:R:1,I:R:1",1,0.667,R,"R:2563,K:1,?:1,-:3,I:1"
GCF_000864105.1_noTerminalStopCodon.part_lcl__NC_007359.1_cds_YP_006495800.1_5,PA-X,PA-X protein,83,negative,0,1.194,-,0,"D:G:3,D:D:14,D:E:1,D:N:1",1,0.667,D,"D:2561,G:3,E:1,N:1,-:3"
GCF_000864105.1_noTerminalStopCodon.part_lcl__NC_007359.1_cds_YP_006495800.1_5,PA-X,PA-X protein,84,negative,0,1.169,-,0,"R:R:26,H:R:1,Q:R:1",1,0.667,R,"R:2562,H:1,?:2,Q:1,-:3"
GCF_000864105.1_noTerminalStopCodon.part_lcl__NC_007359.1_cds_YP_006495800.1_5,PA-X,PA-X protein,85,negative,0.56,2.123,-,0,"A:T:19,T:T:28,N:T:2,P:T:1,A:A:6,A:S:3,A:E:1",1,0.108,T,"T:1302,A:1249,N:6,P:1,?:2,-:4,S:4,E:1"
GCF_000864105.1_noTerminalStopCodon.part_lcl__NC_007359.1_cds_YP_006495800.1_5,PA-X,PA-X protein,86,neutral,0.316,0,-,0.63,"I:M:18,M:S:1,M:V:6,L:M:2,K:M:1",1,0.136,M,"M:2495,I:26,S:1,V:39,L:2,K:1,-:4,?:1"
GCF_000864105.1_noTerminalStopCodon.part_lcl__NC_007359.1_cds_YP_006495800.1_5,PA-X,PA-X protein,87,negative,0,1.124,-,0,"A:A:21,A:V:2,A:G:1",1,0.667,A,"A:2562,V:2,G:1,-:4"
GCF_000864105.1_noTerminalStopCodon.part_lcl__NC_007359.1_cds_YP_006495800.1_5,PA-X,PA-X protein,88,neutral,0,0,-,1,R:W:2,1,0.667,W,"W:2562,R:2,?:1,-:4"
GCF_000864105.1_noTerminalStopCodon.part_lcl__NC_007359.1_cds_YP_006495800.1_5,PA-X,PA-X protein,89,negative,0,1.32,-,0,"T:T:23,M:T:2,A:T:1",1,0.667,T,"T:2562,M:2,A:1,-:4"
GCF_000864105.1_noTerminalStopCodon.part_lcl__NC_007359.1_cds_YP_006495800.1_5,PA-X,PA-X protein,90,negative,0.068,1.296,-,0,"V:V:28,M:V:6,L:V:1,A:V:1",1,0.667,V,"V:2553,M:6,L:1,?:1,-:4,A:4"
GCF_000864105.1_noTerminalStopCodon.part_lcl__NC_007359.1_cds_YP_006495800.1_5,PA-X,PA-X protein,91,negative,0.068,1.264,-,0,"V:V:26,A:V:1,M:V:2,I:V:3",1,0.667,V,"V:2558,A:1,M:3,I:3,-:4"
GCF_000864105.1_noTerminalStopCodon.part_lcl__NC_007359.1_cds_YP_006495800.1_5,PA-X,PA-X protein,92,negative,0,1.183,-,0,"N:Q:1,N:N:18",1,0.667,N,"N:2563,Q:1,?:1,-:4"
GCF_000864105.1_noTerminalStopCodon.part_lcl__NC_007359.1_cds_YP_006495800.1_5,PA-X,PA-X protein,93,negative,0,1.963,-,0,"S:S:29,I:S:1,G:S:4",1,0.667,S,"S:2559,I:1,G:4,-:5"
GCF_000864105.1_noTerminalStopCodon.part_lcl__NC_007359.1_cds_YP_006495800.1_5,PA-X,PA-X protein,94,negative,0.422,1.898,-,0,"I:I:32,I:V:12,I:M:1,I:L:1",1,0.647,I,"I:2519,V:40,?:3,M:1,L:1,-:5"
GCF_000864105.1_noTerminalStopCodon.part_lcl__NC_007359.1_cds_YP_006495800.1_5,PA-X,PA-X protein,95,negative,0.134,0.925,-,0.003,"C:S:4,C:C:11",1,0.667,C,"C:2557,S:6,-:6"
GCF_000864105.1_noTerminalStopCodon.part_lcl__NC_007359.1_cds_YP_006495800.1_5,PA-X,PA-X protein,96,neutral,0.137,0.44,-,0.138,"N:N:6,H:N:1,N:P:1,I:N:2,N:S:2",1,0.635,N,"N:2554,?:1,H:1,P:1,I:2,S:4,-:6"
GCF_000864105.1_noTerminalStopCodon.part_lcl__NC_007359.1_cds_YP_006495800.1_5,PA-X,PA-X protein,97,negative,0,1.437,-,0,"T:T:26,I:T:3,S:T:2,A:T:3,N:T:1",1,0.667,T,"T:2554,I:3,S:2,A:3,-:6,N:1"
GCF_000864105.1_noTerminalStopCodon.part_lcl__NC_007359.1_cds_YP_006495800.1_5,PA-X,PA-X protein,98,negative,0,0.876,-,0,"I:T:1,T:T:16,P:T:1",1,0.667,T,"T:2559,I:1,?:1,P:1,-:7"
GCF_000864105.1_noTerminalStopCodon.part_lcl__NC_007359.1_cds_YP_006495800.1_5,PA-X,PA-X protein,99,negative,0.123,1.24,-,0,"E:G:6,G:G:23,G:R:8,G:W:1",1,0.667,G,"E:7,G:2545,R:9,-:7,W:1"
GCF_000864105.1_noTerminalStopCodon.part_lcl__NC_007359.1_cds_YP_006495800.1_5,PA-X,PA-X protein,100,negative,0.489,2.757,-,0,"V:V:48,A:V:10,I:V:19,F:V:1",1,0.667,V,"V:2512,A:16,I:32,?:1,F:1,-:7"
GCF_000864105.1_noTerminalStopCodon.part_lcl__NC_007359.1_cds_YP_006495800.1_5,PA-X,PA-X protein,101,negative,0.587,1.639,-,0.008,"E:E:12,E:G:13,E:K:5,D:E:6,D:D:10,D:G:3,D:Y:1,D:N:2,N:N:2,E:Q:1",1,0.644,E,"E:1977,G:31,K:5,D:441,Y:2,N:105,Q:1,-:7"
GCF_000864105.1_noTerminalStopCodon.part_lcl__NC_007359.1_cds_YP_006495800.1_5,PA-X,PA-X protein,102,negative,0,1.166,-,0,"K:K:22,K:N:1",1,0.667,K,"K:2561,N:1,-:6,?:1"
GCF_000864105.1_noTerminalStopCodon.part_lcl__NC_007359.1_cds_YP_006495800.1_5,PA-X,PA-X protein,103,negative,0,1.332,-,0,P:P:25,1,0.667,P,"P:2563,-:6"
GCF_000864105.1_noTerminalStopCodon.part_lcl__NC_007359.1_cds_YP_006495800.1_5,PA-X,PA-X protein,104,negative,0.305,1.374,-,0.002,"K:K:18,K:N:1,K:R:4,R:R:1,K:T:1,E:K:2,K:Q:1",1,0.657,K,"K:2506,?:1,N:2,R:48,T:1,E:4,-:6,Q:1"
GCF_000864105.1_noTerminalStopCodon.part_lcl__NC_007359.1_cds_YP_006495800.1_5,PA-X,PA-X protein,105,negative,0.276,1.199,-,0.004,"F:L:10,F:F:16,F:Y:1,F:S:3,S:Y:1",1,0.305,F,"F:2529,L:11,Y:3,S:20,-:6"
GCF_000864105.1_noTerminalStopCodon.part_lcl__NC_007359.1_cds_YP_006495800.1_5,PA-X,PA-X protein,106,negative,0,0.991,-,0,L:L:20,1,0.667,L,"L:2563,-:6"
GCF_000864105.1_noTerminalStopCodon.part_lcl__NC_007359.1_cds_YP_006495800.1_5,PA-X,PA-X protein,107,negative,0,1.447,-,0,P:P:28,1,0.667,P,"P:2563,-:6"
GCF_000864105.1_noTerminalStopCodon.part_lcl__NC_007359.1_cds_YP_006495800.1_5,PA-X,PA-X protein,108,negative,0,1.665,-,0,D:D:24,1,0.667,D,"D:2561,?:2,-:6"
GCF_000864105.1_noTerminalStopCodon.part_lcl__NC_007359.1_cds_YP_006495800.1_5,PA-X,PA-X protein,109,negative,0,1.258,-,0,"L:L:36,L:S:1",1,0.667,L,"L:2560,?:1,S:1,-:7"
GCF_000864105.1_noTerminalStopCodon.part_lcl__NC_007359.1_cds_YP_006495800.1_5,PA-X,PA-X protein,110,negative,0,0.563,-,0.003,"Y:Y:9,F:Y:1,E:Y:1",1,0.667,Y,"Y:2559,?:1,F:1,-:7,E:1"
GCF_000864105.1_noTerminalStopCodon.part_lcl__NC_007359.1_cds_YP_006495800.1_5,PA-X,PA-X protein,111,negative,0,1.297,-,0,"D:D:16,D:E:1,D:K:1",1,0.667,D,"D:2559,?:1,E:1,-:7,K:1"
GCF_000864105.1_noTerminalStopCodon.part_lcl__NC_007359.1_cds_YP_006495800.1_5,PA-X,PA-X protein,112,negative,0,0.922,-,0,Y:Y:11,1,0.667,Y,"Y:2562,-:7"
GCF_000864105.1_noTerminalStopCodon.part_lcl__NC_007359.1_cds_YP_006495800.1_5,PA-X,PA-X protein,113,negative,0.224,1.196,-,0.002,"K:R:9,K:K:17,K:N:1,K:T:1",1,0.667,K,"K:2143,R:415,?:1,N:1,T:1,-:8"
GCF_000864105.1_noTerminalStopCodon.part_lcl__NC_007359.1_cds_YP_006495800.1_5,PA-X,PA-X protein,114,negative,0,1.135,-,0,"E:K:6,E:E:24,E:G:3",1,0.667,E,"E:2552,K:6,G:3,-:8"
GCF_000864105.1_noTerminalStopCodon.part_lcl__NC_007359.1_cds_YP_006495800.1_5,PA-X,PA-X protein,115,negative,0.555,2.073,-,0.001,"N:S:9,N:N:23,D:N:7,N:Y:2,K:N:3,N:T:2",1,0.513,N,"N:2522,S:18,D:10,Y:6,K:3,-:8,T:2"
GCF_000864105.1_noTerminalStopCodon.part_lcl__NC_007359.1_cds_YP_006495800.1_5,PA-X,PA-X protein,116,negative,0,1.811,-,0,"R:R:37,K:R:1",1,0.667,R,"R:2557,?:3,-:8,K:1"
GCF_000864105.1_noTerminalStopCodon.part_lcl__NC_007359.1_cds_YP_006495800.1_5,PA-X,PA-X protein,117,negative,0,1.02,-,0,F:F:12,1,0.667,F,"F:2564,-:5"
GCF_000864105.1_noTerminalStopCodon.part_lcl__NC_007359.1_cds_YP_006495800.1_5,PA-X,PA-X protein,118,negative,0.339,1.053,-,0.015,"I:I:11,I:L:1,I:V:6,I:T:4,T:T:7",1,0.642,I,"I:2388,L:1,V:52,?:2,T:122,-:4"
GCF_000864105.1_noTerminalStopCodon.part_lcl__NC_007359.1_cds_YP_006495800.1_5,PA-X,PA-X protein,119,negative,0,1.303,-,0,"E:E:17,D:E:1",1,0.667,E,"E:2562,D:1,?:2,-:4"
GCF_000864105.1_noTerminalStopCodon.part_lcl__NC_007359.1_cds_YP_006495800.1_5,PA-X,PA-X protein,120,neutral,0.134,0.232,-,0.518,"I:V:5,I:I:4,I:L:1",1,0.614,I,"I:2549,V:12,?:2,-:5,L:1"
GCF_000864105.1_noTerminalStopCodon.part_lcl__NC_007359.1_cds_YP_006495800.1_5,PA-X,PA-X protein,121,negative,0,1.443,-,0,G:G:25,1,0.667,G,"G:2564,-:5"
GCF_000864105.1_noTerminalStopCodon.part_lcl__NC_007359.1_cds_YP_006495800.1_5,PA-X,PA-X protein,122,negative,0.068,1.104,-,0,"V:V:22,I:V:7,T:V:1",1,0.667,V,"V:2553,I:8,T:1,?:3,-:4"
GCF_000864105.1_noTerminalStopCodon.part_lcl__NC_007359.1_cds_YP_006495800.1_5,PA-X,PA-X protein,123,negative,0,1.511,-,0,T:T:28,1,0.667,T,"T:2565,?:1,-:3"
GCF_000864105.1_noTerminalStopCodon.part_lcl__NC_007359.1_cds_YP_006495800.1_5,PA-X,PA-X protein,124,negative,0,1.933,-,0,R:R:45,1,0.667,R,"R:2566,-:3"
GCF_000864105.1_noTerminalStopCodon.part_lcl__NC_007359.1_cds_YP_006495800.1_5,PA-X,PA-X protein,125,negative,0,1.276,-,0,R:R:28,1,0.667,R,"R:2566,-:3"
GCF_000864105.1_noTerminalStopCodon.part_lcl__NC_007359.1_cds_YP_006495800.1_5,PA-X,PA-X protein,126,negative,0,1.647,-,0,"E:G:2,E:E:22,D:E:1",1,0.667,E,"E:2563,G:2,D:1,-:3"
GCF_000864105.1_noTerminalStopCodon.part_lcl__NC_007359.1_cds_YP_006495800.1_5,PA-X,PA-X protein,127,negative,0,1.529,-,0,"V:V:27,A:V:4,I:V:5",1,0.667,V,"V:2557,A:4,I:5,-:3"
GCF_000864105.1_noTerminalStopCodon.part_lcl__NC_007359.1_cds_YP_006495800.1_5,PA-X,PA-X protein,128,negative,0.061,1.66,-,0,"H:Q:2,H:N:4,H:H:20,H:R:1,H:Y:2",1,0.667,H,"H:2554,Q:2,N:7,R:1,Y:2,?:1,-:2"
GCF_000864105.1_noTerminalStopCodon.part_lcl__NC_007359.1_cds_YP_006495800.1_5,PA-X,PA-X protein,129,neutral,0.554,0.322,-,0.457,"I:M:7,I:V:6,I:I:2,I:T:11,I:L:5",1,0.274,I,"I:2339,M:9,V:11,T:198,?:1,L:8,-:3"
GCF_000864105.1_noTerminalStopCodon.part_lcl__NC_007359.1_cds_YP_006495800.1_5,PA-X,PA-X protein,130,negative,0,1.384,-,0,Y:Y:17,1,0.667,Y,"Y:2566,-:3"
GCF_000864105.1_noTerminalStopCodon.part_lcl__NC_007359.1_cds_YP_006495800.1_5,PA-X,PA-X protein,131,negative,0,1.549,-,0,"Y:Y:21,I:Y:1",1,0.667,Y,"Y:2566,I:1,-:2"
GCF_000864105.1_noTerminalStopCodon.part_lcl__NC_007359.1_cds_YP_006495800.1_5,PA-X,PA-X protein,132,negative,0,1.242,-,0,"L:L:36,L:M:1,I:L:1,L:S:1",1,0.667,L,"L:2563,M:1,I:1,-:2,?:1,S:1"
GCF_000864105.1_noTerminalStopCodon.part_lcl__NC_007359.1_cds_YP_006495800.1_5,PA-X,PA-X protein,133,negative,0.074,1.588,-,0,"E:E:22,E:K:1,D:E:1",1,0.667,E,"E:2563,K:1,D:3,-:2"
GCF_000864105.1_noTerminalStopCodon.part_lcl__NC_007359.1_cds_YP_006495800.1_5,PA-X,PA-X protein,134,negative,0,1.706,-,0,K:K:22,1,0.667,K,"K:2567,-:2"
GCF_000864105.1_noTerminalStopCodon.part_lcl__NC_007359.1_cds_YP_006495800.1_5,PA-X,PA-X protein,135,negative,0.059,0.835,-,0,"A:A:15,A:S:3,A:T:1",1,0.667,A,"A:2562,S:4,-:2,T:1"
GCF_000864105.1_noTerminalStopCodon.part_lcl__NC_007359.1_cds_YP_006495800.1_5,PA-X,PA-X protein,136,negative,0.137,1.434,-,0,"N:S:5,N:N:17,K:N:1,N:T:1,C:S:1,D:N:2",1,0.667,N,"N:2553,S:9,K:1,T:1,C:1,-:2,D:2"
GCF_000864105.1_noTerminalStopCodon.part_lcl__NC_007359.1_cds_YP_006495800.1_5,PA-X,PA-X protein,137,negative,0.079,1.064,-,0,"K:K:22,K:R:2",1,0.667,K,"K:2562,-:2,R:5"
GCF_000864105.1_noTerminalStopCodon.part_lcl__NC_007359.1_cds_YP_006495800.1_5,PA-X,PA-X protein,138,negative,0,0.449,-,0.01,"I:I:2,I:T:1",1,0.667,I,"I:2564,?:2,-:2,T:1"
GCF_000864105.1_noTerminalStopCodon.part_lcl__NC_007359.1_cds_YP_006495800.1_5,PA-X,PA-X protein,139,negative,0.076,2.041,-,0,"K:K:27,K:R:2",1,0.667,K,"K:2561,R:6,-:2"
GCF_000864105.1_noTerminalStopCodon.part_lcl__NC_007359.1_cds_YP_006495800.1_5,PA-X,PA-X protein,140,negative,0.077,1.542,-,0,"S:S:27,F:S:2,P:S:2,S:T:3,L:S:2",1,0.667,S,"S:2554,F:2,P:2,T:3,-:2,L:5,?:1"
GCF_000864105.1_noTerminalStopCodon.part_lcl__NC_007359.1_cds_YP_006495800.1_5,PA-X,PA-X protein,141,negative,0.077,0.982,-,0,"E:E:19,E:G:2,E:K:2,D:E:1",1,0.667,E,"E:2560,G:2,K:3,-:2,D:1,?:1"
GCF_000864105.1_noTerminalStopCodon.part_lcl__NC_007359.1_cds_YP_006495800.1_5,PA-X,PA-X protein,142,negative,0.307,1.336,-,0.002,"K:K:17,K:R:7,E:K:3,K:N:1,R:R:5,K:T:1",1,0.667,K,"K:2342,R:218,E:3,N:1,?:2,-:2,T:1"
GCF_000864105.1_noTerminalStopCodon.part_lcl__NC_007359.1_cds_YP_006495800.1_5,PA-X,PA-X protein,143,negative,0,0.348,-,0.005,"T:T:6,P:T:3,I:T:1",1,0.667,T,"T:2561,-:3,P:3,?:1,I:1"
GCF_000864105.1_noTerminalStopCodon.part_lcl__NC_007359.1_cds_YP_006495800.1_5,PA-X,PA-X protein,144,negative,0,1.472,-,0,"H:H:18,H:N:1,H:L:1,H:Y:1",1,0.667,H,"H:2561,-:4,N:1,L:1,Y:1,?:1"
GCF_000864105.1_noTerminalStopCodon.part_lcl__NC_007359.1_cds_YP_006495800.1_5,PA-X,PA-X protein,145,negative,0,1.921,-,0,"I:I:31,I:T:2,I:V:1",1,0.667,I,"I:2562,-:4,T:2,V:1"
GCF_000864105.1_noTerminalStopCodon.part_lcl__NC_007359.1_cds_YP_006495800.1_5,PA-X,PA-X protein,146,negative,0,1.291,-,0,H:H:15,1,0.667,H,"H:2565,-:4"
GCF_000864105.1_noTerminalStopCodon.part_lcl__NC_007359.1_cds_YP_006495800.1_5,PA-X,PA-X protein,147,negative,0,1.609,-,0,"I:I:12,I:M:1",1,0.667,I,"I:2565,-:3,M:1"
GCF_000864105.1_noTerminalStopCodon.part_lcl__NC_007359.1_cds_YP_006495800.1_5,PA-X,PA-X protein,148,negative,0,1.113,-,0,"F:F:14,F:I:1",1,0.667,F,"F:2564,-:3,?:1,I:1"
GCF_000864105.1_noTerminalStopCodon.part_lcl__NC_007359.1_cds_YP_006495800.1_5,PA-X,PA-X protein,149,negative,0.083,1.154,-,0,"S:S:19,P:S:1,S:T:1,A:S:1",1,0.667,S,"S:2561,-:3,?:1,P:1,T:1,A:2"
GCF_000864105.1_noTerminalStopCodon.part_lcl__NC_007359.1_cds_YP_006495800.1_5,PA-X,PA-X protein,150,negative,0,0.502,-,0.002,"F:F:6,F:L:2",1,0.667,F,"F:2563,-:3,?:1,L:2"
GCF_000864105.1_noTerminalStopCodon.part_lcl__NC_007359.1_cds_YP_006495800.1_5,PA-X,PA-X protein,151,neutral,0.441,0.942,-,0.076,"T:T:18,I:T:9,A:T:5,N:T:4",1,0.132,T,"T:2518,I:34,-:3,A:6,N:8"
GCF_000864105.1_noTerminalStopCodon.part_lcl__NC_007359.1_cds_YP_006495800.1_5,PA-X,PA-X protein,152,negative,0.064,1.679,-,0,"G:G:30,D:G:1",1,0.44,G,"G:2565,-:3,D:1"
GCF_000864105.1_noTerminalStopCodon.part_lcl__NC_007359.1_cds_YP_006495800.1_5,PA-X,PA-X protein,153,negative,0.14,1.178,-,0,"E:E:21,E:G:2,D:E:1",1,0.667,E,"E:2558,-:3,G:2,D:6"
GCF_000864105.1_noTerminalStopCodon.part_lcl__NC_007359.1_cds_YP_006495800.1_5,PA-X,PA-X protein,154,negative,0.073,1.05,-,0,"E:E:13,E:G:1",1,0.667,E,"E:2564,-:3,?:1,G:1"
GCF_000864105.1_noTerminalStopCodon.part_lcl__NC_007359.1_cds_YP_006495800.1_5,PA-X,PA-X protein,155,negative,0.166,19.131,-,0.015,"M:V:1,I:M:2,I:L:1,M:Q:1",1,0.581,M,"M:2559,V:3,-:3,I:2,L:1,Q:1"
GCF_000864105.1_noTerminalStopCodon.part_lcl__NC_007359.1_cds_YP_006495800.1_5,PA-X,PA-X protein,156,negative,0.092,0.728,-,0.003,"A:A:14,A:V:1,A:I:1",1,0.157,A,"A:2562,-:3,V:1,?:2,I:1"
GCF_000864105.1_noTerminalStopCodon.part_lcl__NC_007359.1_cds_YP_006495800.1_5,PA-X,PA-X protein,157,negative,0,1.335,-,0,T:T:24,1,0.667,T,"T:2561,-:4,?:4"
GCF_000864105.1_noTerminalStopCodon.part_lcl__NC_007359.1_cds_YP_006495800.1_5,PA-X,PA-X protein,158,negative,0.077,1.491,-,0,"K:K:22,K:R:7,K:N:4,E:K:1",1,0.667,K,"K:2544,R:14,-:4,?:2,N:4,E:1"
GCF_000864105.1_noTerminalStopCodon.part_lcl__NC_007359.1_cds_YP_006495800.1_5,PA-X,PA-X protein,159,negative,0.12,1.611,-,0,"A:A:32,A:T:1,A:V:1,A:E:3,A:S:2",1,0.667,A,"A:2553,-:4,T:1,V:2,E:3,S:4,?:2"
GCF_000864105.1_noTerminalStopCodon.part_lcl__NC_007359.1_cds_YP_006495800.1_5,PA-X,PA-X protein,160,negative,0.131,1.39,-,0,"D:E:4,D:N:2,D:D:16,E:E:1",1,0.667,D,"D:2495,E:66,?:2,-:4,N:2"
GCF_000864105.1_noTerminalStopCodon.part_lcl__NC_007359.1_cds_YP_006495800.1_5,PA-X,PA-X protein,161,negative,0,0.908,-,0,"Y:Y:11,H:Y:4",1,0.667,Y,"Y:2561,-:4,H:4"
GCF_000864105.1_noTerminalStopCodon.part_lcl__NC_007359.1_cds_YP_006495800.1_5,PA-X,PA-X protein,162,negative,0.063,1.397,-,0,"T:T:25,I:T:4",1,0.667,T,"T:2560,-:4,I:5"
GCF_000864105.1_noTerminalStopCodon.part_lcl__NC_007359.1_cds_YP_006495800.1_5,PA-X,PA-X protein,163,negative,0,0.714,-,0,"L:L:14,I:L:4",1,0.667,L,"L:2561,-:4,I:4"
GCF_000864105.1_noTerminalStopCodon.part_lcl__NC_007359.1_cds_YP_006495800.1_5,PA-X,PA-X protein,164,negative,0,1.036,-,0,"D:D:16,D:G:1",1,0.667,D,"D:2564,-:4,G:1"
GCF_000864105.1_noTerminalStopCodon.part_lcl__NC_007359.1_cds_YP_006495800.1_5,PA-X,PA-X protein,165,negative,0.076,1.231,-,0,"E:E:17,D:E:1",1,0.667,E,"E:2563,-:4,D:2"
GCF_000864105.1_noTerminalStopCodon.part_lcl__NC_007359.1_cds_YP_006495800.1_5,PA-X,PA-X protein,166,negative,0,1.039,-,0,E:E:19,1,0.667,E,"E:2564,-:5"
GCF_000864105.1_noTerminalStopCodon.part_lcl__NC_007359.1_cds_YP_006495800.1_5,PA-X,PA-X protein,167,negative,0,1.48,-,0,S:S:17,1,0.667,S,"S:2564,-:5"
GCF_000864105.1_noTerminalStopCodon.part_lcl__NC_007359.1_cds_YP_006495800.1_5,PA-X,PA-X protein,168,negative,0,1.979,-,0,R:R:31,1,0.667,R,"R:2564,-:5"
GCF_000864105.1_noTerminalStopCodon.part_lcl__NC_007359.1_cds_YP_006495800.1_5,PA-X,PA-X protein,169,negative,0,0.756,-,0,A:A:13,1,0.667,A,"A:2562,-:5,?:2"
GCF_000864105.1_noTerminalStopCodon.part_lcl__NC_007359.1_cds_YP_006495800.1_5,PA-X,PA-X protein,170,negative,0,1.253,-,0,R:R:19,1,0.667,R,"R:2563,-:6"
GCF_000864105.1_noTerminalStopCodon.part_lcl__NC_007359.1_cds_YP_006495800.1_5,PA-X,PA-X protein,171,negative,0.065,1.54,-,0,"I:V:5,I:I:19",1,0.667,I,"I:2550,-:7,V:9,?:3"
GCF_000864105.1_noTerminalStopCodon.part_lcl__NC_007359.1_cds_YP_006495800.1_5,PA-X,PA-X protein,172,negative,0,1.143,-,0,"K:K:14,K:N:1",1,0.667,K,"K:2561,-:7,N:1"
GCF_000864105.1_noTerminalStopCodon.part_lcl__NC_007359.1_cds_YP_006495800.1_5,PA-X,PA-X protein,173,negative,0,0.779,-,0,T:T:14,1,0.667,T,"T:2562,-:7"
GCF_000864105.1_noTerminalStopCodon.part_lcl__NC_007359.1_cds_YP_006495800.1_5,PA-X,PA-X protein,174,negative,0,1.258,-,0,R:R:23,1,0.667,R,"R:2561,-:7,?:1"
GCF_000864105.1_noTerminalStopCodon.part_lcl__NC_007359.1_cds_YP_006495800.1_5,PA-X,PA-X protein,175,negative,0,1.193,-,0,"L:L:46,L:M:2",1,0.667,L,"L:2560,-:7,M:2"
GCF_000864105.1_noTerminalStopCodon.part_lcl__NC_007359.1_cds_YP_006495800.1_5,PA-X,PA-X protein,176,neutral,0.07,0.338,-,0.11,"F:Y:2,F:F:4,F:S:1",1,0.667,F,"F:2549,Y:12,-:7,S:1"
GCF_000864105.1_noTerminalStopCodon.part_lcl__NC_007359.1_cds_YP_006495800.1_5,PA-X,PA-X protein,177,negative,0,0.84,-,0,"T:T:19,I:T:1",1,0.667,T,"T:2562,-:6,I:1"
GCF_000864105.1_noTerminalStopCodon.part_lcl__NC_007359.1_cds_YP_006495800.1_5,PA-X,PA-X protein,178,neutral,0.163,0.222,-,0.797,"I:V:4,I:M:2,I:I:1,I:T:2",1,0.66,I,"I:2549,V:7,-:7,M:3,?:1,T:2"
GCF_000864105.1_noTerminalStopCodon.part_lcl__NC_007359.1_cds_YP_006495800.1_5,PA-X,PA-X protein,179,negative,0,1.486,-,0,"R:R:25,K:R:1",1,0.667,R,"R:2562,-:5,K:1,?:1"
GCF_000864105.1_noTerminalStopCodon.part_lcl__NC_007359.1_cds_YP_006495800.1_5,PA-X,PA-X protein,180,negative,0,1.465,-,0,"Q:Q:19,P:Q:1,H:Q:1",1,0.667,Q,"Q:2561,-:6,P:1,H:1"
GCF_000864105.1_noTerminalStopCodon.part_lcl__NC_007359.1_cds_YP_006495800.1_5,PA-X,PA-X protein,181,negative,0,1.204,-,0,"E:E:16,D:E:1",1,0.667,E,"E:2562,-:6,D:1"
GCF_000864105.1_noTerminalStopCodon.part_lcl__NC_007359.1_cds_YP_006495800.1_5,PA-X,PA-X protein,182,neutral,0,0.125,-,1,"L:M:1,I:M:1",1,0.667,M,"M:2561,L:1,-:6,I:1"
GCF_000864105.1_noTerminalStopCodon.part_lcl__NC_007359.1_cds_YP_006495800.1_5,PA-X,PA-X protein,183,negative,0,0.837,-,0,"A:A:15,A:S:2,A:V:2",1,0.667,A,"A:2557,-:7,?:1,S:2,V:2"
GCF_000864105.1_noTerminalStopCodon.part_lcl__NC_007359.1_cds_YP_006495800.1_5,PA-X,PA-X protein,184,negative,0.448,1.182,-,0.021,"S:S:15,N:S:11,G:S:8,C:S:2,I:S:3",1,0.614,S,"S:2483,N:55,G:15,-:7,C:2,I:7"
GCF_000864105.1_noTerminalStopCodon.part_lcl__NC_007359.1_cds_YP_006495800.1_5,PA-X,PA-X protein,185,negative,0.376,1.619,-,0,"R:R:29,R:W:1,K:R:12,G:R:3,I:R:1",1,0.646,R,"R:2527,W:5,K:24,-:7,?:2,G:3,I:1"
GCF_000864105.1_noTerminalStopCodon.part_lcl__NC_007359.1_cds_YP_006495800.1_5,PA-X,PA-X protein,186,negative,0,1.703,-,0,"G:G:32,G:S:1,D:G:1,A:G:1",1,0.667,G,"G:2558,-:7,S:1,D:1,?:1,A:1"
GCF_000864105.1_noTerminalStopCodon.part_lcl__NC_007359.1_cds_YP_006495800.1_5,PA-X,PA-X protein,187,negative,0.102,0.966,-,0.001,"I:L:5,L:L:33,?:L:1",1,0.667,L,"L:2556,I:5,-:6,?:2"
GCF_000864105.1_noTerminalStopCodon.part_lcl__NC_007359.1_cds_YP_006495800.1_5,PA-X,PA-X protein,188,neutral,0,0.215,-,1,NA,1,0.667,W,"W:2561,-:8"
GCF_000864105.1_noTerminalStopCodon.part_lcl__NC_007359.1_cds_YP_006495800.1_5,PA-X,PA-X protein,189,negative,0.068,0.55,-,0.012,"D:E:2,D:D:8,D:G:2",1,0.667,D,"D:2553,E:2,-:8,G:6"
GCF_000864105.1_noTerminalStopCodon.part_lcl__NC_007359.1_cds_YP_006495800.1_5,PA-X,PA-X protein,190,negative,0.141,0.724,-,0.01,"P:S:2,S:S:11",1,0.667,S,"S:2557,P:4,-:8"
GCF_000864105.1_noTerminalStopCodon.part_lcl__NC_007359.1_cds_YP_006495800.1_5,PA-X,PA-X protein,191,negative,0,0.426,-,0.005,F:F:5,1,0.667,F,"F:2560,-:7,?:2"
GCF_000864105.1_noTerminalStopCodon.part_lcl__NC_007359.1_cds_YP_006495800.1_5,PA-X,PA-X protein,192,neutral,0.189,0.055,-,0.287,"A:V:5,I:V:4,G:V:1,R:V:1",1,0.001,V,"V:2547,-:9,A:7,I:4,G:1,R:1"
GCF_000864105.1_noTerminalStopCodon.part_lcl__NC_007359.1_cds_YP_006495800.1_5,PA-X,PA-X protein,193,positive,1.269,0,-,0,"N:S:37,N:Q:1,N:T:1,I:S:2",0.07623323,0,S,"N:1274,S:1278,-:9,Q:1,T:1,I:4,?:2"
GCF_000864105.1_noTerminalStopCodon.part_lcl__NC_007359.1_cds_YP_006495800.1_5,PA-X,PA-X protein,194,positive,0.297,0.044,-,0.04,"L:P:13,P:Q:3,L:R:1,P:P:2,P:S:1",1,0.007,P,"P:2432,L:123,-:8,Q:4,R:1,S:1"
GCF_000864105.1_noTerminalStopCodon.part_lcl__NC_007359.1_cds_YP_006495800.1_5,PA-X,PA-X protein,195,positive,0.64,0.066,-,0.005,"K:R:15,N:R:1,R:R:1,A:R:1",1,0.001,R,"R:2187,-:8,K:365,N:6,A:1,?:2"
GCF_000864105.1_noTerminalStopCodon.part_lcl__NC_007359.1_cds_YP_006495800.1_5,PA-X,PA-X protein,196,neutral,0,0.202,-,0.083,"E:E:4,D:E:2,E:V:2,E:K:1,E:L:1",1,0.667,E,"E:2554,-:9,D:2,V:2,K:1,L:1"
GCF_000864105.1_noTerminalStopCodon.part_lcl__NC_007359.1_cds_YP_006495800.1_5,PA-X,PA-X protein,197,positive,0.21,0,-,0.02,"A:V:2,A:E:3,A:G:1,A:T:1,A:Y:1",1,0.025,A,"A:2550,-:7,V:2,E:4,G:1,T:2,Y:1,?:2"
GCF_000864105.1_noTerminalStopCodon.part_lcl__NC_007359.1_cds_YP_006495800.1_5,PA-X,PA-X protein,198,neutral,0.342,0.099,-,0.143,"K:R:5,K:P:1,L:P:1,K:K:1,K:M:1",1,0.007,K,"K:2536,R:22,-:7,P:1,L:1,?:1,M:1"
GCF_000864105.1_noTerminalStopCodon.part_lcl__NC_007359.1_cds_YP_006495800.1_5,PA-X,PA-X protein,199,positive,0.513,0,-,0.003,"K:R:20,I:R:1,H:R:1,M:R:1",1,0.001,R,"R:2416,K:141,-:8,I:2,H:1,M:1"
GCF_000864105.1_noTerminalStopCodon.part_lcl__NC_007359.1_cds_YP_006495800.1_5,PA-X,PA-X protein,200,negative,0.136,0.944,-,0.025,"Q:Q:11,H:Q:1,L:Q:1,K:Q:1,G:Q:1",1,0.062,Q,"Q:2556,-:8,?:1,H:1,L:1,K:1,G:1"
GCF_000864105.1_noTerminalStopCodon.part_lcl__NC_007359.1_cds_YP_006495800.1_5,PA-X,PA-X protein,201,neutral,0.137,0.275,-,0.483,"L:S:5,L:L:8,L:M:1,L:W:1",1,0.628,L,"L:2552,S:6,-:9,M:1,W:1"
GCF_000864105.1_noTerminalStopCodon.part_lcl__NC_007359.1_cds_YP_006495800.1_5,PA-X,PA-X protein,202,neutral,0.175,0.05,-,0.313,"K:R:6,K:M:1,K:K:1,E:K:1",1,0.287,K,"K:2546,-:8,R:13,M:1,E:1"
GCF_000864105.1_noTerminalStopCodon.part_lcl__NC_007359.1_cds_YP_006495800.1_5,PA-X,PA-X protein,203,neutral,0.23,0.155,-,0.665,"K:N:4,K:R:9,K:K:2",1,0.494,K,"K:2523,N:4,-:8,R:33,?:1"
GCF_000864105.1_noTerminalStopCodon.part_lcl__NC_007359.1_cds_YP_006495800.1_5,PA-X,PA-X protein,204,positive,0.874,0.13,-,0.003,"D:Y:2,D:N:14,D:G:11,G:S:2,G:G:1",1,0.002,D,"D:2153,-:8,Y:2,N:189,G:214,?:1,S:2"
GCF_000864105.1_noTerminalStopCodon.part_lcl__NC_007359.1_cds_YP_006495800.1_5,PA-X,PA-X protein,205,neutral,0,0.07,-,0.49,"L:S:1,L:W:1,C:L:1,L:L:2",1,0.667,L,"L:2558,-:8,S:1,W:1,C:1"
GCF_000864105.1_noTerminalStopCodon.part_lcl__NC_007359.1_cds_YP_006495800.1_5,PA-X,PA-X protein,206,neutral,0.273,0.609,-,0.218,"K:T:7,K:K:6,?:K:1,K:R:10,K:N:4,K:V:1,E:K:2",1,0.074,K,"K:2524,T:11,?:2,-:8,R:17,N:4,V:1,E:2"
GCF_000864105.1_noTerminalStopCodon.part_lcl__NC_007359.1_cds_YP_006495800.1_5,PA-X,PA-X protein,207,neutral,0.731,0.818,-,0.804,"S:S:9,L:S:15,L:L:4",1,0.667,S,"S:2137,L:423,-:8,?:1"
GCF_000864105.1_noTerminalStopCodon.part_lcl__NC_007359.1_cds_YP_006495800.1_5,PA-X,PA-X protein,208,positive,0.921,0.235,-,0.019,"K:Q:4,Q:R:5,Q:Q:2,P:Q:3,L:Q:4,L:M:1,L:L:2,L:P:2,E:Q:2",1,0.02,Q,"Q:2353,K:8,-:9,R:6,P:7,L:180,M:3,E:2,?:1"
GCF_000864105.1_noTerminalStopCodon.part_lcl__NC_007359.1_cds_YP_006495800.1_5,PA-X,PA-X protein,209,neutral,0.651,0.309,-,0.212,"E:G:27,E:E:4,G:V:1,E:V:1,E:P:1,E:I:1,A:E:1,E:K:1",0.4783249393129028,0.182,E,"E:2384,G:168,-:9,V:4,P:1,I:1,A:1,K:1"
GCF_000864105.1_noTerminalStopCodon.part_lcl__NC_007359.1_cds_YP_006495800.1_5,PA-X,PA-X protein,210,neutral,0.294,0.411,-,0.583,"L:P:9,P:Q:7,L:L:1,P:P:6,P:S:1,P:T:2,G:P:1",1,0.656,P,"P:2473,L:54,-:9,Q:27,S:1,T:2,G:1,?:2"
GCF_000864105.1_noTerminalStopCodon.part_lcl__NC_007359.1_cds_YP_006495800.1_5,PA-X,PA-X protein,211,neutral,0.173,0.167,-,0.974,"C:Y:5,C:F:2,C:C:2,C:R:2,C:D:1",1,0.632,C,"C:2546,Y:9,F:3,-:8,R:2,D:1"
GCF_000864105.1_noTerminalStopCodon.part_lcl__NC_007359.1_cds_YP_006495800.1_5,PA-X,PA-X protein,212,neutral,0.563,0.199,-,0.099,"A:V:15,A:E:4,A:G:1,A:A:3,A:T:3,A:M:1",1,0.016,A,"A:2435,V:29,-:8,E:6,G:86,T:4,M:1"
GCF_000864105.1_noTerminalStopCodon.part_lcl__NC_007359.1_cds_YP_006495800.1_5,PA-X,PA-X protein,213,positive,0.546,0.113,-,0.023,"G:R:1,G:S:7,C:G:2,D:G:11,G:G:2,G:V:3,G:L:1",1,0.003,G,"G:2344,R:1,S:10,C:3,-:8,D:180,V:21,L:1,?:1"
GCF_000864105.1_noTerminalStopCodon.part_lcl__NC_007359.1_cds_YP_006495800.1_5,PA-X,PA-X protein,214,neutral,0.458,0.103,-,0.058,"L:S:10,S:S:1,L:L:2",1,0.062,L,"L:2330,S:228,?:1,-:10"
GCF_000864105.1_noTerminalStopCodon.part_lcl__NC_007359.1_cds_YP_006495800.1_5,PA-X,PA-X protein,215,neutral,0.842,0.969,-,0.684,"L:P:25,P:P:22,P:Q:11,L:R:1,L:L:1,P:R:1,P:S:1",1,0.081,P,"L:264,P:2191,-:10,Q:96,?:5,R:2,S:1"
GCF_000864105.1_noTerminalStopCodon.part_lcl__NC_007359.1_cds_YP_006495800.1_5,PA-X,PA-X protein,216,positive,0.519,0.109,-,0.026,"I:T:17,A:T:6,N:T:2,T:T:2",1,0.012,T,"T:2495,I:43,-:10,A:10,N:10,?:1"
GCF_000864105.1_noTerminalStopCodon.part_lcl__NC_007359.1_cds_YP_006495800.1_5,PA-X,PA-X protein,217,neutral,0,0,-,1,"K:R:6,A:K:1",1,0.667,K,"K:2552,R:6,-:10,A:1"
GCF_000864105.1_noTerminalStopCodon.part_lcl__NC_007359.1_cds_YP_006495800.1_5,PA-X,PA-X protein,218,positive,1.01,0.339,"overall,volume",0.019,"A:V:31,V:V:5,I:V:1",0.028813546,0.017,V,"A:306,V:2252,-:9,I:1,?:1"
GCF_000864105.1_noTerminalStopCodon.part_lcl__NC_007359.1_cds_YP_006495800.1_5,PA-X,PA-X protein,219,positive,1.169,0,-,0,"F:S:26,S:Y:2,F:G:1,F:L:1,F:Y:2",1,0,S,"F:1032,S:1482,Y:41,-:9,G:1,L:1,?:3"
GCF_000864105.1_noTerminalStopCodon.part_lcl__NC_007359.1_cds_YP_006495800.1_5,PA-X,PA-X protein,220,neutral,0.582,0.16,-,0.064,"H:R:8,L:R:2,H:Q:3,L:P:3,H:H:2,H:L:1,H:P:6",1,0.041,H,"H:2303,L:11,R:54,-:7,Q:4,P:182,?:8"
GCF_000864105.1_noTerminalStopCodon.part_lcl__NC_007359.1_cds_YP_006495800.1_5,PA-X,PA-X protein,221,neutral,0.13,0.233,-,0.568,"L:R:10,R:R:5,Q:R:1,R:V:1",1,0.667,R,"R:2537,L:20,-:7,Q:1,?:3,V:1"
GCF_000864105.1_noTerminalStopCodon.part_lcl__NC_007359.1_cds_YP_006495800.1_5,PA-X,PA-X protein,222,positive,0.651,0.046,-,0.001,"I:T:14,A:T:9,I:V:1,N:T:2,T:T:1,L:T:1",1,0.001,T,"T:2500,-:7,I:27,A:25,V:1,N:8,L:1"
GCF_000864105.1_noTerminalStopCodon.part_lcl__NC_007359.1_cds_YP_006495800.1_5,PA-X,PA-X protein,223,negative,0.205,0.971,-,0.006,"S:S:18,S:T:1,K:S:1,K:R:1,K:K:1",0.2514573931823429,0.002,S,"S:2559,-:7,T:1,R:1,K:1"
GCF_000864105.1_noTerminalStopCodon.part_lcl__NC_007359.1_cds_YP_006495800.1_5,PA-X,PA-X protein,224,neutral,0.134,0.348,-,0.2,"P:T:2,P:Q:2,P:S:2,L:P:1,P:P:6",1,0.631,P,"P:2545,T:12,-:6,Q:3,S:2,L:1"
GCF_000864105.1_noTerminalStopCodon.part_lcl__NC_007359.1_cds_YP_006495800.1_5,PA-X,PA-X protein,225,negative,0.208,0.947,-,0.005,"A:T:5,A:A:13,A:M:1,A:V:1,A:C:1",1,0.667,A,"A:2554,-:5,T:7,M:1,V:1,C:1"
GCF_000864105.1_noTerminalStopCodon.part_lcl__NC_007359.1_cds_YP_006495800.1_5,PA-X,PA-X protein,226,neutral,0.199,0.282,-,0.737,"L:L:7,L:S:3,F:L:1,L:V:1,L:P:1",1,0.369,L,"L:2551,-:5,S:10,F:1,V:1,P:1"
GCF_000864105.1_noTerminalStopCodon.part_lcl__NC_007359.1_cds_YP_006495800.1_5,PA-X,PA-X protein,227,neutral,0.611,0.314,-,0.273,"K:R:16,K:N:3,E:K:4,K:K:1,R:R:1,R:S:1,L:R:1,K:T:1",1,0.024,K,"K:2489,R:47,-:7,N:3,E:20,S:1,L:1,T:1"
GCF_000864105.1_noTerminalStopCodon.part_lcl__NC_007359.1_cds_YP_006495800.1_5,PA-X,PA-X protein,228,positive,0.848,0.052,-,0,"I:T:13,A:T:5,N:T:2,I:I:1,I:N:2,G:T:1,G:G:1,E:G:1",1,0,T,"T:2217,-:8,I:309,?:2,A:16,N:15,G:1,E:1"
GCF_000864105.1_noTerminalStopCodon.part_lcl__NC_007359.1_cds_YP_006495800.1_5,PA-X,PA-X protein,229,neutral,0,0.046,-,0.522,"L:S:2,L:R:1,I:L:1",1,0.667,L,"L:2557,-:8,S:2,R:1,I:1"
GCF_000864105.1_noTerminalStopCodon.part_lcl__NC_007359.1_cds_YP_006495800.1_5,PA-X,PA-X protein,230,negative,0.089,1.153,-,0,"E:E:21,E:K:2,E:S:1,E:G:2,D:E:1",1,0.667,E,"E:2555,-:8,K:2,S:1,G:2,D:1"
GCF_000864105.1_noTerminalStopCodon.part_lcl__NC_007359.1_cds_YP_006495800.1_5,PA-X,PA-X protein,231,neutral,0.127,0.05,-,0.427,"P:S:8,L:P:1,H:P:3,D:P:1",1,0.364,P,"P:2546,-:7,S:11,L:1,H:3,D:1"
GCF_000864105.1_noTerminalStopCodon.part_lcl__NC_007359.1_cds_YP_006495800.1_5,PA-X,PA-X protein,232,negative,0.124,79.111,-,0,"L:M:2,C:M:1,M:T:1",0.2885605011387571,0.667,M,"M:2558,-:6,L:2,C:1,T:2"
GCF_000864105.1_noTerminalStopCodon.part_lcl__NC_007359.1_cds_YP_006495800.1_5,PA-X,PA-X protein,233,negative,0,10000,-,0,"W:Y:1,L:W:1,R:W:1",1,0.667,W,"W:2558,-:8,Y:1,L:1,R:1"
GCF_000864105.1_noTerminalStopCodon.part_lcl__NC_007359.1_cds_YP_006495800.1_5,PA-X,PA-X protein,234,negative,0.095,7.339,-,0.002,"M:T:7,M:V:1,L:M:1,L:L:1",1,0.667,M,"M:2552,T:8,-:6,V:1,L:2"
GCF_000864105.1_noTerminalStopCodon.part_lcl__NC_007359.1_cds_YP_006495800.1_5,PA-X,PA-X protein,235,neutral,0.363,0.091,"overall,bipolar,structure,volume,composition,charge",0.153,"D:G:8,D:P:1,P:R:2,P:P:1",0.028129148,0,D,"D:2547,-:6,G:12,R:2,P:2"
GCF_000864105.1_noTerminalStopCodon.part_lcl__NC_007359.1_cds_YP_006495800.1_5,PA-X,PA-X protein,236,negative,0.346,1.329,-,0.003,"S:S:24,L:S:13,A:S:2,L:L:1,A:T:2,A:A:1,A:D:1",1,0.667,S,"S:2442,?:5,-:5,L:112,A:2,T:2,D:1"
GCF_000864105.1_noTerminalStopCodon.part_lcl__NC_007359.1_cds_YP_006495800.1_5,PA-X,PA-X protein,237,neutral,0.468,0.543,-,0.804,"N:S:13,K:N:1,D:N:2,N:N:6,G:N:1,A:G:1,G:G:1,H:N:2",1,0.067,N,"N:2531,S:24,-:5,?:2,K:1,D:2,A:1,G:1,H:2"
GCF_000864105.1_noTerminalStopCodon.part_lcl__NC_007359.1_cds_YP_006495800.1_5,PA-X,PA-X protein,238,neutral,0.251,0.098,-,0.454,"Q:R:8,G:R:2,R:R:1,K:R:1,I:R:1,P:R:1,L:R:1",1,0.197,R,"R:2544,-:5,Q:9,G:2,?:5,K:1,I:1,P:1,L:1"
GCF_000864105.1_noTerminalStopCodon.part_lcl__NC_007359.1_cds_YP_006495800.1_5,PA-X,PA-X protein,239,neutral,0.127,0.368,-,0.14,"M:T:11,T:T:8,G:T:1,P:T:1,A:T:2",1,0.667,T,"T:2527,-:5,M:32,?:1,G:1,P:1,A:2"
GCF_000864105.1_noTerminalStopCodon.part_lcl__NC_007359.1_cds_YP_006495800.1_5,PA-X,PA-X protein,240,neutral,0.186,0.32,-,0.458,"A:A:4,A:D:5,A:V:3,A:S:1,S:S:1,L:S:1,Q:S:1,C:S:1,A:T:1",0.1358346076379944,0.129,A,"A:2548,-:6,D:7,V:3,S:1,L:1,Q:1,C:1,T:1"
GCF_000864105.1_noTerminalStopCodon.part_lcl__NC_007359.1_cds_YP_006495800.1_5,PA-X,PA-X protein,241,neutral,0.278,0.226,-,0.77,"A:T:11,A:V:6,A:S:1,A:K:1,A:P:1,A:A:1",1,0.535,A,"A:2518,T:31,V:11,-:6,S:1,K:1,P:1"
GCF_000864105.1_noTerminalStopCodon.part_lcl__NC_007359.1_cds_YP_006495800.1_5,PA-X,PA-X protein,242,neutral,0.214,0.015,-,0.193,"L:S:1,A:L:1,A:I:1,A:M:1,L:Q:1",1,0.068,L,"L:2559,-:5,S:1,I:1,A:1,M:1,Q:1"
GCF_000864105.1_noTerminalStopCodon.part_lcl__NC_007359.1_cds_YP_006495800.1_5,PA-X,PA-X protein,243,neutral,0.064,0.087,-,0.805,"K:R:12,R:R:1,M:R:1,G:R:1",1,0.667,R,"R:2549,-:5,K:13,M:1,G:1"
GCF_000864105.1_noTerminalStopCodon.part_lcl__NC_007359.1_cds_YP_006495800.1_5,PA-X,PA-X protein,244,neutral,0.303,0.122,-,0.264,"A:E:4,A:V:2,A:A:1,A:M:1,A:G:1,A:S:1,P:S:1",1,0.065,A,"A:2551,-:5,E:4,V:4,M:1,G:2,P:1,S:1"
GCF_000864105.1_noTerminalStopCodon.part_lcl__NC_007359.1_cds_YP_006495800.1_5,PA-X,PA-X protein,245,neutral,0.314,0.082,-,0.162,"N:S:9,D:S:1,R:S:1,K:R:2,M:R:1",1,0.156,S,"N:762,S:1794,-:5,D:1,K:2,R:2,M:1,?:2"
GCF_000864105.1_noTerminalStopCodon.part_lcl__NC_007359.1_cds_YP_006495800.1_5,PA-X,PA-X protein,246,neutral,0.457,0.123,-,0.111,"F:L:5,F:F:1,F:W:1,A:F:1,F:S:3",1,0,F,"F:2549,-:5,L:8,W:1,A:2,S:4"
GCF_000864105.1_noTerminalStopCodon.part_lcl__NC_007359.1_cds_YP_006495800.1_5,PA-X,PA-X protein,247,positive,0.435,0.057,-,0.027,"H:L:3,L:P:8,L:Y:1,G:Y:1,L:L:3",1,0.007,L,"L:2533,H:8,P:20,-:5,G:1,Y:2"
GCF_000864105.1_noTerminalStopCodon.part_lcl__NC_007359.1_cds_YP_006495800.1_5,PA-X,PA-X protein,248,neutral,0.167,0.288,"overall,bipolar,structure,charge",0.557,"K:N:4,K:R:9,K:Q:1,R:R:2,M:R:1,R:Y:1,L:R:1,K:T:1",0.001982633,0.006,K,"K:2544,N:4,?:1,-:3,R:12,Q:1,M:1,Y:1,L:1,T:1"
GCF_000864105.1_noTerminalStopCodon.part_lcl__NC_007359.1_cds_YP_006495800.1_5,PA-X,PA-X protein,249,neutral,0.161,0.529,-,0.093,"C:C:7,C:E:1,C:M:1,M:V:1",0.062608926,0,C,"C:2563,-:3,E:1,V:1,M:1"
GCF_000864105.1_noTerminalStopCodon.part_lcl__NC_007359.1_cds_YP_006495800.1_5,PA-X,PA-X protein,250,positive,0.876,0,-,0,"Q:R:5,P:Q:4,L:P:1,Q:T:1,M:Q:1,M:R:1,D:M:1",1,0,Q,"Q:2177,-:3,R:10,P:372,L:1,T:1,M:4,D:1"
GCF_000864105.1_noTerminalStopCodon.part_lcl__NC_007359.1_cds_YP_006495800.1_5,PA-X,PA-X protein,251,positive,0.748,0.223,-,0.037,"E:K:6,K:R:10,G:R:1,K:K:3,R:R:1,K:T:1,M:T:1,M:R:1,D:M:1,T:T:1,A:T:1",1,0.009,K,"K:2283,-:3,E:10,R:258,G:9,?:1,D:1,M:2,T:1,A:1"
GCF_000864105.1_noTerminalStopCodon.part_lcl__NC_007359.1_cds_YP_006495800.1_5,PA-X,PA-X protein,252,positive,1.059,0.126,-,0.001,"K:R:16,E:K:4,K:K:1,R:R:2,R:S:1,Q:R:1,N:R:1,L:R:1,G:R:1",0.6377527977632405,0,K,"R:437,K:2116,E:6,?:1,-:3,S:1,Q:2,N:1,L:1,G:1"
GCF_000864105.1_noTerminalStopCodon.part_lcl__NC_007359.1_cds_YP_308666.1_4,PA,polymerase,1,neutral,0,0,-,1,K:M:1,1,1,M,"M:4072,?:211,K:1"
GCF_000864105.1_noTerminalStopCodon.part_lcl__NC_007359.1_cds_YP_308666.1_4,PA,polymerase,2,negative,0.054,1.081,-,0,"D:E:1,E:R:1,E:E:17,E:G:1",1,0.667,E,"E:4082,?:198,D:2,R:1,G:1"
GCF_000864105.1_noTerminalStopCodon.part_lcl__NC_007359.1_cds_YP_308666.1_4,PA,polymerase,3,negative,0.098,1.142,-,0,"D:E:4,D:G:4,D:D:16,D:Y:1,D:N:6",1,0.667,D,"D:4060,?:194,E:18,G:5,Y:1,N:6"
GCF_000864105.1_noTerminalStopCodon.part_lcl__NC_007359.1_cds_YP_308666.1_4,PA,polymerase,4,neutral,0.108,0.329,-,0.173,"F:F:5,F:L:5,F:S:1,C:F:1",1,0.667,F,"F:4090,?:184,L:8,S:1,C:1"
GCF_000864105.1_noTerminalStopCodon.part_lcl__NC_007359.1_cds_YP_308666.1_4,PA,polymerase,5,neutral,0.22,0.298,-,0.618,"V:V:8,M:V:7,A:V:2,L:V:1",1,0.666,V,"V:4078,?:183,M:9,A:8,L:6"
GCF_000864105.1_noTerminalStopCodon.part_lcl__NC_007359.1_cds_YP_308666.1_4,PA,polymerase,6,negative,0,0.627,-,0,R:R:17,1,0.667,R,"R:4107,?:177"
GCF_000864105.1_noTerminalStopCodon.part_lcl__NC_007359.1_cds_YP_308666.1_4,PA,polymerase,7,negative,0,0.999,-,0,"Q:Q:17,K:Q:1,Q:R:1,Q:T:1,P:Q:2",1,0.667,Q,"Q:4108,?:171,K:1,R:1,T:1,P:2"
GCF_000864105.1_noTerminalStopCodon.part_lcl__NC_007359.1_cds_YP_308666.1_4,PA,polymerase,8,negative,0.049,0.491,-,0.006,"C:Y:3,C:C:7",1,0.667,C,"C:4111,?:169,Y:4"
GCF_000864105.1_noTerminalStopCodon.part_lcl__NC_007359.1_cds_YP_308666.1_4,PA,polymerase,9,negative,0,0.92,-,0,"F:F:13,F:Y:1",1,0.667,F,"F:4116,?:167,Y:1"
GCF_000864105.1_noTerminalStopCodon.part_lcl__NC_007359.1_cds_YP_308666.1_4,PA,polymerase,10,negative,0.05,1.482,-,0,"N:N:20,N:T:1,H:N:12,I:N:1,D:N:1,N:S:4",1,0.667,N,"N:4113,?:151,T:1,H:12,I:1,D:1,S:5"
GCF_000864105.1_noTerminalStopCodon.part_lcl__NC_007359.1_cds_YP_308666.1_4,PA,polymerase,11,negative,0,0.764,-,0,"P:P:16,P:S:1,L:P:1",1,0.667,P,"P:4135,?:147,S:1,L:1"
GCF_000864105.1_noTerminalStopCodon.part_lcl__NC_007359.1_cds_YP_308666.1_4,PA,polymerase,12,neutral,0.034,0.021,-,0.985,"K:M:1,I:M:5,L:M:1",1,0.667,M,"M:4208,K:1,?:67,I:7,L:1"
GCF_000864105.1_noTerminalStopCodon.part_lcl__NC_007359.1_cds_YP_308666.1_4,PA,polymerase,13,negative,0.428,1.631,-,0,"I:V:15,I:I:30,I:T:2",1,0.667,I,"I:4134,?:67,V:80,T:3"
GCF_000864105.1_noTerminalStopCodon.part_lcl__NC_007359.1_cds_YP_308666.1_4,PA,polymerase,14,negative,0.162,0.57,-,0.032,"V:V:12,I:V:3,A:V:5",1,0.628,V,"V:4209,?:60,I:9,A:6"
GCF_000864105.1_noTerminalStopCodon.part_lcl__NC_007359.1_cds_YP_308666.1_4,PA,polymerase,15,negative,0.055,0.456,-,0.008,"D:E:2,E:E:11",1,0.667,E,"E:4222,?:58,D:4"
GCF_000864105.1_noTerminalStopCodon.part_lcl__NC_007359.1_cds_YP_308666.1_4,PA,polymerase,16,negative,0,0.182,-,0.032,"L:L:4,I:L:1",1,0.667,L,"L:4227,?:56,I:1"
GCF_000864105.1_noTerminalStopCodon.part_lcl__NC_007359.1_cds_YP_308666.1_4,PA,polymerase,17,negative,0,0.619,-,0,"A:A:17,A:S:1,A:V:1",1,0.667,A,"A:4226,?:56,S:1,V:1"
GCF_000864105.1_noTerminalStopCodon.part_lcl__NC_007359.1_cds_YP_308666.1_4,PA,polymerase,18,neutral,0.214,0.439,-,0.228,"E:K:2,E:G:11,E:E:8",1,0.072,E,"E:4212,?:52,K:2,G:18"
GCF_000864105.1_noTerminalStopCodon.part_lcl__NC_007359.1_cds_YP_308666.1_4,PA,polymerase,19,negative,0.108,1.123,-,0,"K:K:24,K:R:8,K:Q:1",1,0.667,K,"K:4211,?:53,R:13,Q:7"
GCF_000864105.1_noTerminalStopCodon.part_lcl__NC_007359.1_cds_YP_308666.1_4,PA,polymerase,20,neutral,0.282,0.172,-,0.439,"A:T:25,A:V:3,A:A:4,A:E:1",1,0.353,A,"A:3939,T:283,?:50,V:11,E:1"
GCF_000864105.1_noTerminalStopCodon.part_lcl__NC_007359.1_cds_YP_308666.1_4,PA,polymerase,21,neutral,0,0,-,1,"L:M:1,M:T:1,I:M:2",1,0.667,M,"M:4235,?:45,L:1,T:1,I:2"
GCF_000864105.1_noTerminalStopCodon.part_lcl__NC_007359.1_cds_YP_308666.1_4,PA,polymerase,22,negative,0.266,1.169,-,0.001,"K:K:21,K:R:14",1,0.47,K,"K:4224,?:41,R:19"
GCF_000864105.1_noTerminalStopCodon.part_lcl__NC_007359.1_cds_YP_308666.1_4,PA,polymerase,23,negative,0,1.427,-,0,"E:E:25,E:G:2,E:V:1",1,0.667,E,"E:4240,?:41,G:2,V:1"
GCF_000864105.1_noTerminalStopCodon.part_lcl__NC_007359.1_cds_YP_308666.1_4,PA,polymerase,24,neutral,0.204,0.447,-,0.239,"Y:Y:7,H:Y:9",1,0.045,Y,"Y:4228,?:41,H:15"
GCF_000864105.1_noTerminalStopCodon.part_lcl__NC_007359.1_cds_YP_308666.1_4,PA,polymerase,25,negative,0,0.598,-,0,G:G:16,1,0.667,G,"G:4244,?:40"
GCF_000864105.1_noTerminalStopCodon.part_lcl__NC_007359.1_cds_YP_308666.1_4,PA,polymerase,26,negative,0,0.937,-,0,"E:E:17,E:G:1",1,0.667,E,"E:4244,?:39,G:1"
GCF_000864105.1_noTerminalStopCodon.part_lcl__NC_007359.1_cds_YP_308666.1_4,PA,polymerase,27,negative,0.242,1.919,-,0,"D:N:11,D:D:25,D:Y:2,N:N:1,N:S:3,S:S:3,N:T:1,D:G:3",1,0.667,D,"D:3906,?:40,N:120,Y:2,S:207,T:6,G:3"
GCF_000864105.1_noTerminalStopCodon.part_lcl__NC_007359.1_cds_YP_308666.1_4,PA,polymerase,28,negative,0.251,1.207,-,0,"P:P:32,P:Q:3,P:S:3,L:P:6,P:T:3",1,0.667,P,"P:4192,?:41,Q:5,S:6,L:34,T:6"
GCF_000864105.1_noTerminalStopCodon.part_lcl__NC_007359.1_cds_YP_308666.1_4,PA,polymerase,29,neutral,0.211,0.481,-,0.163,"K:K:8,K:R:8,G:K:1,I:K:1,E:K:1",1,0.242,K,"K:4225,?:39,R:17,G:1,I:1,E:1"
GCF_000864105.1_noTerminalStopCodon.part_lcl__NC_007359.1_cds_YP_308666.1_4,PA,polymerase,30,negative,0.106,1.771,-,0,"I:I:35,I:T:3,I:L:2,I:V:8,I:S:1",1,0.667,I,"I:4229,?:39,T:4,L:2,V:9,S:1"
GCF_000864105.1_noTerminalStopCodon.part_lcl__NC_007359.1_cds_YP_308666.1_4,PA,polymerase,31,negative,0.053,0.815,-,0,"E:E:17,E:G:2,E:K:6,E:Q:1",1,0.667,E,"E:4232,?:41,G:2,K:8,Q:1"
GCF_000864105.1_noTerminalStopCodon.part_lcl__NC_007359.1_cds_YP_308666.1_4,PA,polymerase,32,negative,0.096,1.434,-,0,"A:T:3,T:T:33,N:T:2,S:T:1,I:T:3",1,0.667,T,"T:4233,?:40,A:4,N:3,S:1,I:3"
GCF_000864105.1_noTerminalStopCodon.part_lcl__NC_007359.1_cds_YP_308666.1_4,PA,polymerase,33,negative,0,1.13,-,0,"N:N:17,D:N:1,N:S:1",1,0.667,N,"N:4243,?:39,D:1,S:1"
GCF_000864105.1_noTerminalStopCodon.part_lcl__NC_007359.1_cds_YP_308666.1_4,PA,polymerase,34,negative,0.053,1.098,-,0,"K:K:20,K:R:1",1,0.667,K,"K:4234,?:40,R:10"
GCF_000864105.1_noTerminalStopCodon.part_lcl__NC_007359.1_cds_YP_308666.1_4,PA,polymerase,35,negative,0.057,1.355,-,0,"F:Y:1,F:L:5,F:F:20",1,0.667,F,"F:4238,?:39,Y:1,L:6"
GCF_000864105.1_noTerminalStopCodon.part_lcl__NC_007359.1_cds_YP_308666.1_4,PA,polymerase,36,negative,0.046,2.273,-,0,"A:V:1,A:A:45,A:T:3,A:S:1",1,0.667,A,"A:4234,?:42,V:4,T:3,S:1"
GCF_000864105.1_noTerminalStopCodon.part_lcl__NC_007359.1_cds_YP_308666.1_4,PA,polymerase,37,negative,0.047,0.475,-,0.003,"A:S:2,A:A:11,A:T:1",1,0.667,A,"A:4241,?:38,S:4,T:1"
GCF_000864105.1_noTerminalStopCodon.part_lcl__NC_007359.1_cds_YP_308666.1_4,PA,polymerase,38,neutral,0.039,0,-,0.535,"I:T:3,I:L:1,I:V:7,I:M:3",1,0.453,I,"I:4232,?:37,T:3,L:1,V:8,M:3"
GCF_000864105.1_noTerminalStopCodon.part_lcl__NC_007359.1_cds_YP_308666.1_4,PA,polymerase,39,negative,0,0.613,-,0,"C:C:9,C:R:1",1,0.667,C,"C:4245,?:38,R:1"
GCF_000864105.1_noTerminalStopCodon.part_lcl__NC_007359.1_cds_YP_308666.1_4,PA,polymerase,40,negative,0.048,0.899,-,0,"T:T:20,M:T:1",1,0.667,T,"T:4246,?:36,M:2"
GCF_000864105.1_noTerminalStopCodon.part_lcl__NC_007359.1_cds_YP_308666.1_4,PA,polymerase,41,negative,0,1.386,-,0,H:H:20,1,0.667,H,"H:4255,?:29"
GCF_000864105.1_noTerminalStopCodon.part_lcl__NC_007359.1_cds_YP_308666.1_4,PA,polymerase,42,negative,0,1.402,-,0,L:L:40,1,0.667,L,"L:4255,?:29"
GCF_000864105.1_noTerminalStopCodon.part_lcl__NC_007359.1_cds_YP_308666.1_4,PA,polymerase,43,negative,0,0.838,-,0,E:E:16,1,0.667,E,"E:4254,?:30"
GCF_000864105.1_noTerminalStopCodon.part_lcl__NC_007359.1_cds_YP_308666.1_4,PA,polymerase,44,negative,0.108,0.806,-,0.001,"V:V:17,I:V:9,A:V:3,G:V:1",1,0.667,V,"V:4240,?:29,I:10,A:4,G:1"
GCF_000864105.1_noTerminalStopCodon.part_lcl__NC_007359.1_cds_YP_308666.1_4,PA,polymerase,45,negative,0,1.266,-,0,"C:C:19,C:S:1",1,0.667,C,"C:4254,?:29,S:1"
GCF_000864105.1_noTerminalStopCodon.part_lcl__NC_007359.1_cds_YP_308666.1_4,PA,polymerase,46,negative,0,0.271,-,0.012,"F:F:4,F:L:3",1,0.667,F,"F:4255,?:26,L:3"
GCF_000864105.1_noTerminalStopCodon.part_lcl__NC_007359.1_cds_YP_308666.1_4,PA,polymerase,47,neutral,0,0,-,1,NA,1,1,M,"M:4259,?:25"
GCF_000864105.1_noTerminalStopCodon.part_lcl__NC_007359.1_cds_YP_308666.1_4,PA,polymerase,48,negative,0,1.525,-,0,"Y:Y:23,F:Y:1",1,0.667,Y,"Y:4258,?:25,F:1"
GCF_000864105.1_noTerminalStopCodon.part_lcl__NC_007359.1_cds_YP_308666.1_4,PA,polymerase,49,negative,0,1.551,-,0,S:S:40,1,0.667,S,"S:4256,?:28"
GCF_000864105.1_noTerminalStopCodon.part_lcl__NC_007359.1_cds_YP_308666.1_4,PA,polymerase,50,negative,0,0.975,-,0,D:D:15,1,0.667,D,"D:4252,?:32"
GCF_000864105.1_noTerminalStopCodon.part_lcl__NC_007359.1_cds_YP_308666.1_4,PA,polymerase,51,negative,0,1.393,-,0,"F:F:20,F:L:3",1,0.667,F,"F:4257,?:24,L:3"
GCF_000864105.1_noTerminalStopCodon.part_lcl__NC_007359.1_cds_YP_308666.1_4,PA,polymerase,52,negative,0,2.706,-,0,"H:N:1,H:H:39,H:Q:1",1,0.667,H,"H:4257,?:25,N:1,Q:1"
GCF_000864105.1_noTerminalStopCodon.part_lcl__NC_007359.1_cds_YP_308666.1_4,PA,polymerase,53,negative,0,1.453,-,0,"F:F:22,F:S:1",1,0.667,F,"F:4258,?:25,S:1"
GCF_000864105.1_noTerminalStopCodon.part_lcl__NC_007359.1_cds_YP_308666.1_4,PA,polymerase,54,negative,0.151,0.716,-,0.007,"I:V:7,I:I:12,I:M:1,I:T:1",1,0.651,I,"I:4246,?:25,V:11,M:1,T:1"
GCF_000864105.1_noTerminalStopCodon.part_lcl__NC_007359.1_cds_YP_308666.1_4,PA,polymerase,55,negative,0.145,1.058,-,0,"D:N:11,D:D:16",1,0.667,D,"D:4245,?:25,N:14"
GCF_000864105.1_noTerminalStopCodon.part_lcl__NC_007359.1_cds_YP_308666.1_4,PA,polymerase,56,negative,0.267,1.566,-,0,"E:E:26,D:E:7,E:G:4,E:Q:1,E:V:1",1,0.667,E,"E:4237,?:25,D:11,G:6,Q:1,V:4"
GCF_000864105.1_noTerminalStopCodon.part_lcl__NC_007359.1_cds_YP_308666.1_4,PA,polymerase,57,negative,0.509,1.883,-,0,"R:R:48,Q:R:10,R:T:1,K:R:1,L:R:2",1,0.667,R,"R:4128,?:23,Q:128,T:1,K:2,L:2"
GCF_000864105.1_noTerminalStopCodon.part_lcl__NC_007359.1_cds_YP_308666.1_4,PA,polymerase,58,negative,0.169,1.535,-,0,"G:S:10,G:G:25,S:S:3,N:S:2,E:G:1",1,0.667,G,"G:4019,?:25,S:235,N:4,E:1"
GCF_000864105.1_noTerminalStopCodon.part_lcl__NC_007359.1_cds_YP_308666.1_4,PA,polymerase,59,neutral,0.651,0.933,-,0.342,"E:E:15,E:G:12,E:K:18,D:E:3,D:N:1,D:D:1,A:E:1",1,0.667,E,"E:4123,?:24,G:19,K:88,N:7,D:22,A:1"
GCF_000864105.1_noTerminalStopCodon.part_lcl__NC_007359.1_cds_YP_308666.1_4,PA,polymerase,60,negative,0.066,0.569,-,0.005,"P:S:5,S:S:12,?:S:1,L:S:1",1,0.667,S,"S:4253,?:24,P:5,L:2"
GCF_000864105.1_noTerminalStopCodon.part_lcl__NC_007359.1_cds_YP_308666.1_4,PA,polymerase,61,neutral,0.557,0.522,-,0.927,"I:M:16,I:L:2,I:T:16,I:V:3,I:W:1,T:T:1,M:T:1,M:V:1",1,0.203,M,"M:2507,?:25,I:1618,L:2,T:125,V:6,W:1"
GCF_000864105.1_noTerminalStopCodon.part_lcl__NC_007359.1_cds_YP_308666.1_4,PA,polymerase,62,negative,0.207,0.894,-,0.004,"I:T:9,I:V:11,I:I:15,I:L:2,V:V:1",1,0.667,I,"I:4227,?:24,T:10,V:21,L:2"
GCF_000864105.1_noTerminalStopCodon.part_lcl__NC_007359.1_cds_YP_308666.1_4,PA,polymerase,63,neutral,0.484,0.879,-,0.129,"V:V:20,L:V:2,I:V:12,G:V:1,A:V:3,M:V:2,A:T:2,A:E:1",1,0.411,V,"V:3960,?:24,L:19,I:29,G:1,A:243,M:2,T:4,E:2"
GCF_000864105.1_noTerminalStopCodon.part_lcl__NC_007359.1_cds_YP_308666.1_4,PA,polymerase,64,negative,0,1.371,-,0,"E:E:24,D:E:2,E:G:1,A:E:5",1,0.667,E,"E:4252,?:24,D:2,G:1,A:5"
GCF_000864105.1_noTerminalStopCodon.part_lcl__NC_007359.1_cds_YP_308666.1_4,PA,polymerase,65,negative,0.334,1.067,-,0.006,"P:S:12,L:S:1,S:S:23,S:T:1,F:S:3,S:Y:1",1,0.29,S,"S:4230,?:24,P:21,L:2,T:1,F:5,Y:1"
GCF_000864105.1_noTerminalStopCodon.part_lcl__NC_007359.1_cds_YP_308666.1_4,PA,polymerase,66,negative,0.127,2.131,-,0,"G:G:42,G:S:6,S:S:1,D:G:5,C:G:2",1,0.667,G,"G:4238,?:26,S:9,D:9,C:2"
GCF_000864105.1_noTerminalStopCodon.part_lcl__NC_007359.1_cds_YP_308666.1_4,PA,polymerase,67,negative,0.097,2.035,-,0,"D:D:30,D:N:4,?:D:1",1,0.667,D,"D:4240,?:30,N:14"
GCF_000864105.1_noTerminalStopCodon.part_lcl__NC_007359.1_cds_YP_308666.1_4,PA,polymerase,68,negative,0.25,1.509,-,0,"P:S:7,P:P:35,P:Q:2,H:P:1,L:P:2",1,0.667,P,"P:4067,?:26,S:178,Q:10,H:1,L:2"
GCF_000864105.1_noTerminalStopCodon.part_lcl__NC_007359.1_cds_YP_308666.1_4,PA,polymerase,69,negative,0,1.058,-,0,"N:N:16,N:S:2,H:N:2",1,0.667,N,"N:4253,?:27,S:2,H:2"
GCF_000864105.1_noTerminalStopCodon.part_lcl__NC_007359.1_cds_YP_308666.1_4,PA,polymerase,70,neutral,0.472,0.929,-,0.071,"A:V:16,A:T:3,A:A:20,A:E:1,A:S:3",1,0.606,A,"A:4147,?:24,V:97,T:10,E:1,S:5"
GCF_000864105.1_noTerminalStopCodon.part_lcl__NC_007359.1_cds_YP_308666.1_4,PA,polymerase,71,negative,0.092,1.881,-,0,"L:L:53,L:S:1,L:V:1",1,0.667,L,"L:4255,?:26,S:1,V:2"
GCF_000864105.1_noTerminalStopCodon.part_lcl__NC_007359.1_cds_YP_308666.1_4,PA,polymerase,72,negative,0,1.104,-,0,"L:L:40,E:L:1",1,0.667,L,"L:4258,?:25,E:1"
GCF_000864105.1_noTerminalStopCodon.part_lcl__NC_007359.1_cds_YP_308666.1_4,PA,polymerase,73,negative,0,1.105,-,0,"K:R:3,K:N:1,K:K:20,K:T:1",1,0.667,K,"K:4255,?:24,R:3,N:1,T:1"
GCF_000864105.1_noTerminalStopCodon.part_lcl__NC_007359.1_cds_YP_308666.1_4,PA,polymerase,74,negative,0,1.265,-,0,H:H:19,1,0.667,H,"H:4259,?:25"
GCF_000864105.1_noTerminalStopCodon.part_lcl__NC_007359.1_cds_YP_308666.1_4,PA,polymerase,75,negative,0.075,1.085,-,0,"Q:R:3,R:R:30",1,0.667,R,"R:4250,?:26,Q:8"
GCF_000864105.1_noTerminalStopCodon.part_lcl__NC_007359.1_cds_YP_308666.1_4,PA,polymerase,76,negative,0,1.185,-,0,"F:F:18,F:Y:1",1,0.667,F,"F:4257,?:26,Y:1"
GCF_000864105.1_noTerminalStopCodon.part_lcl__NC_007359.1_cds_YP_308666.1_4,PA,polymerase,77,negative,0,1.288,-,0,"E:V:1,E:E:28,E:G:3,D:E:1",1,0.667,E,"E:4254,?:25,V:1,G:3,D:1"
GCF_000864105.1_noTerminalStopCodon.part_lcl__NC_007359.1_cds_YP_308666.1_4,PA,polymerase,78,neutral,0.121,0.481,-,0.104,"I:V:3,L:V:1,I:I:1,V:V:2,I:L:3",1,0.189,I,"I:4106,?:26,V:146,L:6"
GCF_000864105.1_noTerminalStopCodon.part_lcl__NC_007359.1_cds_YP_308666.1_4,PA,polymerase,79,negative,0,1.638,-,0,"I:I:30,I:V:1",1,0.667,I,"I:4258,?:25,V:1"
GCF_000864105.1_noTerminalStopCodon.part_lcl__NC_007359.1_cds_YP_308666.1_4,PA,polymerase,80,negative,0,1.317,-,0,E:E:23,1,0.667,E,"E:4258,?:26"
GCF_000864105.1_noTerminalStopCodon.part_lcl__NC_007359.1_cds_YP_308666.1_4,PA,polymerase,81,negative,0,1.133,-,0,"G:G:29,G:R:2",1,0.667,G,"G:4255,?:27,R:2"
GCF_000864105.1_noTerminalStopCodon.part_lcl__NC_007359.1_cds_YP_308666.1_4,PA,polymerase,82,negative,0,1.139,-,0,"R:R:22,K:R:1,I:R:1",1,0.667,R,"R:4257,?:25,K:1,I:1"
GCF_000864105.1_noTerminalStopCodon.part_lcl__NC_007359.1_cds_YP_308666.1_4,PA,polymerase,83,negative,0.048,1.044,-,0,"D:D:15,D:E:1,D:G:3,D:N:1",1,0.667,D,"D:4253,?:24,E:1,G:5,N:1"
GCF_000864105.1_noTerminalStopCodon.part_lcl__NC_007359.1_cds_YP_308666.1_4,PA,polymerase,84,negative,0.068,1.047,-,0,"R:R:27,H:R:1,Q:R:1",1,0.667,R,"R:4255,?:26,H:1,Q:2"
GCF_000864105.1_noTerminalStopCodon.part_lcl__NC_007359.1_cds_YP_308666.1_4,PA,polymerase,85,negative,0.384,1.691,-,0,"A:T:21,A:S:4,A:A:6,T:T:30,P:T:1,N:T:2,A:E:1",1,0.286,A,"T:1759,A:2484,?:27,S:4,P:1,N:8,E:1"
GCF_000864105.1_noTerminalStopCodon.part_lcl__NC_007359.1_cds_YP_308666.1_4,PA,polymerase,86,neutral,0.38,0,-,0.531,"I:M:18,M:S:1,L:M:2,M:V:6,K:M:1",1,0.114,M,"M:4173,?:26,I:29,S:1,L:2,V:52,K:1"
GCF_000864105.1_noTerminalStopCodon.part_lcl__NC_007359.1_cds_YP_308666.1_4,PA,polymerase,87,negative,0,1.047,-,0,"A:A:22,A:G:1,A:V:2",1,0.667,A,"A:4256,?:25,G:1,V:2"
GCF_000864105.1_noTerminalStopCodon.part_lcl__NC_007359.1_cds_YP_308666.1_4,PA,polymerase,88,neutral,0,0,-,1,R:W:2,1,0.667,W,"W:4256,?:26,R:2"
GCF_000864105.1_noTerminalStopCodon.part_lcl__NC_007359.1_cds_YP_308666.1_4,PA,polymerase,89,negative,0,1.008,-,0,"T:T:23,M:T:2,A:T:1",1,0.667,T,"T:4256,?:25,M:2,A:1"
GCF_000864105.1_noTerminalStopCodon.part_lcl__NC_007359.1_cds_YP_308666.1_4,PA,polymerase,90,negative,0.109,1.049,-,0,"V:V:28,L:V:1,M:V:6,A:V:1",1,0.667,V,"V:4246,?:26,L:2,M:6,A:4"
GCF_000864105.1_noTerminalStopCodon.part_lcl__NC_007359.1_cds_YP_308666.1_4,PA,polymerase,91,negative,0.054,1.089,-,0,"V:V:28,M:V:2,A:V:1,I:V:3",1,0.667,V,"V:4252,?:25,M:3,A:1,I:3"
GCF_000864105.1_noTerminalStopCodon.part_lcl__NC_007359.1_cds_YP_308666.1_4,PA,polymerase,92,negative,0,1.317,-,0,"N:N:20,N:Q:1",1,0.667,N,"N:4257,?:26,Q:1"
GCF_000864105.1_noTerminalStopCodon.part_lcl__NC_007359.1_cds_YP_308666.1_4,PA,polymerase,93,negative,0,1.879,-,0,"S:S:28,I:S:1,G:S:4",1,0.667,S,"S:4253,?:26,I:1,G:4"
GCF_000864105.1_noTerminalStopCodon.part_lcl__NC_007359.1_cds_YP_308666.1_4,PA,polymerase,94,negative,0.27,1.88,-,0,"I:V:13,I:I:36,I:L:1,I:M:1",1,0.667,I,"I:4197,?:29,V:56,L:1,M:1"
GCF_000864105.1_noTerminalStopCodon.part_lcl__NC_007359.1_cds_YP_308666.1_4,PA,polymerase,95,negative,0.097,0.753,-,0.001,"C:S:4,C:C:11",1,0.667,C,"C:4250,?:27,S:7"
GCF_000864105.1_noTerminalStopCodon.part_lcl__NC_007359.1_cds_YP_308666.1_4,PA,polymerase,96,neutral,0.099,0.364,-,0.097,"N:N:5,H:N:1,N:P:1,I:N:2,N:S:2",1,0.641,N,"N:4247,?:28,H:1,P:1,I:2,S:5"
GCF_000864105.1_noTerminalStopCodon.part_lcl__NC_007359.1_cds_YP_308666.1_4,PA,polymerase,97,negative,0,1.416,-,0,"T:T:29,I:T:3,S:T:2,A:T:3,N:T:1",1,0.667,T,"T:4248,?:27,I:3,S:2,A:3,N:1"
GCF_000864105.1_noTerminalStopCodon.part_lcl__NC_007359.1_cds_YP_308666.1_4,PA,polymerase,98,negative,0,0.712,-,0,"T:T:17,P:T:1,I:T:1",1,0.667,T,"T:4253,?:29,P:1,I:1"
GCF_000864105.1_noTerminalStopCodon.part_lcl__NC_007359.1_cds_YP_308666.1_4,PA,polymerase,99,negative,0.177,1.145,-,0,"E:G:6,G:G:27,G:R:9,G:W:1",1,0.141,G,"E:8,G:4236,?:28,R:11,W:1"
GCF_000864105.1_noTerminalStopCodon.part_lcl__NC_007359.1_cds_YP_308666.1_4,PA,polymerase,100,negative,0.387,2.434,-,0,"I:V:19,V:V:49,A:V:10,F:V:1",1,0.667,V,"V:4187,?:29,I:50,A:17,F:1"
GCF_000864105.1_noTerminalStopCodon.part_lcl__NC_007359.1_cds_YP_308666.1_4,PA,polymerase,101,negative,0.423,1.427,-,0.001,"E:E:14,E:G:12,E:K:6,D:E:8,D:D:10,D:Y:1,D:N:2,N:N:2,D:G:3,E:Q:1",1,0.667,E,"E:3554,?:28,G:35,K:6,D:524,Y:2,N:134,Q:1"
GCF_000864105.1_noTerminalStopCodon.part_lcl__NC_007359.1_cds_YP_308666.1_4,PA,polymerase,102,negative,0,1.096,-,0,"K:K:24,K:N:1",1,0.667,K,"K:4255,?:28,N:1"
GCF_000864105.1_noTerminalStopCodon.part_lcl__NC_007359.1_cds_YP_308666.1_4,PA,polymerase,103,negative,0,1.251,-,0,P:P:26,1,0.667,P,"P:4257,?:27"
GCF_000864105.1_noTerminalStopCodon.part_lcl__NC_007359.1_cds_YP_308666.1_4,PA,polymerase,104,negative,0.212,1.1,-,0.001,"E:K:2,K:Q:1,K:K:19,K:R:4,R:R:1,K:T:1,K:N:1",1,0.667,K,"K:4179,?:28,E:6,Q:1,R:67,T:1,N:2"
GCF_000864105.1_noTerminalStopCodon.part_lcl__NC_007359.1_cds_YP_308666.1_4,PA,polymerase,105,negative,0.285,1.271,-,0.001,"F:L:10,F:S:3,F:F:18,F:Y:1,S:Y:1",1,0.247,F,"F:4216,?:27,L:12,S:25,Y:4"
GCF_000864105.1_noTerminalStopCodon.part_lcl__NC_007359.1_cds_YP_308666.1_4,PA,polymerase,106,negative,0,0.924,-,0,L:L:20,1,0.667,L,"L:4257,?:27"
GCF_000864105.1_noTerminalStopCodon.part_lcl__NC_007359.1_cds_YP_308666.1_4,PA,polymerase,107,negative,0,1.231,-,0,P:P:27,1,0.667,P,"P:4257,?:27"
GCF_000864105.1_noTerminalStopCodon.part_lcl__NC_007359.1_cds_YP_308666.1_4,PA,polymerase,108,negative,0,1.643,-,0,D:D:25,1,0.667,D,"D:4255,?:29"
GCF_000864105.1_noTerminalStopCodon.part_lcl__NC_007359.1_cds_YP_308666.1_4,PA,polymerase,109,negative,0,1.089,-,0,"L:L:38,L:S:1",1,0.667,L,"L:4254,?:29,S:1"
GCF_000864105.1_noTerminalStopCodon.part_lcl__NC_007359.1_cds_YP_308666.1_4,PA,polymerase,110,negative,0,0.456,-,0.002,"Y:Y:7,F:Y:1",1,0.667,Y,"Y:4254,?:29,F:1"
GCF_000864105.1_noTerminalStopCodon.part_lcl__NC_007359.1_cds_YP_308666.1_4,PA,polymerase,111,negative,0,1.035,-,0,"D:D:15,D:E:1",1,0.667,D,"D:4254,?:29,E:1"
GCF_000864105.1_noTerminalStopCodon.part_lcl__NC_007359.1_cds_YP_308666.1_4,PA,polymerase,112,negative,0,0.822,-,0,Y:Y:12,1,0.667,Y,"Y:4256,?:28"
GCF_000864105.1_noTerminalStopCodon.part_lcl__NC_007359.1_cds_YP_308666.1_4,PA,polymerase,113,negative,0.158,0.918,-,0.001,"K:R:10,K:K:16,K:N:1,K:T:1",1,0.667,K,"K:3358,?:29,R:895,N:1,T:1"
GCF_000864105.1_noTerminalStopCodon.part_lcl__NC_007359.1_cds_YP_308666.1_4,PA,polymerase,114,negative,0,1.235,-,0,"E:E:28,E:K:6,E:G:3",1,0.667,E,"E:4247,?:28,K:6,G:3"
GCF_000864105.1_noTerminalStopCodon.part_lcl__NC_007359.1_cds_YP_308666.1_4,PA,polymerase,115,negative,0.393,1.755,-,0,"N:N:24,K:N:3,N:T:2,N:Y:2,D:N:9,N:S:9",1,0.642,N,"N:4213,?:28,K:3,T:2,Y:6,D:10,S:22"
GCF_000864105.1_noTerminalStopCodon.part_lcl__NC_007359.1_cds_YP_308666.1_4,PA,polymerase,116,negative,0,1.427,-,0,"R:R:38,K:R:1",1,0.667,R,"R:4252,?:31,K:1"
GCF_000864105.1_noTerminalStopCodon.part_lcl__NC_007359.1_cds_YP_308666.1_4,PA,polymerase,117,negative,0,0.89,-,0,F:F:13,1,0.667,F,"F:4259,?:25"
GCF_000864105.1_noTerminalStopCodon.part_lcl__NC_007359.1_cds_YP_308666.1_4,PA,polymerase,118,negative,0.312,1.144,-,0.002,"I:I:13,I:L:1,I:V:6,I:T:4,T:T:8",1,0.498,I,"I:4054,?:26,L:1,V:59,T:144"
GCF_000864105.1_noTerminalStopCodon.part_lcl__NC_007359.1_cds_YP_308666.1_4,PA,polymerase,119,negative,0,0.926,-,0,"E:E:17,D:E:1",1,0.667,E,"E:4257,?:26,D:1"
GCF_000864105.1_noTerminalStopCodon.part_lcl__NC_007359.1_cds_YP_308666.1_4,PA,polymerase,120,neutral,0.103,0.218,-,0.371,"I:V:5,I:I:4,I:L:1",1,0.624,I,"I:4241,?:27,V:15,L:1"
GCF_000864105.1_noTerminalStopCodon.part_lcl__NC_007359.1_cds_YP_308666.1_4,PA,polymerase,121,negative,0,1.152,-,0,G:G:26,1,0.667,G,"G:4259,?:25"
GCF_000864105.1_noTerminalStopCodon.part_lcl__NC_007359.1_cds_YP_308666.1_4,PA,polymerase,122,negative,0,0.883,-,0,"I:V:8,V:V:22,T:V:1",1,0.667,V,"V:4248,I:8,?:27,T:1"
GCF_000864105.1_noTerminalStopCodon.part_lcl__NC_007359.1_cds_YP_308666.1_4,PA,polymerase,123,negative,0,1.447,-,0,T:T:34,1,0.667,T,"T:4260,?:24"
GCF_000864105.1_noTerminalStopCodon.part_lcl__NC_007359.1_cds_YP_308666.1_4,PA,polymerase,124,negative,0,1.58,-,0,R:R:46,1,0.667,R,"R:4261,?:23"
GCF_000864105.1_noTerminalStopCodon.part_lcl__NC_007359.1_cds_YP_308666.1_4,PA,polymerase,125,negative,0,0.971,-,0,R:R:25,1,0.667,R,"R:4261,?:23"
GCF_000864105.1_noTerminalStopCodon.part_lcl__NC_007359.1_cds_YP_308666.1_4,PA,polymerase,126,negative,0,1.263,-,0,"E:G:2,E:E:23,D:E:1",1,0.667,E,"E:4258,G:2,D:1,?:23"
GCF_000864105.1_noTerminalStopCodon.part_lcl__NC_007359.1_cds_YP_308666.1_4,PA,polymerase,127,negative,0,1.41,-,0,"A:V:4,V:V:27,I:V:5",1,0.667,V,"V:4252,A:4,I:5,?:23"
GCF_000864105.1_noTerminalStopCodon.part_lcl__NC_007359.1_cds_YP_308666.1_4,PA,polymerase,128,negative,0.052,1.516,-,0,"H:N:4,H:H:22,H:R:1,H:Y:2,H:Q:2",1,0.667,H,"H:4249,N:7,R:1,Y:2,?:23,Q:2"
GCF_000864105.1_noTerminalStopCodon.part_lcl__NC_007359.1_cds_YP_308666.1_4,PA,polymerase,129,neutral,0.453,0.261,-,0.448,"I:M:8,I:V:8,I:I:2,I:T:13,I:L:5",1,0.362,I,"I:3990,M:10,V:17,T:235,?:23,L:9"
GCF_000864105.1_noTerminalStopCodon.part_lcl__NC_007359.1_cds_YP_308666.1_4,PA,polymerase,130,negative,0,1.201,-,0,Y:Y:18,1,0.667,Y,"Y:4262,?:22"
GCF_000864105.1_noTerminalStopCodon.part_lcl__NC_007359.1_cds_YP_308666.1_4,PA,polymerase,131,negative,0,1.605,-,0,Y:Y:24,1,0.667,Y,"Y:4262,?:22"
GCF_000864105.1_noTerminalStopCodon.part_lcl__NC_007359.1_cds_YP_308666.1_4,PA,polymerase,132,negative,0,1.135,-,0,"L:L:40,L:S:1,L:M:1,I:L:1",1,0.667,L,"L:4258,S:1,?:23,M:1,I:1"
GCF_000864105.1_noTerminalStopCodon.part_lcl__NC_007359.1_cds_YP_308666.1_4,PA,polymerase,133,negative,0.054,1.094,-,0,"E:E:20,D:E:1,E:K:1",1,0.667,E,"E:4257,?:22,D:4,K:1"
GCF_000864105.1_noTerminalStopCodon.part_lcl__NC_007359.1_cds_YP_308666.1_4,PA,polymerase,134,negative,0,1.392,-,0,K:K:25,1,0.667,K,"K:4262,?:22"
GCF_000864105.1_noTerminalStopCodon.part_lcl__NC_007359.1_cds_YP_308666.1_4,PA,polymerase,135,negative,0.047,0.8,-,0,"A:S:3,A:A:17,A:T:1",1,0.667,A,"A:4257,S:5,?:21,T:1"
GCF_000864105.1_noTerminalStopCodon.part_lcl__NC_007359.1_cds_YP_308666.1_4,PA,polymerase,136,negative,0.049,1.173,-,0,"N:N:17,K:N:1,N:T:1,N:S:6,C:N:1,D:N:2",1,0.667,N,"N:4244,K:1,T:1,S:14,?:21,C:1,D:2"
GCF_000864105.1_noTerminalStopCodon.part_lcl__NC_007359.1_cds_YP_308666.1_4,PA,polymerase,137,negative,0.054,0.915,-,0,"K:K:22,K:R:4",1,0.667,K,"K:4252,?:21,R:11"
GCF_000864105.1_noTerminalStopCodon.part_lcl__NC_007359.1_cds_YP_308666.1_4,PA,polymerase,138,negative,0,0.566,-,0.001,"I:I:3,I:T:1",1,0.667,I,"I:4260,?:23,T:1"
GCF_000864105.1_noTerminalStopCodon.part_lcl__NC_007359.1_cds_YP_308666.1_4,PA,polymerase,139,negative,0.053,1.484,-,0,"K:K:27,K:R:1",1,0.667,K,"K:4250,R:13,?:21"
GCF_000864105.1_noTerminalStopCodon.part_lcl__NC_007359.1_cds_YP_308666.1_4,PA,polymerase,140,negative,0.06,1.314,-,0,"P:S:2,L:S:4,S:S:29,S:T:3,F:S:2",1,0.667,S,"S:4250,P:2,L:5,T:3,F:2,?:22"
GCF_000864105.1_noTerminalStopCodon.part_lcl__NC_007359.1_cds_YP_308666.1_4,PA,polymerase,141,negative,0.055,0.838,-,0,"E:E:20,E:K:2,E:G:2,D:E:1",1,0.667,E,"E:4256,K:3,?:22,G:2,D:1"
GCF_000864105.1_noTerminalStopCodon.part_lcl__NC_007359.1_cds_YP_308666.1_4,PA,polymerase,142,negative,0.211,1.1,-,0,"K:R:8,K:T:1,K:K:18,E:K:3,K:N:1,R:R:5",1,0.667,K,"K:3990,R:266,T:1,E:3,N:1,?:23"
GCF_000864105.1_noTerminalStopCodon.part_lcl__NC_007359.1_cds_YP_308666.1_4,PA,polymerase,143,neutral,0.048,0.214,-,0.115,"T:T:5,I:T:1,P:T:2",1,0.667,T,"T:4257,I:1,?:22,P:4"
GCF_000864105.1_noTerminalStopCodon.part_lcl__NC_007359.1_cds_YP_308666.1_4,PA,polymerase,144,negative,0.052,1.371,-,0,"H:H:20,H:N:1,H:L:1,H:Y:1",1,0.667,H,"H:4257,N:3,?:22,L:1,Y:1"
GCF_000864105.1_noTerminalStopCodon.part_lcl__NC_007359.1_cds_YP_308666.1_4,PA,polymerase,145,negative,0,1.815,-,0,"I:I:32,I:T:2,I:V:1",1,0.667,I,"I:4260,T:2,?:21,V:1"
GCF_000864105.1_noTerminalStopCodon.part_lcl__NC_007359.1_cds_YP_308666.1_4,PA,polymerase,146,negative,0,1.039,-,0,H:H:15,1,0.667,H,"H:4263,?:21"
GCF_000864105.1_noTerminalStopCodon.part_lcl__NC_007359.1_cds_YP_308666.1_4,PA,polymerase,147,negative,0,1.229,-,0,"I:I:10,I:M:1",1,0.667,I,"I:4263,?:20,M:1"
GCF_000864105.1_noTerminalStopCodon.part_lcl__NC_007359.1_cds_YP_308666.1_4,PA,polymerase,148,negative,0,0.895,-,0,"F:F:13,F:I:1",1,0.667,F,"F:4262,?:21,I:1"
GCF_000864105.1_noTerminalStopCodon.part_lcl__NC_007359.1_cds_YP_308666.1_4,PA,polymerase,149,negative,0.131,0.89,-,0.001,"A:S:1,S:S:20,P:S:1,S:T:1",1,0.667,S,"S:4258,A:2,?:21,P:2,T:1"
GCF_000864105.1_noTerminalStopCodon.part_lcl__NC_007359.1_cds_YP_308666.1_4,PA,polymerase,150,negative,0,0.416,-,0.002,"F:F:6,F:L:2",1,0.667,F,"F:4261,?:21,L:2"
GCF_000864105.1_noTerminalStopCodon.part_lcl__NC_007359.1_cds_YP_308666.1_4,PA,polymerase,151,negative,0.338,0.847,-,0.031,"T:T:17,N:T:3,I:T:10,A:T:5",1,0.159,T,"T:4210,N:8,I:37,A:9,?:20"
GCF_000864105.1_noTerminalStopCodon.part_lcl__NC_007359.1_cds_YP_308666.1_4,PA,polymerase,152,negative,0,1.458,-,0,G:G:34,1,0.667,G,"G:4264,?:20"
GCF_000864105.1_noTerminalStopCodon.part_lcl__NC_007359.1_cds_YP_308666.1_4,PA,polymerase,153,negative,0.055,0.848,-,0,"E:E:19,E:G:1,D:E:1",1,0.667,E,"E:4256,G:1,?:20,D:7"
GCF_000864105.1_noTerminalStopCodon.part_lcl__NC_007359.1_cds_YP_308666.1_4,PA,polymerase,154,negative,0,0.797,-,0,E:E:14,1,0.667,E,"E:4263,?:21"
GCF_000864105.1_noTerminalStopCodon.part_lcl__NC_007359.1_cds_YP_308666.1_4,PA,polymerase,155,neutral,0.068,0.03,-,0.976,"I:M:2,I:L:1,M:V:1",1,0.636,M,"M:4256,?:20,I:2,L:1,V:5"
GCF_000864105.1_noTerminalStopCodon.part_lcl__NC_007359.1_cds_YP_308666.1_4,PA,polymerase,156,negative,0,0.668,-,0,"A:A:14,A:V:1",1,0.667,A,"A:4261,?:22,V:1"
GCF_000864105.1_noTerminalStopCodon.part_lcl__NC_007359.1_cds_YP_308666.1_4,PA,polymerase,157,negative,0,1.212,-,0,T:T:25,1,0.667,T,"T:4260,?:24"
GCF_000864105.1_noTerminalStopCodon.part_lcl__NC_007359.1_cds_YP_308666.1_4,PA,polymerase,158,negative,0.053,1.218,-,0,"K:N:4,K:K:24,K:R:7,E:K:1",1,0.667,K,"K:4236,N:4,R:21,?:22,E:1"
GCF_000864105.1_noTerminalStopCodon.part_lcl__NC_007359.1_cds_YP_308666.1_4,PA,polymerase,159,negative,0.093,1.37,-,0,"A:A:34,A:T:1,A:E:3,A:V:1,A:S:2",1,0.667,A,"A:4252,T:1,E:3,V:2,?:22,S:4"
GCF_000864105.1_noTerminalStopCodon.part_lcl__NC_007359.1_cds_YP_308666.1_4,PA,polymerase,160,negative,0.096,1.268,-,0,"D:N:2,D:D:17,D:E:4,E:E:1",1,0.667,D,"D:4157,N:2,E:103,?:22"
GCF_000864105.1_noTerminalStopCodon.part_lcl__NC_007359.1_cds_YP_308666.1_4,PA,polymerase,161,negative,0,1.049,-,0,"Y:Y:15,H:Y:4",1,0.667,Y,"Y:4260,H:4,?:20"
GCF_000864105.1_noTerminalStopCodon.part_lcl__NC_007359.1_cds_YP_308666.1_4,PA,polymerase,162,negative,0.048,1.345,-,0,"I:T:4,T:T:28",1,0.667,T,"T:4259,I:5,?:20"
GCF_000864105.1_noTerminalStopCodon.part_lcl__NC_007359.1_cds_YP_308666.1_4,PA,polymerase,163,negative,0.059,0.683,-,0.001,"L:L:15,I:L:4",1,0.667,L,"L:4259,I:5,?:20"
GCF_000864105.1_noTerminalStopCodon.part_lcl__NC_007359.1_cds_YP_308666.1_4,PA,polymerase,164,negative,0,0.95,-,0,"D:D:14,D:G:1",1,0.667,D,"D:4263,?:20,G:1"
GCF_000864105.1_noTerminalStopCodon.part_lcl__NC_007359.1_cds_YP_308666.1_4,PA,polymerase,165,negative,0.053,1.071,-,0,"E:E:20,D:E:1",1,0.667,E,"E:4262,?:20,D:2"
GCF_000864105.1_noTerminalStopCodon.part_lcl__NC_007359.1_cds_YP_308666.1_4,PA,polymerase,166,negative,0,0.801,-,0,E:E:18,1,0.667,E,"E:4263,?:21"
GCF_000864105.1_noTerminalStopCodon.part_lcl__NC_007359.1_cds_YP_308666.1_4,PA,polymerase,167,negative,0,1.195,-,0,S:S:17,1,0.667,S,"S:4263,?:21"
GCF_000864105.1_noTerminalStopCodon.part_lcl__NC_007359.1_cds_YP_308666.1_4,PA,polymerase,168,negative,0,1.575,-,0,R:R:32,1,0.667,R,"R:4263,?:21"
GCF_000864105.1_noTerminalStopCodon.part_lcl__NC_007359.1_cds_YP_308666.1_4,PA,polymerase,169,negative,0,0.561,-,0,A:A:13,1,0.667,A,"A:4261,?:23"
GCF_000864105.1_noTerminalStopCodon.part_lcl__NC_007359.1_cds_YP_308666.1_4,PA,polymerase,170,negative,0,0.84,-,0,R:R:18,1,0.667,R,"R:4262,?:22"
GCF_000864105.1_noTerminalStopCodon.part_lcl__NC_007359.1_cds_YP_308666.1_4,PA,polymerase,171,negative,0.098,1.742,-,0,"I:I:24,I:V:5",1,0.667,I,"I:4243,V:15,?:26"
GCF_000864105.1_noTerminalStopCodon.part_lcl__NC_007359.1_cds_YP_308666.1_4,PA,polymerase,172,negative,0,0.789,-,0,"K:K:14,K:N:1",1,0.667,K,"K:4260,?:23,N:1"
GCF_000864105.1_noTerminalStopCodon.part_lcl__NC_007359.1_cds_YP_308666.1_4,PA,polymerase,173,negative,0,0.662,-,0,T:T:14,1,0.667,T,"T:4261,?:23"
GCF_000864105.1_noTerminalStopCodon.part_lcl__NC_007359.1_cds_YP_308666.1_4,PA,polymerase,174,negative,0,1.06,-,0,R:R:26,1,0.667,R,"R:4260,?:24"
GCF_000864105.1_noTerminalStopCodon.part_lcl__NC_007359.1_cds_YP_308666.1_4,PA,polymerase,175,negative,0,1.126,-,0,"L:L:48,L:M:2",1,0.667,L,"L:4259,?:23,M:2"
GCF_000864105.1_noTerminalStopCodon.part_lcl__NC_007359.1_cds_YP_308666.1_4,PA,polymerase,176,neutral,0.057,0.27,-,0.116,"F:F:4,F:Y:2,F:S:1",1,0.667,F,"F:4248,Y:12,S:1,?:23"
GCF_000864105.1_noTerminalStopCodon.part_lcl__NC_007359.1_cds_YP_308666.1_4,PA,polymerase,177,negative,0,0.944,-,0,"T:T:21,I:T:1",1,0.667,T,"T:4261,?:22,I:1"
GCF_000864105.1_noTerminalStopCodon.part_lcl__NC_007359.1_cds_YP_308666.1_4,PA,polymerase,178,neutral,0.118,0.186,-,0.709,"I:M:2,I:I:1,I:V:4,I:T:2",1,0.667,I,"I:4243,?:24,M:3,V:12,T:2"
GCF_000864105.1_noTerminalStopCodon.part_lcl__NC_007359.1_cds_YP_308666.1_4,PA,polymerase,179,negative,0,1.173,-,0,"R:R:26,K:R:1",1,0.667,R,"R:4261,?:22,K:1"
GCF_000864105.1_noTerminalStopCodon.part_lcl__NC_007359.1_cds_YP_308666.1_4,PA,polymerase,180,negative,0,1.095,-,0,"Q:Q:20,P:Q:1,H:Q:1",1,0.667,Q,"Q:4260,?:22,P:1,H:1"
GCF_000864105.1_noTerminalStopCodon.part_lcl__NC_007359.1_cds_YP_308666.1_4,PA,polymerase,181,negative,0,0.909,-,0,"E:E:17,D:E:1",1,0.667,E,"E:4261,?:22,D:1"
GCF_000864105.1_noTerminalStopCodon.part_lcl__NC_007359.1_cds_YP_308666.1_4,PA,polymerase,182,neutral,0,0.167,-,1,"I:M:1,L:M:1",1,0.667,M,"M:4260,?:22,I:1,L:1"
GCF_000864105.1_noTerminalStopCodon.part_lcl__NC_007359.1_cds_YP_308666.1_4,PA,polymerase,183,negative,0,0.711,-,0,"A:A:15,A:S:2,A:V:2",1,0.667,A,"A:4256,?:24,S:2,V:2"
GCF_000864105.1_noTerminalStopCodon.part_lcl__NC_007359.1_cds_YP_308666.1_4,PA,polymerase,184,negative,0.354,1.391,-,0,"G:S:8,S:S:20,N:S:11,C:S:2,I:S:3",1,0.627,S,"S:4164,G:18,N:68,?:23,C:2,I:9"
GCF_000864105.1_noTerminalStopCodon.part_lcl__NC_007359.1_cds_YP_308666.1_4,PA,polymerase,185,negative,0.219,1.306,-,0,"R:R:30,G:R:3,K:R:11,R:W:1,I:R:1",1,0.667,R,"R:4223,G:3,K:27,?:25,W:5,I:1"
GCF_000864105.1_noTerminalStopCodon.part_lcl__NC_007359.1_cds_YP_308666.1_4,PA,polymerase,186,negative,0,1.5,-,0,"G:G:32,D:G:1,G:S:1,A:G:1",1,0.667,G,"G:4257,D:1,?:24,S:1,A:1"
GCF_000864105.1_noTerminalStopCodon.part_lcl__NC_007359.1_cds_YP_308666.1_4,PA,polymerase,187,negative,0,0.827,-,0,"I:L:4,L:L:31,L:V:1",1,0.667,L,"L:4255,I:4,?:24,V:1"
GCF_000864105.1_noTerminalStopCodon.part_lcl__NC_007359.1_cds_YP_308666.1_4,PA,polymerase,188,neutral,0,0.215,-,1,NA,1,0.667,W,"W:4260,?:24"
GCF_000864105.1_noTerminalStopCodon.part_lcl__NC_007359.1_cds_YP_308666.1_4,PA,polymerase,189,negative,0.048,0.511,-,0.004,"D:G:2,D:D:8,D:E:2",1,0.667,D,"D:4243,G:15,?:24,E:2"
GCF_000864105.1_noTerminalStopCodon.part_lcl__NC_007359.1_cds_YP_308666.1_4,PA,polymerase,190,negative,0.111,0.471,-,0.032,"S:S:10,P:S:2,F:S:1",1,0.667,S,"S:4253,?:24,P:6,F:1"
GCF_000864105.1_noTerminalStopCodon.part_lcl__NC_007359.1_cds_YP_308666.1_4,PA,polymerase,191,negative,0,0.19,-,0.034,F:F:3,1,0.667,F,"F:4260,?:24"
GCF_000864105.1_noTerminalStopCodon.part_lcl__NC_007359.1_cds_YP_308666.1_4,PA,polymerase,192,negative,0.045,0.363,-,0.012,"H:R:4,R:R:8,R:S:1,C:R:1",1,0.667,R,"R:4251,H:6,?:25,S:1,C:1"
GCF_000864105.1_noTerminalStopCodon.part_lcl__NC_007359.1_cds_YP_308666.1_4,PA,polymerase,193,negative,0.087,0.971,-,0.001,"Q:Q:20,H:Q:3",1,0.667,Q,"Q:4253,?:26,H:5"
GCF_000864105.1_noTerminalStopCodon.part_lcl__NC_007359.1_cds_YP_308666.1_4,PA,polymerase,194,negative,0,0.804,-,0,S:S:17,1,0.667,S,"S:4260,?:24"
GCF_000864105.1_noTerminalStopCodon.part_lcl__NC_007359.1_cds_YP_308666.1_4,PA,polymerase,195,negative,0,0.808,-,0,E:E:19,1,0.667,E,"E:4258,?:26"
GCF_000864105.1_noTerminalStopCodon.part_lcl__NC_007359.1_cds_YP_308666.1_4,PA,polymerase,196,neutral,0,0.047,-,0.221,"R:S:2,K:R:1,R:R:1",1,0.667,R,"R:4255,S:2,?:26,K:1"
GCF_000864105.1_noTerminalStopCodon.part_lcl__NC_007359.1_cds_YP_308666.1_4,PA,polymerase,197,neutral,0.042,0.236,-,0.067,"G:G:5,G:S:3,D:G:1,C:G:1",1,0.667,G,"G:4252,?:26,S:3,D:2,C:1"
GCF_000864105.1_noTerminalStopCodon.part_lcl__NC_007359.1_cds_YP_308666.1_4,PA,polymerase,198,negative,0,0.277,-,0.008,"E:E:5,D:E:1",1,0.667,E,"E:4258,D:1,?:25"
GCF_000864105.1_noTerminalStopCodon.part_lcl__NC_007359.1_cds_YP_308666.1_4,PA,polymerase,199,negative,0.055,0.808,-,0,"E:K:1,D:E:1,E:E:19",1,0.667,E,"E:4256,K:1,D:2,?:25"
GCF_000864105.1_noTerminalStopCodon.part_lcl__NC_007359.1_cds_YP_308666.1_4,PA,polymerase,200,neutral,0,0.043,-,0.259,T:T:1,1,0.667,T,"T:4258,?:26"
GCF_000864105.1_noTerminalStopCodon.part_lcl__NC_007359.1_cds_YP_308666.1_4,PA,polymerase,201,neutral,0.362,0.38,-,0.928,"I:V:11,I:T:8,I:L:1,I:I:7,N:T:1",1,0.649,I,"I:4132,V:24,T:101,?:25,L:1,N:1"
GCF_000864105.1_noTerminalStopCodon.part_lcl__NC_007359.1_cds_YP_308666.1_4,PA,polymerase,202,negative,0,0.333,-,0.003,"E:E:6,D:E:1,E:K:1",1,0.667,E,"E:4257,?:25,D:1,K:1"
GCF_000864105.1_noTerminalStopCodon.part_lcl__NC_007359.1_cds_YP_308666.1_4,PA,polymerase,203,negative,0,0.504,-,0,E:E:9,1,0.667,E,"E:4259,?:25"
GCF_000864105.1_noTerminalStopCodon.part_lcl__NC_007359.1_cds_YP_308666.1_4,PA,polymerase,204,negative,0.35,0.811,-,0.043,"R:R:17,K:R:17,I:R:1,G:R:1",1,0.117,R,"R:4024,K:233,?:25,I:1,G:1"
GCF_000864105.1_noTerminalStopCodon.part_lcl__NC_007359.1_cds_YP_308666.1_4,PA,polymerase,205,neutral,0,0.063,-,0.221,"F:F:1,F:L:1,F:V:1",1,0.667,F,"F:4258,?:24,L:1,V:1"
GCF_000864105.1_noTerminalStopCodon.part_lcl__NC_007359.1_cds_YP_308666.1_4,PA,polymerase,206,negative,0.106,0.56,-,0.013,"E:E:10,E:G:2,D:E:7,E:K:2",1,0.667,E,"E:4241,G:2,?:26,D:13,K:2"
GCF_000864105.1_noTerminalStopCodon.part_lcl__NC_007359.1_cds_YP_308666.1_4,PA,polymerase,207,negative,0.163,0.705,-,0.009,"I:L:4,I:I:13,I:V:7",1,0.644,I,"I:4215,L:5,?:24,V:40"
GCF_000864105.1_noTerminalStopCodon.part_lcl__NC_007359.1_cds_YP_308666.1_4,PA,polymerase,208,negative,0.289,0.709,-,0.049,"K:T:5,T:T:16,S:T:1,A:T:11,I:T:3,N:T:1,P:T:1",1,0.414,T,"T:4225,K:11,S:1,A:13,I:5,?:25,N:3,P:1"
GCF_000864105.1_noTerminalStopCodon.part_lcl__NC_007359.1_cds_YP_308666.1_4,PA,polymerase,209,negative,0,1.353,-,0,"G:G:31,G:R:2,E:G:1",1,0.667,G,"G:4255,R:2,?:26,E:1"
GCF_000864105.1_noTerminalStopCodon.part_lcl__NC_007359.1_cds_YP_308666.1_4,PA,polymerase,210,negative,0.096,0.77,-,0,"T:T:16,A:T:4,I:T:2,N:T:2",1,0.667,T,"T:4241,A:13,I:2,?:26,N:2"
GCF_000864105.1_noTerminalStopCodon.part_lcl__NC_007359.1_cds_YP_308666.1_4,PA,polymerase,211,neutral,0.171,0.001,-,0.895,"M:V:6,I:M:8,M:T:2,L:M:1",1,0.113,M,"M:4236,V:8,I:13,?:24,T:2,L:1"
GCF_000864105.1_noTerminalStopCodon.part_lcl__NC_007359.1_cds_YP_308666.1_4,PA,polymerase,212,negative,0.045,1.101,-,0,"R:R:23,H:R:5,C:R:2",1,0.667,R,"R:4251,H:7,?:24,C:2"
GCF_000864105.1_noTerminalStopCodon.part_lcl__NC_007359.1_cds_YP_308666.1_4,PA,polymerase,213,negative,0.128,0.606,-,0.004,"R:R:16,K:R:7,R:S:1,M:R:3,G:R:1,R:T:1",1,0.667,R,"R:4204,K:14,S:37,?:24,M:3,G:1,T:1"
GCF_000864105.1_noTerminalStopCodon.part_lcl__NC_007359.1_cds_YP_308666.1_4,PA,polymerase,214,negative,0,0.596,-,0,"I:L:2,L:L:13",1,0.667,L,"L:4256,I:2,?:26"
GCF_000864105.1_noTerminalStopCodon.part_lcl__NC_007359.1_cds_YP_308666.1_4,PA,polymerase,215,negative,0,1.979,-,0,"A:A:41,A:T:2,A:V:1",1,0.667,A,"A:4252,T:2,?:29,V:1"
GCF_000864105.1_noTerminalStopCodon.part_lcl__NC_007359.1_cds_YP_308666.1_4,PA,polymerase,216,negative,0.487,1.265,-,0.014,"D:D:19,D:N:24,D:E:2,D:G:6",1,0.076,D,"D:4129,N:105,E:11,G:10,?:29"
GCF_000864105.1_noTerminalStopCodon.part_lcl__NC_007359.1_cds_YP_308666.1_4,PA,polymerase,217,negative,0,0.333,-,0.014,"Q:Q:6,K:Q:1",1,0.667,Q,"Q:4257,?:26,K:1"
GCF_000864105.1_noTerminalStopCodon.part_lcl__NC_007359.1_cds_YP_308666.1_4,PA,polymerase,218,negative,0,2.209,-,0,S:S:33,1,0.667,S,"S:4258,?:26"
GCF_000864105.1_noTerminalStopCodon.part_lcl__NC_007359.1_cds_YP_308666.1_4,PA,polymerase,219,negative,0.117,1.621,-,0,"L:L:31,I:L:4,F:L:1,I:T:1,I:I:3",1,0.667,L,"L:3530,?:27,I:725,F:1,T:1"
GCF_000864105.1_noTerminalStopCodon.part_lcl__NC_007359.1_cds_YP_308666.1_4,PA,polymerase,220,negative,0,0.932,-,0,P:P:21,1,0.667,P,"P:4251,?:33"
GCF_000864105.1_noTerminalStopCodon.part_lcl__NC_007359.1_cds_YP_308666.1_4,PA,polymerase,221,negative,0.05,0.395,-,0.009,"P:T:2,P:P:11,P:S:2",1,0.667,P,"P:4253,T:3,?:26,S:2"
GCF_000864105.1_noTerminalStopCodon.part_lcl__NC_007359.1_cds_YP_308666.1_4,PA,polymerase,222,neutral,0.569,0.958,-,0.197,"N:S:10,N:N:14,D:N:3,D:G:3,K:N:2,H:N:1",1,0.667,N,"N:4162,S:35,D:42,G:10,?:23,K:10,H:2"
GCF_000864105.1_noTerminalStopCodon.part_lcl__NC_007359.1_cds_YP_308666.1_4,PA,polymerase,223,neutral,0,0,-,1,F:Y:1,1,0.667,F,"F:4259,?:24,Y:1"
GCF_000864105.1_noTerminalStopCodon.part_lcl__NC_007359.1_cds_YP_308666.1_4,PA,polymerase,224,neutral,0.166,0.141,-,0.842,"P:S:17,S:S:3,S:T:2,F:S:2,S:Y:1",1,0.58,S,"P:179,S:4063,T:2,F:2,?:24,Y:14"
GCF_000864105.1_noTerminalStopCodon.part_lcl__NC_007359.1_cds_YP_308666.1_4,PA,polymerase,225,neutral,0.117,0,-,0.098,"N:S:4,G:S:2,C:S:1",1,0.11,S,"S:4249,N:7,?:24,G:3,C:1"
GCF_000864105.1_noTerminalStopCodon.part_lcl__NC_007359.1_cds_YP_308666.1_4,PA,polymerase,226,neutral,0.176,0.136,-,0.754,"I:L:4,F:L:10,L:L:3",1,0.541,L,"L:4242,I:7,F:11,?:24"
GCF_000864105.1_noTerminalStopCodon.part_lcl__NC_007359.1_cds_YP_308666.1_4,PA,polymerase,227,negative,0.159,0.843,-,0.002,"E:E:15,E:K:5,E:G:5,D:E:1",1,0.667,E,"E:4232,K:5,G:22,?:24,D:1"
GCF_000864105.1_noTerminalStopCodon.part_lcl__NC_007359.1_cds_YP_308666.1_4,PA,polymerase,228,negative,0.299,0.818,-,0.039,"N:N:12,N:S:5,K:N:5,H:N:2,D:N:2,E:K:1,N:Y:1",1,0.08,N,"N:4216,S:16,K:17,H:2,?:25,D:5,E:1,Y:2"
GCF_000864105.1_noTerminalStopCodon.part_lcl__NC_007359.1_cds_YP_308666.1_4,PA,polymerase,229,neutral,0,0.126,-,0.084,"F:F:2,F:L:1",1,0.667,F,"F:4256,?:27,L:1"
GCF_000864105.1_noTerminalStopCodon.part_lcl__NC_007359.1_cds_YP_308666.1_4,PA,polymerase,230,neutral,0,0.048,-,0.22,"R:R:1,K:R:2",1,0.667,R,"R:4257,?:25,K:2"
GCF_000864105.1_noTerminalStopCodon.part_lcl__NC_007359.1_cds_YP_308666.1_4,PA,polymerase,231,neutral,0.423,0.187,-,0.16,"A:T:19,A:A:4,A:V:7,A:S:1",1,0.036,A,"A:4182,T:64,V:12,?:25,S:1"
GCF_000864105.1_noTerminalStopCodon.part_lcl__NC_007359.1_cds_YP_308666.1_4,PA,polymerase,232,neutral,0,0.063,-,0.251,Y:Y:1,1,0.667,Y,"Y:4259,?:25"
GCF_000864105.1_noTerminalStopCodon.part_lcl__NC_007359.1_cds_YP_308666.1_4,PA,polymerase,233,neutral,0,0,-,1,NA,1,0.667,V,"V:4259,?:25"
GCF_000864105.1_noTerminalStopCodon.part_lcl__NC_007359.1_cds_YP_308666.1_4,PA,polymerase,234,negative,0,0.445,-,0.001,"D:D:7,D:N:2",1,0.667,D,"D:4257,?:25,N:2"
GCF_000864105.1_noTerminalStopCodon.part_lcl__NC_007359.1_cds_YP_308666.1_4,PA,polymerase,235,negative,0,0.43,-,0,G:G:10,1,0.667,G,"G:4259,?:25"
GCF_000864105.1_noTerminalStopCodon.part_lcl__NC_007359.1_cds_YP_308666.1_4,PA,polymerase,236,negative,0,0.819,-,0,"F:F:12,C:F:1",1,0.667,F,"F:4257,?:26,C:1"
GCF_000864105.1_noTerminalStopCodon.part_lcl__NC_007359.1_cds_YP_308666.1_4,PA,polymerase,237,neutral,0.484,0.674,-,0.455,"E:K:30,A:E:2,E:E:12,E:G:1,K:R:1",1,0.658,E,"E:4054,K:198,A:2,?:28,G:1,R:1"
GCF_000864105.1_noTerminalStopCodon.part_lcl__NC_007359.1_cds_YP_308666.1_4,PA,polymerase,238,negative,0.1,0.395,-,0.04,"P:S:5,P:P:11,P:T:1,P:R:1",1,0.647,P,"P:4244,S:8,T:1,?:30,R:1"
GCF_000864105.1_noTerminalStopCodon.part_lcl__NC_007359.1_cds_YP_308666.1_4,PA,polymerase,239,negative,0,0.818,-,0,"N:N:12,N:S:2",1,0.667,N,"N:4257,?:25,S:2"
GCF_000864105.1_noTerminalStopCodon.part_lcl__NC_007359.1_cds_YP_308666.1_4,PA,polymerase,240,negative,0,0.329,-,0.001,"G:S:5,G:G:7,D:G:1,C:G:1",1,0.667,G,"G:4251,S:5,?:26,D:1,C:1"
GCF_000864105.1_noTerminalStopCodon.part_lcl__NC_007359.1_cds_YP_308666.1_4,PA,polymerase,241,neutral,0.244,0.27,-,0.882,"C:S:2,C:C:4,C:Y:10,C:F:1,C:R:2",1,0.629,C,"C:4217,S:2,Y:37,?:25,F:1,R:2"
GCF_000864105.1_noTerminalStopCodon.part_lcl__NC_007359.1_cds_YP_308666.1_4,PA,polymerase,242,neutral,0,0.054,-,0.229,"F:I:1,I:I:1",1,0.667,I,"I:4258,F:1,?:25"
GCF_000864105.1_noTerminalStopCodon.part_lcl__NC_007359.1_cds_YP_308666.1_4,PA,polymerase,243,negative,0,0.497,-,0,"E:E:12,E:G:1,D:E:1",1,0.667,E,"E:4257,G:1,?:25,D:1"
GCF_000864105.1_noTerminalStopCodon.part_lcl__NC_007359.1_cds_YP_308666.1_4,PA,polymerase,244,negative,0,0.282,-,0.003,G:G:6,1,0.667,G,"G:4259,?:25"
GCF_000864105.1_noTerminalStopCodon.part_lcl__NC_007359.1_cds_YP_308666.1_4,PA,polymerase,245,negative,0,0.651,-,0,"K:K:14,K:R:1",1,0.667,K,"K:4256,?:27,R:1"
GCF_000864105.1_noTerminalStopCodon.part_lcl__NC_007359.1_cds_YP_308666.1_4,PA,polymerase,246,negative,0,0.181,-,0.032,"L:P:1,L:L:4",1,0.667,L,"L:4258,?:25,P:1"
GCF_000864105.1_noTerminalStopCodon.part_lcl__NC_007359.1_cds_YP_308666.1_4,PA,polymerase,247,negative,0.111,0.456,-,0.037,"A:S:5,S:S:10",1,0.647,S,"S:4244,A:15,?:25"
GCF_000864105.1_noTerminalStopCodon.part_lcl__NC_007359.1_cds_YP_308666.1_4,PA,polymerase,248,negative,0,0.502,-,0.003,"Q:Q:9,P:Q:1,H:Q:1",1,0.667,Q,"Q:4257,?:25,P:1,H:1"
GCF_000864105.1_noTerminalStopCodon.part_lcl__NC_007359.1_cds_YP_308666.1_4,PA,polymerase,249,neutral,0,0.055,-,1,L:M:4,1,0.667,M,"M:4257,L:4,?:23"
GCF_000864105.1_noTerminalStopCodon.part_lcl__NC_007359.1_cds_YP_308666.1_4,PA,polymerase,250,negative,0.064,0.483,-,0.011,"S:S:11,P:S:7,L:S:1,S:T:1",1,0.667,S,"S:4250,P:9,?:23,L:1,T:1"
GCF_000864105.1_noTerminalStopCodon.part_lcl__NC_007359.1_cds_YP_308666.1_4,PA,polymerase,251,negative,0.106,0.536,-,0.015,"K:K:10,K:R:7",1,0.667,K,"K:4233,R:27,?:24"
GCF_000864105.1_noTerminalStopCodon.part_lcl__NC_007359.1_cds_YP_308666.1_4,PA,polymerase,252,negative,0.053,0.933,-,0,"E:E:17,E:G:5,E:K:3",1,0.667,E,"E:4253,G:6,?:22,K:3"
GCF_000864105.1_noTerminalStopCodon.part_lcl__NC_007359.1_cds_YP_308666.1_4,PA,polymerase,253,negative,0.054,0.404,-,0.012,"V:V:11,I:V:1",1,0.667,V,"V:4265,I:2,?:17"
GCF_000864105.1_noTerminalStopCodon.part_lcl__NC_007359.1_cds_YP_308666.1_4,PA,polymerase,254,negative,0.099,2.074,-,0,"N:N:29,K:N:3,N:S:1",1,0.667,N,"N:4262,K:6,?:15,S:1"
GCF_000864105.1_noTerminalStopCodon.part_lcl__NC_007359.1_cds_YP_308666.1_4,PA,polymerase,255,negative,0,0.853,-,0,"A:A:18,A:T:1",1,0.667,A,"A:4271,?:12,T:1"
GCF_000864105.1_noTerminalStopCodon.part_lcl__NC_007359.1_cds_YP_308666.1_4,PA,polymerase,256,negative,0.171,1.196,-,0,"I:R:6,K:R:11,R:R:25,R:S:2",1,0.667,R,"R:4239,I:15,K:15,S:4,?:11"
GCF_000864105.1_noTerminalStopCodon.part_lcl__NC_007359.1_cds_YP_308666.1_4,PA,polymerase,257,negative,0,0.607,-,0,"I:I:11,I:V:3",1,0.667,I,"I:4269,?:12,V:3"
GCF_000864105.1_noTerminalStopCodon.part_lcl__NC_007359.1_cds_YP_308666.1_4,PA,polymerase,258,negative,0.219,1.163,-,0,"E:E:26,D:E:3,E:V:1,E:K:3,A:E:1",1,0.667,E,"E:4259,D:4,?:12,V:1,K:5,A:3"
GCF_000864105.1_noTerminalStopCodon.part_lcl__NC_007359.1_cds_YP_308666.1_4,PA,polymerase,259,negative,0.15,0.922,-,0,"P:P:21,P:Q:2,P:T:1,P:S:1",1,0.667,P,"P:4222,Q:49,?:10,T:1,S:2"
GCF_000864105.1_noTerminalStopCodon.part_lcl__NC_007359.1_cds_YP_308666.1_4,PA,polymerase,260,negative,0,1.137,-,0,"F:F:18,F:V:1,F:L:1",1,0.667,F,"F:4274,V:1,?:8,L:1"
GCF_000864105.1_noTerminalStopCodon.part_lcl__NC_007359.1_cds_YP_308666.1_4,PA,polymerase,261,neutral,0.916,0.921,-,0.988,"L:L:32,L:M:11,L:S:1,F:L:1,M:V:6,G:V:1,I:M:1,I:T:1,L:Q:2",1,0.049,L,"L:3887,M:332,S:2,?:9,F:1,V:46,G:1,I:3,T:1,Q:2"
GCF_000864105.1_noTerminalStopCodon.part_lcl__NC_007359.1_cds_YP_308666.1_4,PA,polymerase,262,neutral,0.494,1.002,-,0.063,"K:K:23,K:R:16,E:K:3,K:T:2,K:N:1",1,0.17,K,"K:4194,R:74,E:6,?:6,T:3,N:1"
GCF_000864105.1_noTerminalStopCodon.part_lcl__NC_007359.1_cds_YP_308666.1_4,PA,polymerase,263,neutral,0.337,0.257,-,0.625,"A:T:15,E:T:1,K:T:8,I:T:3,T:T:6,S:T:1,E:K:1,?:T:1",1,0.456,T,"T:4211,A:46,E:3,K:13,I:3,?:7,S:1"
GCF_000864105.1_noTerminalStopCodon.part_lcl__NC_007359.1_cds_YP_308666.1_4,PA,polymerase,264,negative,0,0.904,-,0,T:T:21,1,0.667,T,"T:4277,?:7"
GCF_000864105.1_noTerminalStopCodon.part_lcl__NC_007359.1_cds_YP_308666.1_4,PA,polymerase,265,negative,0.05,0.559,-,0.001,"P:P:13,P:S:3,L:P:1",1,0.667,P,"P:4269,S:7,L:1,?:7"
GCF_000864105.1_noTerminalStopCodon.part_lcl__NC_007359.1_cds_YP_308666.1_4,PA,polymerase,266,negative,0.27,0.982,-,0.002,"R:R:20,H:R:7,L:R:2,C:R:5,R:S:2",1,0.295,R,"R:4231,H:29,L:3,C:11,S:2,?:8"
GCF_000864105.1_noTerminalStopCodon.part_lcl__NC_007359.1_cds_YP_308666.1_4,PA,polymerase,267,negative,0.249,0.988,-,0.002,"H:P:5,P:P:21,P:S:6,P:T:2,L:P:2",1,0.078,P,"P:4249,H:13,S:8,T:2,L:3,?:9"
GCF_000864105.1_noTerminalStopCodon.part_lcl__NC_007359.1_cds_YP_308666.1_4,PA,polymerase,268,negative,0.122,1.09,-,0,"F:L:3,L:L:25,I:L:2",1,0.667,L,"L:4268,F:4,?:8,I:4"
GCF_000864105.1_noTerminalStopCodon.part_lcl__NC_007359.1_cds_YP_308666.1_4,PA,polymerase,269,negative,0.362,0.847,-,0.04,"K:R:23,R:R:14,K:K:4,G:R:1,I:R:1",1,0.473,R,"R:3827,K:447,G:1,?:8,I:1"
GCF_000864105.1_noTerminalStopCodon.part_lcl__NC_007359.1_cds_YP_308666.1_4,PA,polymerase,270,negative,0.097,1.714,-,0,"L:L:53,L:M:2,I:L:2,F:L:1,L:V:1",1,0.667,L,"L:4260,M:13,?:7,I:2,F:1,V:1"
GCF_000864105.1_noTerminalStopCodon.part_lcl__NC_007359.1_cds_YP_308666.1_4,PA,polymerase,271,negative,0.05,1.206,-,0,"P:P:26,H:P:1,P:S:2,P:T:2",1,0.667,P,"P:4267,H:1,?:6,S:8,T:2"
GCF_000864105.1_noTerminalStopCodon.part_lcl__NC_007359.1_cds_YP_308666.1_4,PA,polymerase,272,neutral,0.806,0.612,-,0.496,"D:V:2,D:D:7,D:Y:3,D:N:9,D:E:10,E:E:3,E:G:2,D:G:9",1,0.36,D,"D:3551,V:2,Y:3,N:14,E:681,G:27,?:6"
GCF_000864105.1_noTerminalStopCodon.part_lcl__NC_007359.1_cds_YP_308666.1_4,PA,polymerase,273,negative,0,1.522,-,0,G:G:39,1,0.667,G,"G:4279,?:5"
GCF_000864105.1_noTerminalStopCodon.part_lcl__NC_007359.1_cds_YP_308666.1_4,PA,polymerase,274,negative,0.05,0.942,-,0,"P:S:5,P:P:20,L:P:5,A:P:3",1,0.667,P,"P:4264,S:5,L:6,A:3,?:6"
GCF_000864105.1_noTerminalStopCodon.part_lcl__NC_007359.1_cds_YP_308666.1_4,PA,polymerase,275,negative,0.351,1.531,-,0,"L:P:14,P:P:32,P:S:10,H:P:1,P:T:1",1,0.195,P,"P:4233,L:30,S:12,?:6,H:1,T:2"
GCF_000864105.1_noTerminalStopCodon.part_lcl__NC_007359.1_cds_YP_308666.1_4,PA,polymerase,276,negative,0,1.56,-,0,C:C:23,1,0.667,C,"C:4278,?:6"
GCF_000864105.1_noTerminalStopCodon.part_lcl__NC_007359.1_cds_YP_308666.1_4,PA,polymerase,277,negative,0.502,1.346,-,0.006,"S:S:28,F:S:4,S:Y:5,P:S:13,H:P:2,L:P:1,A:S:1,P:T:1",1,0.078,S,"S:3334,F:7,Y:12,?:6,P:920,H:2,L:1,A:1,T:1"
GCF_000864105.1_noTerminalStopCodon.part_lcl__NC_007359.1_cds_YP_308666.1_4,PA,polymerase,278,negative,0,1.151,-,0,Q:Q:27,1,0.667,Q,"Q:4279,?:5"
GCF_000864105.1_noTerminalStopCodon.part_lcl__NC_007359.1_cds_YP_308666.1_4,PA,polymerase,279,negative,0,1.563,-,0,R:R:49,1,0.667,R,"R:4278,?:6"
GCF_000864105.1_noTerminalStopCodon.part_lcl__NC_007359.1_cds_YP_308666.1_4,PA,polymerase,280,negative,0,1.185,-,0,"S:S:31,L:S:1",1,0.667,S,"S:4272,?:11,L:1"
GCF_000864105.1_noTerminalStopCodon.part_lcl__NC_007359.1_cds_YP_308666.1_4,PA,polymerase,281,negative,0,1.653,-,0,K:K:35,1,0.667,K,"K:4279,?:5"
GCF_000864105.1_noTerminalStopCodon.part_lcl__NC_007359.1_cds_YP_308666.1_4,PA,polymerase,282,negative,0,1.395,-,0,"C:F:1,F:F:20,F:S:1",1,0.667,F,"F:4275,C:1,?:7,S:1"
GCF_000864105.1_noTerminalStopCodon.part_lcl__NC_007359.1_cds_YP_308666.1_4,PA,polymerase,283,negative,0,1.182,-,0,"L:L:42,L:W:1",1,0.667,L,"L:4277,?:6,W:1"
GCF_000864105.1_noTerminalStopCodon.part_lcl__NC_007359.1_cds_YP_308666.1_4,PA,polymerase,284,negative,0,0.698,-,0,"L:L:31,L:M:2",1,0.667,L,"L:4277,M:2,?:5"
GCF_000864105.1_noTerminalStopCodon.part_lcl__NC_007359.1_cds_YP_308666.1_4,PA,polymerase,285,neutral,0.034,0.036,-,1,"I:M:1,K:M:1,M:V:1",1,0.662,M,"M:4274,I:1,K:3,?:5,V:1"
GCF_000864105.1_noTerminalStopCodon.part_lcl__NC_007359.1_cds_YP_308666.1_4,PA,polymerase,286,negative,0,0.521,-,0,D:D:8,1,0.667,D,"D:4278,?:6"
GCF_000864105.1_noTerminalStopCodon.part_lcl__NC_007359.1_cds_YP_308666.1_4,PA,polymerase,287,negative,0.141,1.954,-,0,"A:A:37,A:S:6,S:S:2,A:G:3,G:S:1,G:G:1",1,0.038,A,"A:4207,S:28,G:43,?:6"
GCF_000864105.1_noTerminalStopCodon.part_lcl__NC_007359.1_cds_YP_308666.1_4,PA,polymerase,288,negative,0,1.012,-,0,"L:L:26,L:V:1",1,0.667,L,"L:4276,?:7,V:1"
GCF_000864105.1_noTerminalStopCodon.part_lcl__NC_007359.1_cds_YP_308666.1_4,PA,polymerase,289,negative,0,1.837,-,0,K:K:36,1,0.667,K,"K:4277,?:7"
GCF_000864105.1_noTerminalStopCodon.part_lcl__NC_007359.1_cds_YP_308666.1_4,PA,polymerase,290,negative,0,1.959,-,0,L:L:60,1,0.667,L,"L:4277,?:7"
GCF_000864105.1_noTerminalStopCodon.part_lcl__NC_007359.1_cds_YP_308666.1_4,PA,polymerase,291,negative,0.039,1.243,-,0,"G:S:5,S:S:18,N:S:7,I:S:1,C:S:1",1,0.667,S,"S:4262,G:7,N:7,I:1,?:6,C:1"
GCF_000864105.1_noTerminalStopCodon.part_lcl__NC_007359.1_cds_YP_308666.1_4,PA,polymerase,292,negative,0.106,2.331,-,0,"I:V:6,I:I:42,I:R:1",1,0.667,I,"I:4267,V:8,?:8,R:1"
GCF_000864105.1_noTerminalStopCodon.part_lcl__NC_007359.1_cds_YP_308666.1_4,PA,polymerase,293,negative,0,1.169,-,0,"E:E:20,E:K:1",1,0.667,E,"E:4274,?:9,K:1"
GCF_000864105.1_noTerminalStopCodon.part_lcl__NC_007359.1_cds_YP_308666.1_4,PA,polymerase,294,negative,0.097,1.3,-,0,"D:D:19,D:N:4,D:E:1,A:D:1,D:G:1",1,0.667,D,"D:4260,N:13,E:1,A:1,?:8,G:1"
GCF_000864105.1_noTerminalStopCodon.part_lcl__NC_007359.1_cds_YP_308666.1_4,PA,polymerase,295,negative,0,1.517,-,0,P:P:36,1,0.667,P,"P:4278,?:6"
GCF_000864105.1_noTerminalStopCodon.part_lcl__NC_007359.1_cds_YP_308666.1_4,PA,polymerase,296,negative,0.078,2.329,-,0,"R:S:1,G:S:4,S:S:34,I:S:1,N:S:3",1,0.667,S,"S:4266,R:1,G:5,I:1,?:7,N:4"
GCF_000864105.1_noTerminalStopCodon.part_lcl__NC_007359.1_cds_YP_308666.1_4,PA,polymerase,297,negative,0.104,0.55,-,0.016,"H:H:9,H:Y:5",1,0.667,H,"H:4265,Y:13,?:6"
GCF_000864105.1_noTerminalStopCodon.part_lcl__NC_007359.1_cds_YP_308666.1_4,PA,polymerase,298,negative,0,1.1,-,0,"D:E:2,E:E:25,E:K:2",1,0.667,E,"E:4266,D:2,?:14,K:2"
GCF_000864105.1_noTerminalStopCodon.part_lcl__NC_007359.1_cds_YP_308666.1_4,PA,polymerase,299,negative,0,1.111,-,0,G:G:29,1,0.667,G,"G:4277,?:7"
GCF_000864105.1_noTerminalStopCodon.part_lcl__NC_007359.1_cds_YP_308666.1_4,PA,polymerase,300,negative,0,0.919,-,0,"E:E:20,E:K:1",1,0.667,E,"E:4277,K:1,?:6"
GCF_000864105.1_noTerminalStopCodon.part_lcl__NC_007359.1_cds_YP_308666.1_4,PA,polymerase,301,negative,0,1.806,-,0,"G:G:39,C:G:1",1,0.667,G,"G:4276,?:7,C:1"
GCF_000864105.1_noTerminalStopCodon.part_lcl__NC_007359.1_cds_YP_308666.1_4,PA,polymerase,302,negative,0.04,0.942,-,0,"I:I:5,I:L:3,I:V:1,I:M:1",1,0.667,I,"I:4273,L:3,V:2,?:5,M:1"
GCF_000864105.1_noTerminalStopCodon.part_lcl__NC_007359.1_cds_YP_308666.1_4,PA,polymerase,303,negative,0,1.685,-,0,"P:P:43,L:P:1",1,0.667,P,"P:4276,?:7,L:1"
GCF_000864105.1_noTerminalStopCodon.part_lcl__NC_007359.1_cds_YP_308666.1_4,PA,polymerase,304,negative,0,0.617,-,0.001,"L:L:26,L:M:1,I:L:1",1,0.667,L,"L:4278,M:1,?:4,I:1"
GCF_000864105.1_noTerminalStopCodon.part_lcl__NC_007359.1_cds_YP_308666.1_4,PA,polymerase,305,negative,0.411,1.482,-,0.002,"C:Y:10,Y:Y:20,H:Y:11,F:Y:2",1,0.035,Y,"Y:4249,C:13,H:14,?:5,F:3"
GCF_000864105.1_noTerminalStopCodon.part_lcl__NC_007359.1_cds_YP_308666.1_4,PA,polymerase,306,negative,0,0.445,-,0.001,D:D:7,1,0.667,D,"D:4279,?:5"
GCF_000864105.1_noTerminalStopCodon.part_lcl__NC_007359.1_cds_YP_308666.1_4,PA,polymerase,307,negative,0,0.901,-,0,"A:A:21,A:V:1,A:S:1",1,0.667,A,"A:4277,?:5,V:1,S:1"
GCF_000864105.1_noTerminalStopCodon.part_lcl__NC_007359.1_cds_YP_308666.1_4,PA,polymerase,308,neutral,0.591,0.36,-,0.301,"I:I:7,I:S:1,I:T:6,I:V:8,I:L:2,I:M:1",1,0.008,I,"I:4178,S:2,T:51,V:41,L:5,M:3,?:4"
GCF_000864105.1_noTerminalStopCodon.part_lcl__NC_007359.1_cds_YP_308666.1_4,PA,polymerase,309,negative,0.053,0.958,-,0,"K:K:17,K:R:4,K:N:1",1,0.667,K,"K:4273,R:6,N:1,?:4"
GCF_000864105.1_noTerminalStopCodon.part_lcl__NC_007359.1_cds_YP_308666.1_4,PA,polymerase,310,negative,0,0.814,-,0,"C:C:12,C:Y:1",1,0.667,C,"C:4279,?:4,Y:1"
GCF_000864105.1_noTerminalStopCodon.part_lcl__NC_007359.1_cds_YP_308666.1_4,PA,polymerase,311,neutral,0.068,0.009,-,0.957,"M:V:2,I:M:5,L:M:2",1,0.634,M,"M:4269,V:3,I:6,L:2,?:4"
GCF_000864105.1_noTerminalStopCodon.part_lcl__NC_007359.1_cds_YP_308666.1_4,PA,polymerase,312,negative,0.218,0.939,-,0.002,"K:K:22,K:N:2,K:R:5,E:K:1",1,0.637,K,"K:4261,N:2,R:8,?:6,E:7"
GCF_000864105.1_noTerminalStopCodon.part_lcl__NC_007359.1_cds_YP_308666.1_4,PA,polymerase,313,negative,0,0.571,-,0,"T:T:13,S:T:1,I:T:1",1,0.667,T,"T:4273,?:9,S:1,I:1"
GCF_000864105.1_noTerminalStopCodon.part_lcl__NC_007359.1_cds_YP_308666.1_4,PA,polymerase,314,negative,0,0.967,-,0,"F:F:15,F:S:1",1,0.667,F,"F:4273,?:10,S:1"
GCF_000864105.1_noTerminalStopCodon.part_lcl__NC_007359.1_cds_YP_308666.1_4,PA,polymerase,315,negative,0.113,1.495,-,0,"F:F:22,F:L:8,C:F:2,F:Y:1,F:V:1",1,0.667,F,"F:4265,L:10,C:2,?:5,Y:1,V:1"
GCF_000864105.1_noTerminalStopCodon.part_lcl__NC_007359.1_cds_YP_308666.1_4,PA,polymerase,316,negative,0.084,2.251,-,0,"D:G:4,G:G:45",1,0.667,G,"G:4268,D:11,?:5"
GCF_000864105.1_noTerminalStopCodon.part_lcl__NC_007359.1_cds_YP_308666.1_4,PA,polymerase,317,neutral,0,0.215,-,1,NA,1,0.667,W,"W:4279,?:5"
GCF_000864105.1_noTerminalStopCodon.part_lcl__NC_007359.1_cds_YP_308666.1_4,PA,polymerase,318,negative,0,1.171,-,0,"K:K:21,E:K:1,K:R:1,K:T:1",1,0.667,K,"K:4276,E:1,?:5,R:1,T:1"
GCF_000864105.1_noTerminalStopCodon.part_lcl__NC_007359.1_cds_YP_308666.1_4,PA,polymerase,319,negative,0.055,0.813,-,0,"D:E:8,E:E:19,E:K:2,E:G:1,A:E:1",1,0.667,E,"E:4255,D:20,K:2,G:1,?:5,A:1"
GCF_000864105.1_noTerminalStopCodon.part_lcl__NC_007359.1_cds_YP_308666.1_4,PA,polymerase,320,negative,0,0.676,-,0,"P:P:14,P:S:1",1,0.667,P,"P:4279,S:1,?:4"
GCF_000864105.1_noTerminalStopCodon.part_lcl__NC_007359.1_cds_YP_308666.1_4,PA,polymerase,321,negative,0.3,1.621,-,0,"N:N:21,I:N:4,D:N:1,G:N:1,H:N:2,K:N:4,N:S:2,G:S:1,N:T:2",1,0.667,N,"N:4243,I:5,D:1,G:7,H:5,K:6,S:11,?:4,T:2"
GCF_000864105.1_noTerminalStopCodon.part_lcl__NC_007359.1_cds_YP_308666.1_4,PA,polymerase,322,negative,0.325,2.4,-,0,"I:I:41,I:V:14,V:V:1,I:L:1",1,0.667,I,"I:3900,V:282,?:4,L:98"
GCF_000864105.1_noTerminalStopCodon.part_lcl__NC_007359.1_cds_YP_308666.1_4,PA,polymerase,323,neutral,0.783,1.009,-,0.459,"A:V:9,I:V:22,V:V:19,I:I:1",1,0.667,V,"V:3938,A:20,I:321,?:5"
GCF_000864105.1_noTerminalStopCodon.part_lcl__NC_007359.1_cds_YP_308666.1_4,PA,polymerase,324,negative,0,1.315,-,0,"K:K:26,E:K:1",1,0.667,K,"K:4277,?:6,E:1"
GCF_000864105.1_noTerminalStopCodon.part_lcl__NC_007359.1_cds_YP_308666.1_4,PA,polymerase,325,negative,0.15,1.131,-,0,"L:P:4,P:Q:3,P:P:27,P:S:2",1,0.667,P,"P:4258,L:7,Q:3,?:5,S:11"
GCF_000864105.1_noTerminalStopCodon.part_lcl__NC_007359.1_cds_YP_308666.1_4,PA,polymerase,326,negative,0,0.713,-,0,"H:H:11,H:Q:2",1,0.667,H,"H:4278,Q:2,?:4"
GCF_000864105.1_noTerminalStopCodon.part_lcl__NC_007359.1_cds_YP_308666.1_4,PA,polymerase,327,negative,0.38,1.048,-,0.014,"E:K:6,E:E:20,E:G:9,D:E:2,E:V:1",1,0.305,E,"E:4248,K:8,G:15,?:4,D:7,V:2"
GCF_000864105.1_noTerminalStopCodon.part_lcl__NC_007359.1_cds_YP_308666.1_4,PA,polymerase,328,negative,0,2.15,-,0,"K:R:6,K:K:40,E:K:1",1,0.667,K,"K:4273,R:6,E:1,?:4"
GCF_000864105.1_noTerminalStopCodon.part_lcl__NC_007359.1_cds_YP_308666.1_4,PA,polymerase,329,negative,0,1.272,-,0,"G:G:26,G:S:1",1,0.667,G,"G:4278,?:5,S:1"
GCF_000864105.1_noTerminalStopCodon.part_lcl__NC_007359.1_cds_YP_308666.1_4,PA,polymerase,330,neutral,0.2,0.538,-,0.203,"I:V:8,I:I:3,I:M:1,I:T:2",1,0.205,I,"I:4222,V:13,?:5,M:2,T:42"
GCF_000864105.1_noTerminalStopCodon.part_lcl__NC_007359.1_cds_YP_308666.1_4,PA,polymerase,331,negative,0.099,1.435,-,0,"N:N:21,N:S:1,N:T:1",1,0.667,N,"N:4272,S:5,?:5,T:2"
GCF_000864105.1_noTerminalStopCodon.part_lcl__NC_007359.1_cds_YP_308666.1_4,PA,polymerase,332,negative,0.3,1.233,-,0,"P:S:12,H:P:1,P:T:2,P:P:25,L:P:7,?:P:1",1,0.27,P,"P:4240,S:25,H:1,T:4,L:8,?:6"
GCF_000864105.1_noTerminalStopCodon.part_lcl__NC_007359.1_cds_YP_308666.1_4,PA,polymerase,333,negative,0.05,1.253,-,0,"N:N:20,H:N:1",1,0.667,N,"N:4277,?:5,H:2"
GCF_000864105.1_noTerminalStopCodon.part_lcl__NC_007359.1_cds_YP_308666.1_4,PA,polymerase,334,negative,0,2.277,-,0,"Y:Y:33,F:Y:1",1,0.667,Y,"Y:4277,?:6,F:1"
GCF_000864105.1_noTerminalStopCodon.part_lcl__NC_007359.1_cds_YP_308666.1_4,PA,polymerase,335,negative,0.059,1.28,-,0,"L:L:27,F:L:4,I:L:1",1,0.667,L,"L:4272,F:4,?:5,I:3"
GCF_000864105.1_noTerminalStopCodon.part_lcl__NC_007359.1_cds_YP_308666.1_4,PA,polymerase,336,negative,0.197,0.677,-,0.043,"L:L:30,L:M:6,L:R:1,L:Q:1",1,0.631,L,"L:4268,?:6,M:7,R:2,Q:1"
GCF_000864105.1_noTerminalStopCodon.part_lcl__NC_007359.1_cds_YP_308666.1_4,PA,polymerase,337,negative,0.279,0.791,-,0.021,"A:V:7,A:A:14,A:T:28,A:S:2,T:T:2",1,0.521,A,"A:4156,V:8,T:111,S:3,?:6"
GCF_000864105.1_noTerminalStopCodon.part_lcl__NC_007359.1_cds_YP_308666.1_4,PA,polymerase,338,neutral,0,0.047,-,1,F:W:1,1,0.667,W,"W:4277,?:6,F:1"
GCF_000864105.1_noTerminalStopCodon.part_lcl__NC_007359.1_cds_YP_308666.1_4,PA,polymerase,339,negative,0.109,0.634,-,0.004,"K:K:15,K:R:7,K:T:1,K:N:2",1,0.667,K,"K:4254,?:7,R:19,T:1,N:3"
GCF_000864105.1_noTerminalStopCodon.part_lcl__NC_007359.1_cds_YP_308666.1_4,PA,polymerase,340,negative,0,0.825,-,0,"Q:Q:18,P:Q:1,K:Q:2,H:Q:1",1,0.667,Q,"Q:4273,?:7,P:1,K:2,H:1"
GCF_000864105.1_noTerminalStopCodon.part_lcl__NC_007359.1_cds_YP_308666.1_4,PA,polymerase,341,negative,0,1.159,-,0,"V:V:31,A:V:1,L:V:2,M:V:1",1,0.667,V,"V:4274,A:1,?:6,L:2,M:1"
GCF_000864105.1_noTerminalStopCodon.part_lcl__NC_007359.1_cds_YP_308666.1_4,PA,polymerase,342,neutral,0.482,0.971,-,0.109,"L:M:9,L:Q:3,L:L:40,I:L:1,L:R:1",1,0.667,L,"M:30,L:4244,Q:3,?:5,I:1,R:1"
GCF_000864105.1_noTerminalStopCodon.part_lcl__NC_007359.1_cds_YP_308666.1_4,PA,polymerase,343,neutral,0.442,0.604,-,0.462,"A:V:3,A:A:13,A:S:7,L:S:1,S:S:1,A:T:10,A:E:1",1,0.667,A,"A:3822,V:8,?:5,S:411,L:1,T:36,E:1"
GCF_000864105.1_noTerminalStopCodon.part_lcl__NC_007359.1_cds_YP_308666.1_4,PA,polymerase,344,negative,0,1.2,-,0,"E:E:21,E:K:1,E:G:1",1,0.667,E,"E:4274,?:8,K:1,G:1"
GCF_000864105.1_noTerminalStopCodon.part_lcl__NC_007359.1_cds_YP_308666.1_4,PA,polymerase,345,negative,0.241,1.223,-,0,"I:L:11,L:L:26,F:L:2",1,0.667,L,"L:4257,I:17,?:7,F:3"
GCF_000864105.1_noTerminalStopCodon.part_lcl__NC_007359.1_cds_YP_308666.1_4,PA,polymerase,346,negative,0.085,0.629,-,0.012,"Q:Q:12,Q:R:1,H:Q:1",1,0.667,Q,"Q:4275,?:5,R:3,H:1"
GCF_000864105.1_noTerminalStopCodon.part_lcl__NC_007359.1_cds_YP_308666.1_4,PA,polymerase,347,negative,0.048,1.444,-,0,"D:N:4,D:G:3,D:D:21,D:T:1,D:E:1,D:Y:1",1,0.667,D,"D:4267,N:4,G:3,?:5,T:1,E:3,Y:1"
GCF_000864105.1_noTerminalStopCodon.part_lcl__NC_007359.1_cds_YP_308666.1_4,PA,polymerase,348,neutral,0.21,0.375,-,0.346,"I:S:1,I:V:3,I:L:6,F:L:1,I:I:7,I:M:3,F:I:1",1,0.667,I,"I:3966,S:1,V:4,L:303,F:2,?:5,M:3"
GCF_000864105.1_noTerminalStopCodon.part_lcl__NC_007359.1_cds_YP_308666.1_4,PA,polymerase,349,negative,0.107,1.201,-,0,"E:E:21,E:G:10,A:E:1,G:G:1,E:K:1",1,0.667,E,"E:4261,G:14,?:5,A:3,K:1"
GCF_000864105.1_noTerminalStopCodon.part_lcl__NC_007359.1_cds_YP_308666.1_4,PA,polymerase,350,negative,0.249,0.973,-,0.004,"N:N:15,H:N:2,N:S:10,N:T:3,D:N:1,I:N:1",1,0.667,N,"N:4237,H:7,S:29,?:5,T:4,D:1,I:1"
GCF_000864105.1_noTerminalStopCodon.part_lcl__NC_007359.1_cds_YP_308666.1_4,PA,polymerase,351,negative,0.275,1.338,-,0,"E:G:5,E:E:30,D:E:3",1,0.667,E,"E:4247,G:8,?:6,D:23"
GCF_000864105.1_noTerminalStopCodon.part_lcl__NC_007359.1_cds_YP_308666.1_4,PA,polymerase,352,neutral,0.329,0.694,-,0.105,"E:E:14,E:G:7,E:K:2,D:E:6,D:N:1,D:G:1,D:Y:1",1,0.667,E,"E:3983,G:9,K:5,?:8,D:275,N:3,Y:1"
GCF_000864105.1_noTerminalStopCodon.part_lcl__NC_007359.1_cds_YP_308666.1_4,PA,polymerase,353,negative,0.265,1.026,-,0.003,"E:K:5,K:R:11,K:K:17,K:N:1,K:Q:1,I:R:1,R:R:1",1,0.418,K,"E:5,K:4195,R:74,N:1,?:6,Q:1,I:2"
GCF_000864105.1_noTerminalStopCodon.part_lcl__NC_007359.1_cds_YP_308666.1_4,PA,polymerase,354,negative,0.596,1.711,-,0.001,"I:T:13,I:I:32,I:S:1,I:V:8,F:I:4,I:L:1,F:V:1",1,0.178,I,"I:4131,T:19,S:1,?:5,V:27,F:100,L:1"
GCF_000864105.1_noTerminalStopCodon.part_lcl__NC_007359.1_cds_YP_308666.1_4,PA,polymerase,355,negative,0.099,0.779,-,0,"P:S:5,P:P:18,P:Q:1,L:P:4",1,0.667,P,"P:4266,S:7,Q:1,?:6,L:4"
GCF_000864105.1_noTerminalStopCodon.part_lcl__NC_007359.1_cds_YP_308666.1_4,PA,polymerase,356,negative,0.16,1.091,-,0,"K:R:9,K:K:20,K:T:1",1,0.667,K,"K:4257,R:19,T:1,?:7"
GCF_000864105.1_noTerminalStopCodon.part_lcl__NC_007359.1_cds_YP_308666.1_4,PA,polymerase,357,neutral,0.337,0.712,-,0.086,"T:T:16,A:T:4,M:T:1,K:T:2,I:T:6,T:V:1,N:T:1",1,0.056,T,"T:4254,A:4,?:6,M:2,K:6,I:10,V:1,N:1"
GCF_000864105.1_noTerminalStopCodon.part_lcl__NC_007359.1_cds_YP_308666.1_4,PA,polymerase,358,negative,0.054,1.437,-,0,"K:R:3,K:K:33,K:N:1",1,0.667,K,"K:4272,R:4,N:1,?:7"
GCF_000864105.1_noTerminalStopCodon.part_lcl__NC_007359.1_cds_YP_308666.1_4,PA,polymerase,359,negative,0.148,0.827,-,0.003,"N:N:12,K:N:4,N:S:6,I:N:1,N:T:1,D:N:1",1,0.199,N,"N:4259,K:5,?:5,S:10,I:1,T:3,D:1"
GCF_000864105.1_noTerminalStopCodon.part_lcl__NC_007359.1_cds_YP_308666.1_4,PA,polymerase,360,neutral,0.034,0.007,-,0.928,"I:M:9,M:V:3,L:M:2",1,0.663,M,"M:4264,I:10,?:5,V:3,L:2"
GCF_000864105.1_noTerminalStopCodon.part_lcl__NC_007359.1_cds_YP_308666.1_4,PA,polymerase,361,negative,0.163,1.07,-,0,"K:R:4,K:K:25,K:N:1",1,0.667,K,"K:4256,R:20,?:6,N:2"
GCF_000864105.1_noTerminalStopCodon.part_lcl__NC_007359.1_cds_YP_308666.1_4,PA,polymerase,362,negative,0.159,0.837,-,0.002,"K:R:8,K:K:15",1,0.667,K,"K:4265,R:14,?:5"
GCF_000864105.1_noTerminalStopCodon.part_lcl__NC_007359.1_cds_YP_308666.1_4,PA,polymerase,363,negative,0,0.342,-,0.001,"T:T:8,S:T:1",1,0.667,T,"T:4277,?:6,S:1"
GCF_000864105.1_noTerminalStopCodon.part_lcl__NC_007359.1_cds_YP_308666.1_4,PA,polymerase,364,negative,0.394,1.26,-,0.002,"I:S:4,G:S:20,S:S:17,G:G:2,G:V:1,C:G:1,A:S:1,R:S:1,C:S:2",1,0.378,S,"S:4065,I:6,G:201,?:5,V:2,C:3,A:1,R:1"
GCF_000864105.1_noTerminalStopCodon.part_lcl__NC_007359.1_cds_YP_308666.1_4,PA,polymerase,365,negative,0.169,1.673,-,0,"Q:Q:29,H:Q:5,P:Q:1",1,0.667,Q,"Q:4270,?:5,H:8,P:1"
GCF_000864105.1_noTerminalStopCodon.part_lcl__NC_007359.1_cds_YP_308666.1_4,PA,polymerase,366,negative,0,1.634,-,0,L:L:53,1,0.667,L,"L:4279,?:5"
GCF_000864105.1_noTerminalStopCodon.part_lcl__NC_007359.1_cds_YP_308666.1_4,PA,polymerase,367,negative,0.325,1.144,-,0.002,"K:R:15,K:K:25,R:R:2",1,0.286,K,"K:4108,R:171,?:5"
GCF_000864105.1_noTerminalStopCodon.part_lcl__NC_007359.1_cds_YP_308666.1_4,PA,polymerase,368,negative,0,10000,-,0,R:W:1,1,0.667,W,"W:4278,?:5,R:1"
GCF_000864105.1_noTerminalStopCodon.part_lcl__NC_007359.1_cds_YP_308666.1_4,PA,polymerase,369,neutral,0.234,0.256,-,0.884,"A:V:3,A:T:7,A:A:6",1,0.626,A,"A:4251,V:15,T:13,?:5"
GCF_000864105.1_noTerminalStopCodon.part_lcl__NC_007359.1_cds_YP_308666.1_4,PA,polymerase,370,negative,0,0.692,-,0,L:L:15,1,0.667,L,"L:4279,?:5"
GCF_000864105.1_noTerminalStopCodon.part_lcl__NC_007359.1_cds_YP_308666.1_4,PA,polymerase,371,negative,0,0.317,-,0.001,G:G:7,1,0.667,G,"G:4278,?:6"
GCF_000864105.1_noTerminalStopCodon.part_lcl__NC_007359.1_cds_YP_308666.1_4,PA,polymerase,372,negative,0,1.598,-,0,"E:E:36,D:E:2",1,0.667,E,"E:4276,?:6,D:2"
GCF_000864105.1_noTerminalStopCodon.part_lcl__NC_007359.1_cds_YP_308666.1_4,PA,polymerase,373,negative,0,3.991,-,0,"N:N:54,N:S:4,D:N:1",1,0.667,N,"N:4274,S:4,?:5,D:1"
GCF_000864105.1_noTerminalStopCodon.part_lcl__NC_007359.1_cds_YP_308666.1_4,PA,polymerase,374,neutral,0.069,0,-,0.933,"M:V:2,I:M:3,L:M:2,M:T:1,M:R:3",1,0.629,M,"M:4264,?:6,V:2,I:5,L:2,T:1,R:4"
GCF_000864105.1_noTerminalStopCodon.part_lcl__NC_007359.1_cds_YP_308666.1_4,PA,polymerase,375,negative,0,0.656,-,0,A:A:15,1,0.667,A,"A:4279,?:5"
GCF_000864105.1_noTerminalStopCodon.part_lcl__NC_007359.1_cds_YP_308666.1_4,PA,polymerase,376,negative,0,1.117,-,0,P:P:25,1,0.667,P,"P:4278,?:6"
GCF_000864105.1_noTerminalStopCodon.part_lcl__NC_007359.1_cds_YP_308666.1_4,PA,polymerase,377,negative,0,1.694,-,0,"E:E:33,A:E:1,E:Q:1",1,0.667,E,"E:4275,?:7,A:1,Q:1"
GCF_000864105.1_noTerminalStopCodon.part_lcl__NC_007359.1_cds_YP_308666.1_4,PA,polymerase,378,negative,0,1.433,-,0,"K:K:25,K:R:1",1,0.667,K,"K:4278,?:5,R:1"
GCF_000864105.1_noTerminalStopCodon.part_lcl__NC_007359.1_cds_YP_308666.1_4,PA,polymerase,379,negative,0.217,0.761,-,0.011,"M:V:5,V:V:19,L:V:2,I:V:5,A:V:2",1,0.129,V,"V:4254,M:10,?:5,L:2,I:11,A:2"
GCF_000864105.1_noTerminalStopCodon.part_lcl__NC_007359.1_cds_YP_308666.1_4,PA,polymerase,380,negative,0,1.239,-,0,"D:D:18,D:G:1,D:N:2",1,0.667,D,"D:4274,?:7,G:1,N:2"
GCF_000864105.1_noTerminalStopCodon.part_lcl__NC_007359.1_cds_YP_308666.1_4,PA,polymerase,381,negative,0,0.19,-,0.034,F:F:3,1,0.667,F,"F:4279,?:5"
GCF_000864105.1_noTerminalStopCodon.part_lcl__NC_007359.1_cds_YP_308666.1_4,PA,polymerase,382,negative,0.282,0.901,-,0.011,"E:E:21,E:V:1,D:E:7,D:G:1,E:K:1",1,0.667,E,"E:4180,V:2,?:5,D:91,G:5,K:1"
GCF_000864105.1_noTerminalStopCodon.part_lcl__NC_007359.1_cds_YP_308666.1_4,PA,polymerase,383,negative,0.097,1.582,-,0,"D:D:22,D:E:2,D:N:3,D:Y:1",1,0.667,D,"D:4271,E:2,?:5,N:4,Y:2"
GCF_000864105.1_noTerminalStopCodon.part_lcl__NC_007359.1_cds_YP_308666.1_4,PA,polymerase,384,negative,0,0.48,-,0,"C:C:7,C:Y:1",1,0.667,C,"C:4278,?:5,Y:1"
GCF_000864105.1_noTerminalStopCodon.part_lcl__NC_007359.1_cds_YP_308666.1_4,PA,polymerase,385,negative,0.106,0.684,-,0.003,"E:K:1,K:K:13,K:R:5,K:N:1,K:Q:1",1,0.667,K,"K:4269,E:1,R:7,?:5,N:1,Q:1"
GCF_000864105.1_noTerminalStopCodon.part_lcl__NC_007359.1_cds_YP_308666.1_4,PA,polymerase,386,negative,0.097,0.723,-,0.002,"D:N:5,D:D:11,D:G:7",1,0.667,D,"D:4264,N:8,G:7,?:5"
GCF_000864105.1_noTerminalStopCodon.part_lcl__NC_007359.1_cds_YP_308666.1_4,PA,polymerase,387,neutral,0.77,0.941,-,0.564,"V:V:20,I:V:39,F:V:2,T:V:1,A:V:1,D:V:1",1,0.667,V,"V:4172,I:102,F:2,?:5,T:1,A:1,D:1"
GCF_000864105.1_noTerminalStopCodon.part_lcl__NC_007359.1_cds_YP_308666.1_4,PA,polymerase,388,negative,0.201,1.881,-,0,"S:S:25,N:S:13,G:S:12,D:G:1,G:G:3,C:G:1,R:S:4,I:S:4",1,0.667,S,"S:3942,N:14,G:295,D:1,C:1,?:6,R:21,I:4"
GCF_000864105.1_noTerminalStopCodon.part_lcl__NC_007359.1_cds_YP_308666.1_4,PA,polymerase,389,negative,0,1.432,-,0,"D:D:22,D:G:1",1,0.667,D,"D:4278,?:5,G:1"
GCF_000864105.1_noTerminalStopCodon.part_lcl__NC_007359.1_cds_YP_308666.1_4,PA,polymerase,390,negative,0,0.848,-,0,L:L:31,1,0.667,L,"L:4278,?:6"
GCF_000864105.1_noTerminalStopCodon.part_lcl__NC_007359.1_cds_YP_308666.1_4,PA,polymerase,391,negative,0.57,1.301,-,0.017,"R:R:19,K:R:32,K:K:6,Q:R:3,K:T:1,G:R:1,I:R:1",1,0.667,R,"R:3371,K:900,?:7,Q:3,T:1,G:1,I:1"
GCF_000864105.1_noTerminalStopCodon.part_lcl__NC_007359.1_cds_YP_308666.1_4,PA,polymerase,392,negative,0,1.405,-,0,Q:Q:32,1,0.667,Q,"Q:4279,?:5"
GCF_000864105.1_noTerminalStopCodon.part_lcl__NC_007359.1_cds_YP_308666.1_4,PA,polymerase,393,negative,0,1.668,-,0,Y:Y:25,1,0.667,Y,"Y:4279,?:5"
GCF_000864105.1_noTerminalStopCodon.part_lcl__NC_007359.1_cds_YP_308666.1_4,PA,polymerase,394,neutral,0.486,0.961,-,0.1,"D:G:11,D:D:14,D:N:17,D:E:3,D:Y:1,A:D:1,D:V:1",1,0.333,D,"D:4216,G:12,N:45,E:3,Y:1,?:5,A:1,V:1"
GCF_000864105.1_noTerminalStopCodon.part_lcl__NC_007359.1_cds_YP_308666.1_4,PA,polymerase,395,negative,0.117,1.018,-,0,"S:S:15,N:S:7,G:S:2",1,0.667,S,"S:4255,N:20,?:6,G:3"
GCF_000864105.1_noTerminalStopCodon.part_lcl__NC_007359.1_cds_YP_308666.1_4,PA,polymerase,396,negative,0.243,1.267,-,0,"D:D:19,D:N:9,D:G:10,D:E:4,E:G:1",1,0.255,D,"D:4246,N:12,?:6,G:11,E:9"
GCF_000864105.1_noTerminalStopCodon.part_lcl__NC_007359.1_cds_YP_308666.1_4,PA,polymerase,397,negative,0.054,0.993,-,0,"E:G:3,E:K:5,E:E:19,D:E:1,A:E:1",1,0.667,E,"E:4268,G:3,K:5,?:5,D:2,A:1"
GCF_000864105.1_noTerminalStopCodon.part_lcl__NC_007359.1_cds_YP_308666.1_4,PA,polymerase,398,negative,0,0.751,-,0,"P:P:17,P:S:1",1,0.667,P,"P:4278,?:5,S:1"
GCF_000864105.1_noTerminalStopCodon.part_lcl__NC_007359.1_cds_YP_308666.1_4,PA,polymerase,399,negative,0.671,1.383,-,0.03,"E:E:30,E:G:7,E:K:15,D:E:6,E:V:1,D:G:1",1,0.636,E,"E:4118,G:19,K:71,D:70,?:5,V:1"
GCF_000864105.1_noTerminalStopCodon.part_lcl__NC_007359.1_cds_YP_308666.1_4,PA,polymerase,400,neutral,0.772,1.081,-,0.335,"P:S:24,S:S:10,P:P:8,L:P:2,A:P:2,P:Q:1,Q:Q:2,K:Q:1,S:Y:1,S:T:2,F:S:1,L:S:1",1,0.667,S,"S:3025,P:862,L:3,A:4,?:6,Q:361,K:1,Y:2,T:19,F:1"
GCF_000864105.1_noTerminalStopCodon.part_lcl__NC_007359.1_cds_YP_308666.1_4,PA,polymerase,401,negative,0.171,0.867,-,0.001,"R:R:17,K:R:9,K:K:1,G:R:1",1,0.667,R,"R:4246,?:6,K:31,G:1"
GCF_000864105.1_noTerminalStopCodon.part_lcl__NC_007359.1_cds_YP_308666.1_4,PA,polymerase,402,negative,0,0.98,-,0,S:S:23,1,0.667,S,"S:4276,?:8"
GCF_000864105.1_noTerminalStopCodon.part_lcl__NC_007359.1_cds_YP_308666.1_4,PA,polymerase,403,negative,0.195,1.001,-,0.004,"L:L:35,I:L:4,L:P:2",1,0.667,L,"L:4230,I:10,P:38,?:6"
GCF_000864105.1_noTerminalStopCodon.part_lcl__NC_007359.1_cds_YP_308666.1_4,PA,polymerase,404,neutral,0.645,0.393,-,0.251,"A:V:3,A:T:8,A:A:8,A:E:2,A:S:14,S:S:1,P:S:1",1,0.077,A,"A:3855,V:5,T:10,E:3,?:5,S:404,P:2"
GCF_000864105.1_noTerminalStopCodon.part_lcl__NC_007359.1_cds_YP_308666.1_4,PA,polymerase,405,negative,0.158,0.679,-,0.009,"G:S:7,S:S:9,N:S:6,C:S:4",1,0.643,S,"S:4231,G:7,N:8,C:32,?:6"
GCF_000864105.1_noTerminalStopCodon.part_lcl__NC_007359.1_cds_YP_308666.1_4,PA,polymerase,406,neutral,0,0,-,1,R:W:1,1,0.667,W,"W:4278,?:5,R:1"
GCF_000864105.1_noTerminalStopCodon.part_lcl__NC_007359.1_cds_YP_308666.1_4,PA,polymerase,407,negative,0.267,1.657,-,0,"I:I:30,I:V:18,I:T:4",1,0.162,I,"I:4231,V:35,?:14,T:4"
GCF_000864105.1_noTerminalStopCodon.part_lcl__NC_007359.1_cds_YP_308666.1_4,PA,polymerase,408,negative,0,0.862,-,0,Q:Q:20,1,0.667,Q,"Q:4275,?:9"
GCF_000864105.1_noTerminalStopCodon.part_lcl__NC_007359.1_cds_YP_308666.1_4,PA,polymerase,409,negative,0.154,0.917,-,0,"N:S:19,S:S:12,G:S:4,C:S:1",1,0.667,S,"S:4240,N:22,?:7,G:12,C:3"
GCF_000864105.1_noTerminalStopCodon.part_lcl__NC_007359.1_cds_YP_308666.1_4,PA,polymerase,410,negative,0,0.773,-,0,E:E:14,1,0.667,E,"E:4276,?:8"
GCF_000864105.1_noTerminalStopCodon.part_lcl__NC_007359.1_cds_YP_308666.1_4,PA,polymerase,411,negative,0,0.884,-,0,"F:F:13,F:Y:2,F:L:1",1,0.667,F,"F:4275,Y:2,?:6,L:1"
GCF_000864105.1_noTerminalStopCodon.part_lcl__NC_007359.1_cds_YP_308666.1_4,PA,polymerase,412,negative,0,0.961,-,0,N:N:14,1,0.667,N,"N:4276,?:8"
GCF_000864105.1_noTerminalStopCodon.part_lcl__NC_007359.1_cds_YP_308666.1_4,PA,polymerase,413,negative,0,0.944,-,0,K:K:20,1,0.667,K,"K:4275,?:9"
GCF_000864105.1_noTerminalStopCodon.part_lcl__NC_007359.1_cds_YP_308666.1_4,PA,polymerase,414,negative,0,0.749,-,0,"A:A:17,A:T:1",1,0.667,A,"A:4275,T:1,?:8"
GCF_000864105.1_noTerminalStopCodon.part_lcl__NC_007359.1_cds_YP_308666.1_4,PA,polymerase,415,negative,0,2.203,-,0,"C:C:32,C:W:1",1,0.667,C,"C:4275,?:8,W:1"
GCF_000864105.1_noTerminalStopCodon.part_lcl__NC_007359.1_cds_YP_308666.1_4,PA,polymerase,416,negative,0,0.961,-,0,"E:E:17,E:G:1",1,0.667,E,"E:4270,G:1,?:13"
GCF_000864105.1_noTerminalStopCodon.part_lcl__NC_007359.1_cds_YP_308666.1_4,PA,polymerase,417,negative,0,0.843,-,0,"L:P:1,L:L:32",1,0.667,L,"L:4270,P:1,?:13"
GCF_000864105.1_noTerminalStopCodon.part_lcl__NC_007359.1_cds_YP_308666.1_4,PA,polymerase,418,negative,0,0.515,-,0,"T:T:11,A:T:3",1,0.667,T,"T:4267,A:3,?:14"
GCF_000864105.1_noTerminalStopCodon.part_lcl__NC_007359.1_cds_YP_308666.1_4,PA,polymerase,419,negative,0.296,1.178,-,0.002,"D:G:3,D:N:7,D:D:18,D:E:4",1,0.138,D,"D:4243,G:6,N:13,E:8,?:14"
GCF_000864105.1_noTerminalStopCodon.part_lcl__NC_007359.1_cds_YP_308666.1_4,PA,polymerase,420,negative,0,1.95,-,0,S:S:47,1,0.667,S,"S:4269,?:15"
GCF_000864105.1_noTerminalStopCodon.part_lcl__NC_007359.1_cds_YP_308666.1_4,PA,polymerase,421,negative,0.236,1.247,-,0,"S:S:18,G:S:6,I:S:5,S:T:2,N:S:1",1,0.093,S,"S:4163,G:21,I:82,?:15,T:2,N:1"
GCF_000864105.1_noTerminalStopCodon.part_lcl__NC_007359.1_cds_YP_308666.1_4,PA,polymerase,422,neutral,0,0,-,1,NA,1,1,W,"W:4270,?:14"
GCF_000864105.1_noTerminalStopCodon.part_lcl__NC_007359.1_cds_YP_308666.1_4,PA,polymerase,423,negative,0.387,0.911,-,0.05,"I:I:13,I:V:10,I:T:2,I:L:1,I:M:2,V:V:1",1,0.667,I,"I:4099,V:160,T:6,L:1,M:3,?:15"
GCF_000864105.1_noTerminalStopCodon.part_lcl__NC_007359.1_cds_YP_308666.1_4,PA,polymerase,424,negative,0,1.252,-,0,"E:E:23,D:E:1,E:K:1",1,0.667,E,"E:4266,?:16,D:1,K:1"
GCF_000864105.1_noTerminalStopCodon.part_lcl__NC_007359.1_cds_YP_308666.1_4,PA,polymerase,425,negative,0.181,0.967,-,0.001,"F:L:11,L:L:22,I:L:1",1,0.667,L,"L:4237,F:31,?:15,I:1"
GCF_000864105.1_noTerminalStopCodon.part_lcl__NC_007359.1_cds_YP_308666.1_4,PA,polymerase,426,negative,0.048,1.095,-,0,"D:D:17,D:E:1",1,0.667,D,"D:4268,E:2,?:14"
GCF_000864105.1_noTerminalStopCodon.part_lcl__NC_007359.1_cds_YP_308666.1_4,PA,polymerase,427,negative,0,1.636,-,0,"E:E:32,E:G:2",1,0.667,E,"E:4268,G:2,?:14"
GCF_000864105.1_noTerminalStopCodon.part_lcl__NC_007359.1_cds_YP_308666.1_4,PA,polymerase,428,negative,0,0.956,-,0,"I:I:5,I:V:5,I:L:1",1,0.667,I,"I:4264,V:5,?:14,L:1"
GCF_000864105.1_noTerminalStopCodon.part_lcl__NC_007359.1_cds_YP_308666.1_4,PA,polymerase,429,negative,0,1.281,-,0,"G:G:32,G:R:2",1,0.667,G,"G:4267,R:2,?:15"
GCF_000864105.1_noTerminalStopCodon.part_lcl__NC_007359.1_cds_YP_308666.1_4,PA,polymerase,430,negative,0.053,0.814,-,0,"E:E:15,E:G:2,D:E:2",1,0.667,E,"E:4265,G:2,?:14,D:3"
GCF_000864105.1_noTerminalStopCodon.part_lcl__NC_007359.1_cds_YP_308666.1_4,PA,polymerase,431,negative,0,2.002,-,0,"D:D:29,D:N:1",1,0.667,D,"D:4269,?:14,N:1"
GCF_000864105.1_noTerminalStopCodon.part_lcl__NC_007359.1_cds_YP_308666.1_4,PA,polymerase,432,neutral,0.495,0.803,-,0.236,"V:V:16,I:V:30,L:V:1",1,0.667,V,"V:3618,I:651,L:1,?:14"
GCF_000864105.1_noTerminalStopCodon.part_lcl__NC_007359.1_cds_YP_308666.1_4,PA,polymerase,433,negative,0,0.986,-,0,A:A:21,1,0.667,A,"A:4268,?:16"
GCF_000864105.1_noTerminalStopCodon.part_lcl__NC_007359.1_cds_YP_308666.1_4,PA,polymerase,434,negative,0,1.222,-,0,"P:P:28,P:Q:1",1,0.667,P,"P:4267,Q:1,?:16"
GCF_000864105.1_noTerminalStopCodon.part_lcl__NC_007359.1_cds_YP_308666.1_4,PA,polymerase,435,negative,0,1.622,-,0,"I:I:30,I:L:1",1,0.667,I,"I:4268,L:1,?:15"
GCF_000864105.1_noTerminalStopCodon.part_lcl__NC_007359.1_cds_YP_308666.1_4,PA,polymerase,436,negative,0,1.291,-,0,E:E:26,1,0.667,E,"E:4269,?:15"
GCF_000864105.1_noTerminalStopCodon.part_lcl__NC_007359.1_cds_YP_308666.1_4,PA,polymerase,437,negative,0.052,0.748,-,0,"H:Y:6,H:H:11,H:N:1",1,0.667,H,"H:4258,Y:10,N:1,?:15"
GCF_000864105.1_noTerminalStopCodon.part_lcl__NC_007359.1_cds_YP_308666.1_4,PA,polymerase,438,negative,0.051,0.381,-,0.02,"I:V:5,I:I:7",1,0.667,I,"I:4262,V:6,?:16"
GCF_000864105.1_noTerminalStopCodon.part_lcl__NC_007359.1_cds_YP_308666.1_4,PA,polymerase,439,negative,0,1.041,-,0,A:A:26,1,0.667,A,"A:4266,?:18"
GCF_000864105.1_noTerminalStopCodon.part_lcl__NC_007359.1_cds_YP_308666.1_4,PA,polymerase,440,negative,0,1.41,-,0,"S:S:21,G:S:1",1,0.667,S,"S:4266,?:17,G:1"
GCF_000864105.1_noTerminalStopCodon.part_lcl__NC_007359.1_cds_YP_308666.1_4,PA,polymerase,441,neutral,0.16,0.284,-,0.521,"M:V:10,M:T:5,K:M:1,I:M:1,V:V:2,L:V:2",1,0.578,V,"V:2397,M:1856,T:9,K:1,I:1,?:18,L:2"
GCF_000864105.1_noTerminalStopCodon.part_lcl__NC_007359.1_cds_YP_308666.1_4,PA,polymerase,442,negative,0,0.632,-,0,"R:R:15,K:R:1",1,0.667,R,"R:4265,K:1,?:18"
GCF_000864105.1_noTerminalStopCodon.part_lcl__NC_007359.1_cds_YP_308666.1_4,PA,polymerase,443,negative,0,1.766,-,0,R:R:43,1,0.667,R,"R:4267,?:17"
GCF_000864105.1_noTerminalStopCodon.part_lcl__NC_007359.1_cds_YP_308666.1_4,PA,polymerase,444,negative,0.198,2.34,-,0,"D:N:6,N:N:33,N:S:3",1,0.667,N,"N:4223,D:7,S:35,?:19"
GCF_000864105.1_noTerminalStopCodon.part_lcl__NC_007359.1_cds_YP_308666.1_4,PA,polymerase,445,negative,0,1.045,-,0,"Y:Y:16,H:Y:1",1,0.667,Y,"Y:4265,H:1,?:18"
GCF_000864105.1_noTerminalStopCodon.part_lcl__NC_007359.1_cds_YP_308666.1_4,PA,polymerase,446,negative,0,0.763,-,0,F:F:11,1,0.667,F,"F:4266,?:18"
GCF_000864105.1_noTerminalStopCodon.part_lcl__NC_007359.1_cds_YP_308666.1_4,PA,polymerase,447,negative,0,0.977,-,0,"T:T:22,A:T:2,P:T:1",1,0.667,T,"T:4263,A:2,P:1,?:18"
GCF_000864105.1_noTerminalStopCodon.part_lcl__NC_007359.1_cds_YP_308666.1_4,PA,polymerase,448,negative,0.14,1.71,-,0,"A:A:42,A:E:3,A:S:3,A:T:10,E:E:1",1,0.667,A,"A:4228,E:18,S:8,T:12,?:18"
GCF_000864105.1_noTerminalStopCodon.part_lcl__NC_007359.1_cds_YP_308666.1_4,PA,polymerase,449,negative,0,1.186,-,0,"E:E:23,E:G:1",1,0.667,E,"E:4265,?:18,G:1"
GCF_000864105.1_noTerminalStopCodon.part_lcl__NC_007359.1_cds_YP_308666.1_4,PA,polymerase,450,negative,0.162,1.392,-,0,"I:V:8,V:V:34,A:V:2",1,0.667,V,"I:14,V:4248,A:2,?:20"
GCF_000864105.1_noTerminalStopCodon.part_lcl__NC_007359.1_cds_YP_308666.1_4,PA,polymerase,451,negative,0.169,0.95,-,0.001,"S:S:20,S:T:3,A:S:1,S:Y:1,F:S:1,C:S:1",1,0.667,S,"S:4251,T:5,?:19,A:5,Y:1,F:1,C:2"
GCF_000864105.1_noTerminalStopCodon.part_lcl__NC_007359.1_cds_YP_308666.1_4,PA,polymerase,452,negative,0.051,1.772,-,0,"H:R:3,H:H:26,H:Q:3,H:N:3,H:Y:2,H:K:1",1,0.667,H,"H:4253,R:3,Q:4,N:3,?:18,Y:2,K:1"
GCF_000864105.1_noTerminalStopCodon.part_lcl__NC_007359.1_cds_YP_308666.1_4,PA,polymerase,453,negative,0,0.54,-,0,"C:R:1,C:C:8,C:S:1,C:F:1,C:G:1",1,0.667,C,"C:4262,R:1,?:18,S:1,F:1,G:1"
GCF_000864105.1_noTerminalStopCodon.part_lcl__NC_007359.1_cds_YP_308666.1_4,PA,polymerase,454,negative,0,0.456,-,0,"R:R:12,G:R:1",1,0.667,R,"R:4265,?:18,G:1"
GCF_000864105.1_noTerminalStopCodon.part_lcl__NC_007359.1_cds_YP_308666.1_4,PA,polymerase,455,negative,0.047,1.337,-,0,"A:V:3,A:T:1,A:A:28,A:S:1",1,0.667,A,"A:4247,V:15,T:1,?:20,S:1"
GCF_000864105.1_noTerminalStopCodon.part_lcl__NC_007359.1_cds_YP_308666.1_4,PA,polymerase,456,negative,0,1.032,-,0,"T:T:22,I:T:1,S:T:1",1,0.667,T,"T:4264,I:1,S:1,?:18"
GCF_000864105.1_noTerminalStopCodon.part_lcl__NC_007359.1_cds_YP_308666.1_4,PA,polymerase,457,negative,0,1.129,-,0,E:E:20,1,0.667,E,"E:4266,?:18"
GCF_000864105.1_noTerminalStopCodon.part_lcl__NC_007359.1_cds_YP_308666.1_4,PA,polymerase,458,negative,0,1.46,-,0,Y:Y:21,1,0.667,Y,"Y:4264,?:20"
GCF_000864105.1_noTerminalStopCodon.part_lcl__NC_007359.1_cds_YP_308666.1_4,PA,polymerase,459,neutral,0.039,0.379,-,0.059,"I:V:3,I:R:1,I:I:2,I:M:4",1,0.667,I,"I:4255,V:4,R:1,?:20,M:4"
GCF_000864105.1_noTerminalStopCodon.part_lcl__NC_007359.1_cds_YP_308666.1_4,PA,polymerase,460,neutral,0,0,-,0.999,"M:R:1,M:V:2,I:M:3",1,0.667,M,"M:4258,R:1,V:2,?:20,I:3"
GCF_000864105.1_noTerminalStopCodon.part_lcl__NC_007359.1_cds_YP_308666.1_4,PA,polymerase,461,negative,0,1.239,-,0,"K:K:28,E:K:1,K:R:1",1,0.667,K,"K:4262,E:1,?:20,R:1"
GCF_000864105.1_noTerminalStopCodon.part_lcl__NC_007359.1_cds_YP_308666.1_4,PA,polymerase,462,negative,0,0.873,-,0,G:G:20,1,0.667,G,"G:4263,?:21"
GCF_000864105.1_noTerminalStopCodon.part_lcl__NC_007359.1_cds_YP_308666.1_4,PA,polymerase,463,negative,0.054,1.251,-,0,"V:V:30,I:V:5",1,0.667,V,"V:4257,I:6,?:21"
GCF_000864105.1_noTerminalStopCodon.part_lcl__NC_007359.1_cds_YP_308666.1_4,PA,polymerase,464,negative,0.204,0.946,-,0.006,"Y:Y:14,H:Y:5,D:Y:1,N:Y:1",1,0.2,Y,"Y:4249,H:12,D:1,?:21,N:1"
GCF_000864105.1_noTerminalStopCodon.part_lcl__NC_007359.1_cds_YP_308666.1_4,PA,polymerase,465,neutral,0.279,0.727,-,0.157,"I:M:8,I:V:4,I:L:1,I:T:12,I:I:4,A:I:1,A:T:1",1,0.167,I,"I:4163,M:34,V:8,?:22,L:1,T:54,A:2"
GCF_000864105.1_noTerminalStopCodon.part_lcl__NC_007359.1_cds_YP_308666.1_4,PA,polymerase,466,negative,0,1.922,-,0,"N:N:27,N:S:5,K:N:2",1,0.667,N,"N:4253,S:5,?:24,K:2"
GCF_000864105.1_noTerminalStopCodon.part_lcl__NC_007359.1_cds_YP_308666.1_4,PA,polymerase,467,negative,0,0.875,-,0,T:T:20,1,0.667,T,"T:4261,?:23"
GCF_000864105.1_noTerminalStopCodon.part_lcl__NC_007359.1_cds_YP_308666.1_4,PA,polymerase,468,negative,0,1.434,-,0,"A:A:29,A:T:1,A:S:1",1,0.667,A,"A:4257,?:25,T:1,S:1"
GCF_000864105.1_noTerminalStopCodon.part_lcl__NC_007359.1_cds_YP_308666.1_4,PA,polymerase,469,negative,0,1.216,-,0,"L:L:48,L:M:2,I:L:2",1,0.667,L,"L:4254,?:26,M:2,I:2"
GCF_000864105.1_noTerminalStopCodon.part_lcl__NC_007359.1_cds_YP_308666.1_4,PA,polymerase,470,negative,0,0.557,-,0.001,L:L:17,1,0.667,L,"L:4254,?:30"
GCF_000864105.1_noTerminalStopCodon.part_lcl__NC_007359.1_cds_YP_308666.1_4,PA,polymerase,471,negative,0.05,0.51,-,0.005,"N:N:8,N:S:2",1,0.667,N,"N:4251,?:29,S:4"
GCF_000864105.1_noTerminalStopCodon.part_lcl__NC_007359.1_cds_YP_308666.1_4,PA,polymerase,472,negative,0,0.485,-,0,"A:A:11,A:V:1",1,0.667,A,"A:4254,?:29,V:1"
GCF_000864105.1_noTerminalStopCodon.part_lcl__NC_007359.1_cds_YP_308666.1_4,PA,polymerase,473,negative,0,0.798,-,0,"S:S:17,S:T:1,F:S:1",1,0.667,S,"S:4253,T:1,?:29,F:1"
GCF_000864105.1_noTerminalStopCodon.part_lcl__NC_007359.1_cds_YP_308666.1_4,PA,polymerase,474,neutral,0.092,0.382,-,0.058,"C:C:6,C:S:4",1,0.652,C,"C:4238,?:29,S:17"
GCF_000864105.1_noTerminalStopCodon.part_lcl__NC_007359.1_cds_YP_308666.1_4,PA,polymerase,475,negative,0,0.924,-,0,"A:T:3,A:A:21,A:V:1,A:S:1",1,0.667,A,"A:4250,T:3,V:1,?:29,S:1"
GCF_000864105.1_noTerminalStopCodon.part_lcl__NC_007359.1_cds_YP_308666.1_4,PA,polymerase,476,negative,0.188,1.089,-,0,"A:A:23,A:V:3,A:S:6",1,0.667,A,"A:4237,V:5,?:30,S:12"
GCF_000864105.1_noTerminalStopCodon.part_lcl__NC_007359.1_cds_YP_308666.1_4,PA,polymerase,477,neutral,0,0,-,0.998,"L:M:1,M:V:1",1,0.667,M,"M:4251,L:1,?:31,V:1"
GCF_000864105.1_noTerminalStopCodon.part_lcl__NC_007359.1_cds_YP_308666.1_4,PA,polymerase,478,negative,0,0.385,-,0.001,"D:D:6,D:N:1,D:E:3",1,0.667,D,"D:4248,?:32,N:1,E:3"
GCF_000864105.1_noTerminalStopCodon.part_lcl__NC_007359.1_cds_YP_308666.1_4,PA,polymerase,479,negative,0.116,2.247,-,0,"D:E:11,D:N:3,D:D:32",1,0.667,D,"E:43,D:4209,N:5,?:27"
GCF_000864105.1_noTerminalStopCodon.part_lcl__NC_007359.1_cds_YP_308666.1_4,PA,polymerase,480,negative,0,1.559,-,0,F:F:22,1,0.667,F,"F:4257,?:27"
GCF_000864105.1_noTerminalStopCodon.part_lcl__NC_007359.1_cds_YP_308666.1_4,PA,polymerase,481,negative,0,1.104,-,0,"Q:Q:21,H:Q:1,K:Q:1",1,0.667,Q,"Q:4255,?:27,H:1,K:1"
GCF_000864105.1_noTerminalStopCodon.part_lcl__NC_007359.1_cds_YP_308666.1_4,PA,polymerase,482,negative,0.097,1.062,-,0,"L:L:43,L:M:3,L:P:1,L:V:1",1,0.667,L,"L:4249,?:29,M:4,P:1,V:1"
GCF_000864105.1_noTerminalStopCodon.part_lcl__NC_007359.1_cds_YP_308666.1_4,PA,polymerase,483,negative,0,1.722,-,0,I:I:31,1,0.667,I,"I:4258,?:26"
GCF_000864105.1_noTerminalStopCodon.part_lcl__NC_007359.1_cds_YP_308666.1_4,PA,polymerase,484,negative,0,0.735,-,0,"P:P:16,P:T:1",1,0.667,P,"P:4257,T:1,?:26"
GCF_000864105.1_noTerminalStopCodon.part_lcl__NC_007359.1_cds_YP_308666.1_4,PA,polymerase,485,neutral,0.069,0.008,-,0.959,"I:M:7,L:M:2",1,0.636,M,"M:4235,I:21,L:2,?:26"
GCF_000864105.1_noTerminalStopCodon.part_lcl__NC_007359.1_cds_YP_308666.1_4,PA,polymerase,486,negative,0.119,0.752,-,0.019,"I:V:6,I:L:3,I:M:2,I:I:4",1,0.187,I,"I:4244,V:7,?:26,L:5,M:2"
GCF_000864105.1_noTerminalStopCodon.part_lcl__NC_007359.1_cds_YP_308666.1_4,PA,polymerase,487,negative,0.039,1.218,-,0,"S:S:18,N:S:2,S:T:1",1,0.667,S,"S:4253,N:3,?:27,T:1"
GCF_000864105.1_noTerminalStopCodon.part_lcl__NC_007359.1_cds_YP_308666.1_4,PA,polymerase,488,negative,0,1.669,-,0,"K:K:34,K:Q:2",1,0.667,K,"K:4256,Q:2,?:26"
GCF_000864105.1_noTerminalStopCodon.part_lcl__NC_007359.1_cds_YP_308666.1_4,PA,polymerase,489,negative,0.193,0.903,-,0.003,"C:C:13,C:S:22,C:W:1",1,0.003,C,"C:4207,S:50,?:26,W:1"
GCF_000864105.1_noTerminalStopCodon.part_lcl__NC_007359.1_cds_YP_308666.1_4,PA,polymerase,490,negative,0,1.092,-,0,"R:R:23,K:R:3,G:R:1",1,0.667,R,"R:4254,K:3,?:26,G:1"
GCF_000864105.1_noTerminalStopCodon.part_lcl__NC_007359.1_cds_YP_308666.1_4,PA,polymerase,491,negative,0,1.106,-,0,"T:T:23,N:T:3,I:T:3",1,0.667,T,"T:4252,N:3,I:3,?:26"
GCF_000864105.1_noTerminalStopCodon.part_lcl__NC_007359.1_cds_YP_308666.1_4,PA,polymerase,492,negative,0.158,0.783,-,0.004,"K:K:13,K:R:6",1,0.667,K,"K:4248,R:10,?:26"
GCF_000864105.1_noTerminalStopCodon.part_lcl__NC_007359.1_cds_YP_308666.1_4,PA,polymerase,493,negative,0,0.728,-,0,E:E:13,1,0.667,E,"E:4255,?:29"
GCF_000864105.1_noTerminalStopCodon.part_lcl__NC_007359.1_cds_YP_308666.1_4,PA,polymerase,494,negative,0.044,1.68,-,0,"G:G:38,G:R:3",1,0.667,G,"G:4252,?:28,R:4"
GCF_000864105.1_noTerminalStopCodon.part_lcl__NC_007359.1_cds_YP_308666.1_4,PA,polymerase,495,negative,0,1.19,-,0,"R:R:25,G:R:3",1,0.667,R,"R:4254,G:3,?:27"
GCF_000864105.1_noTerminalStopCodon.part_lcl__NC_007359.1_cds_YP_308666.1_4,PA,polymerase,496,negative,0,1.11,-,0,"R:R:36,Q:R:3",1,0.667,R,"R:4253,Q:3,?:28"
GCF_000864105.1_noTerminalStopCodon.part_lcl__NC_007359.1_cds_YP_308666.1_4,PA,polymerase,497,negative,0.107,1.357,-,0,"K:R:9,K:K:29,R:R:1",1,0.667,K,"K:3570,R:688,?:26"
GCF_000864105.1_noTerminalStopCodon.part_lcl__NC_007359.1_cds_YP_308666.1_4,PA,polymerase,498,negative,0,0.849,-,0,"T:T:19,I:T:1",1,0.667,T,"T:4256,?:27,I:1"
GCF_000864105.1_noTerminalStopCodon.part_lcl__NC_007359.1_cds_YP_308666.1_4,PA,polymerase,499,negative,0,2.182,-,0,"N:N:32,N:S:1",1,0.667,N,"N:4257,?:26,S:1"
GCF_000864105.1_noTerminalStopCodon.part_lcl__NC_007359.1_cds_YP_308666.1_4,PA,polymerase,500,negative,0,0.871,-,0,L:L:37,1,0.667,L,"L:4258,?:26"
GCF_000864105.1_noTerminalStopCodon.part_lcl__NC_007359.1_cds_YP_308666.1_4,PA,polymerase,501,negative,0,0.707,-,0,Y:Y:11,1,0.667,Y,"Y:4257,?:27"
GCF_000864105.1_noTerminalStopCodon.part_lcl__NC_007359.1_cds_YP_308666.1_4,PA,polymerase,502,negative,0,0.953,-,0,G:G:23,1,0.667,G,"G:4257,?:27"
GCF_000864105.1_noTerminalStopCodon.part_lcl__NC_007359.1_cds_YP_308666.1_4,PA,polymerase,503,negative,0,0.543,-,0,"F:F:8,F:Y:1",1,0.667,F,"F:4257,Y:1,?:26"
GCF_000864105.1_noTerminalStopCodon.part_lcl__NC_007359.1_cds_YP_308666.1_4,PA,polymerase,504,negative,0.102,1.194,-,0,"I:V:2,I:I:20,I:M:2,I:L:3",1,0.667,I,"I:4248,V:3,M:4,L:3,?:26"
GCF_000864105.1_noTerminalStopCodon.part_lcl__NC_007359.1_cds_YP_308666.1_4,PA,polymerase,505,negative,0.081,0.557,-,0.038,"I:I:3,I:V:7,I:T:1,I:M:1",1,0.667,I,"I:4247,V:9,?:26,T:1,M:1"
GCF_000864105.1_noTerminalStopCodon.part_lcl__NC_007359.1_cds_YP_308666.1_4,PA,polymerase,506,negative,0,1.442,-,0,K:K:26,1,0.667,K,"K:4259,?:25"
GCF_000864105.1_noTerminalStopCodon.part_lcl__NC_007359.1_cds_YP_308666.1_4,PA,polymerase,507,negative,0,1.141,-,0,G:G:26,1,0.667,G,"G:4258,?:26"
GCF_000864105.1_noTerminalStopCodon.part_lcl__NC_007359.1_cds_YP_308666.1_4,PA,polymerase,508,negative,0,0.958,-,0,"R:R:21,K:R:2",1,0.667,R,"R:4259,?:23,K:2"
GCF_000864105.1_noTerminalStopCodon.part_lcl__NC_007359.1_cds_YP_308666.1_4,PA,polymerase,509,negative,0,0.801,-,0,S:S:17,1,0.667,S,"S:4263,?:21"
GCF_000864105.1_noTerminalStopCodon.part_lcl__NC_007359.1_cds_YP_308666.1_4,PA,polymerase,510,negative,0,1.189,-,0,H:H:18,1,0.667,H,"H:4263,?:21"
GCF_000864105.1_noTerminalStopCodon.part_lcl__NC_007359.1_cds_YP_308666.1_4,PA,polymerase,511,negative,0,0.844,-,0,"L:L:30,L:V:1,L:M:1",1,0.667,L,"L:4263,?:19,V:1,M:1"
GCF_000864105.1_noTerminalStopCodon.part_lcl__NC_007359.1_cds_YP_308666.1_4,PA,polymerase,512,negative,0,1.062,-,0,R:R:26,1,0.667,R,"R:4265,?:19"
GCF_000864105.1_noTerminalStopCodon.part_lcl__NC_007359.1_cds_YP_308666.1_4,PA,polymerase,513,negative,0,1.383,-,0,"N:N:21,N:S:4,D:N:1",1,0.667,N,"N:4260,?:19,S:4,D:1"
GCF_000864105.1_noTerminalStopCodon.part_lcl__NC_007359.1_cds_YP_308666.1_4,PA,polymerase,514,negative,0,1.8,-,0,"D:D:26,D:G:1",1,0.667,D,"D:4264,?:19,G:1"
GCF_000864105.1_noTerminalStopCodon.part_lcl__NC_007359.1_cds_YP_308666.1_4,PA,polymerase,515,negative,0.048,2.091,-,0,"T:T:43,S:T:1,A:T:1,P:T:1",1,0.667,T,"T:4261,S:2,?:19,A:1,P:1"
GCF_000864105.1_noTerminalStopCodon.part_lcl__NC_007359.1_cds_YP_308666.1_4,PA,polymerase,516,negative,0,0.515,-,0,"D:N:1,D:D:8",1,0.667,D,"D:4264,N:1,?:19"
GCF_000864105.1_noTerminalStopCodon.part_lcl__NC_007359.1_cds_YP_308666.1_4,PA,polymerase,517,negative,0,0.935,-,0,V:V:25,1,0.667,V,"V:4264,?:20"
GCF_000864105.1_noTerminalStopCodon.part_lcl__NC_007359.1_cds_YP_308666.1_4,PA,polymerase,518,negative,0,1.116,-,0,"I:V:2,V:V:26,A:V:3",1,0.667,V,"V:4259,I:2,A:3,?:20"
GCF_000864105.1_noTerminalStopCodon.part_lcl__NC_007359.1_cds_YP_308666.1_4,PA,polymerase,519,negative,0,2.896,-,0,"N:N:41,N:Y:1",1,0.667,N,"N:4263,?:20,Y:1"
GCF_000864105.1_noTerminalStopCodon.part_lcl__NC_007359.1_cds_YP_308666.1_4,PA,polymerase,520,negative,0,0.317,-,0.006,"F:F:5,F:Y:1,F:L:1",1,0.667,F,"F:4261,?:21,Y:1,L:1"
GCF_000864105.1_noTerminalStopCodon.part_lcl__NC_007359.1_cds_YP_308666.1_4,PA,polymerase,521,negative,0,0.893,-,0,"V:V:24,I:V:1,G:V:1,L:V:5,M:V:2",1,0.667,V,"V:4254,?:21,I:1,G:1,L:5,M:2"
GCF_000864105.1_noTerminalStopCodon.part_lcl__NC_007359.1_cds_YP_308666.1_4,PA,polymerase,522,negative,0,1.513,-,0,"S:S:22,N:S:1",1,0.667,S,"S:4263,?:20,N:1"
GCF_000864105.1_noTerminalStopCodon.part_lcl__NC_007359.1_cds_YP_308666.1_4,PA,polymerase,523,neutral,0.034,0,-,0.933,L:M:2,1,0.638,M,"M:4250,L:15,?:19"
GCF_000864105.1_noTerminalStopCodon.part_lcl__NC_007359.1_cds_YP_308666.1_4,PA,polymerase,524,negative,0,1.801,-,0,"E:E:33,E:K:1,E:G:1",1,0.667,E,"E:4262,K:1,?:20,G:1"
GCF_000864105.1_noTerminalStopCodon.part_lcl__NC_007359.1_cds_YP_308666.1_4,PA,polymerase,525,negative,0,1.175,-,0,F:F:18,1,0.667,F,"F:4265,?:19"
GCF_000864105.1_noTerminalStopCodon.part_lcl__NC_007359.1_cds_YP_308666.1_4,PA,polymerase,526,negative,0,0.972,-,0,"S:S:21,P:S:1",1,0.667,S,"S:4261,P:1,?:22"
GCF_000864105.1_noTerminalStopCodon.part_lcl__NC_007359.1_cds_YP_308666.1_4,PA,polymerase,527,negative,0,1.029,-,0,"L:L:27,F:L:1",1,0.667,L,"L:4262,?:21,F:1"
GCF_000864105.1_noTerminalStopCodon.part_lcl__NC_007359.1_cds_YP_308666.1_4,PA,polymerase,528,negative,0,0.832,-,0,"I:T:2,T:T:18,S:T:1",1,0.667,T,"T:4261,I:2,?:20,S:1"
GCF_000864105.1_noTerminalStopCodon.part_lcl__NC_007359.1_cds_YP_308666.1_4,PA,polymerase,529,negative,0.048,2.022,-,0,"D:D:29,D:N:3",1,0.667,D,"D:4257,N:5,?:22"
GCF_000864105.1_noTerminalStopCodon.part_lcl__NC_007359.1_cds_YP_308666.1_4,PA,polymerase,530,negative,0,1.144,-,0,"P:P:30,P:R:1",1,0.667,P,"P:4263,?:20,R:1"
GCF_000864105.1_noTerminalStopCodon.part_lcl__NC_007359.1_cds_YP_308666.1_4,PA,polymerase,531,negative,0.165,1.129,-,0,"R:R:29,G:R:6,K:R:7,M:R:2",1,0.667,R,"R:4245,G:8,K:9,?:19,M:3"
GCF_000864105.1_noTerminalStopCodon.part_lcl__NC_007359.1_cds_YP_308666.1_4,PA,polymerase,532,negative,0.29,0.895,-,0.028,"L:L:37,I:L:2,L:M:8",1,0.667,L,"L:4236,I:2,M:27,?:19"
GCF_000864105.1_noTerminalStopCodon.part_lcl__NC_007359.1_cds_YP_308666.1_4,PA,polymerase,533,negative,0.163,0.897,-,0.001,"D:E:5,D:N:1,E:E:20,E:K:1,A:E:1",1,0.172,E,"E:4242,D:19,N:1,?:19,K:2,A:1"
GCF_000864105.1_noTerminalStopCodon.part_lcl__NC_007359.1_cds_YP_308666.1_4,PA,polymerase,534,neutral,0.401,0.559,-,0.458,"P:S:11,P:P:13,P:T:2,L:P:4,P:Q:4",1,0.656,P,"S:28,P:4220,T:2,L:8,Q:7,?:19"
GCF_000864105.1_noTerminalStopCodon.part_lcl__NC_007359.1_cds_YP_308666.1_4,PA,polymerase,535,negative,0.156,1.128,-,0,"H:H:16,H:Q:2,H:Y:9,H:R:2,H:P:2,H:L:1",1,0.667,H,"H:4242,Q:3,Y:14,?:20,R:2,P:2,L:1"
GCF_000864105.1_noTerminalStopCodon.part_lcl__NC_007359.1_cds_YP_308666.1_4,PA,polymerase,536,negative,0,1.852,-,0,"K:K:36,E:K:1",1,0.667,K,"K:4262,?:21,E:1"
GCF_000864105.1_noTerminalStopCodon.part_lcl__NC_007359.1_cds_YP_308666.1_4,PA,polymerase,537,neutral,0,0.215,-,1,NA,1,0.667,W,"W:4263,?:21"
GCF_000864105.1_noTerminalStopCodon.part_lcl__NC_007359.1_cds_YP_308666.1_4,PA,polymerase,538,negative,0.268,0.819,-,0.021,"E:K:3,E:G:10,E:E:15,E:V:2",1,0.131,E,"E:4187,K:3,G:52,?:22,V:20"
GCF_000864105.1_noTerminalStopCodon.part_lcl__NC_007359.1_cds_YP_308666.1_4,PA,polymerase,539,negative,0.109,0.939,-,0,"K:R:5,K:K:22",1,0.667,K,"K:4252,R:11,?:21"
GCF_000864105.1_noTerminalStopCodon.part_lcl__NC_007359.1_cds_YP_308666.1_4,PA,polymerase,540,negative,0,1.028,-,0,"Y:Y:15,H:Y:1",1,0.667,Y,"Y:4261,?:22,H:1"
GCF_000864105.1_noTerminalStopCodon.part_lcl__NC_007359.1_cds_YP_308666.1_4,PA,polymerase,541,negative,0.046,0.539,-,0.002,"C:C:8,C:S:1,C:R:1",1,0.667,C,"C:4245,?:21,S:17,R:1"
GCF_000864105.1_noTerminalStopCodon.part_lcl__NC_007359.1_cds_YP_308666.1_4,PA,polymerase,542,negative,0.054,1.223,-,0,"V:V:26,I:V:6",1,0.667,V,"V:4253,?:22,I:9"
GCF_000864105.1_noTerminalStopCodon.part_lcl__NC_007359.1_cds_YP_308666.1_4,PA,polymerase,543,negative,0.294,1.322,-,0,"I:L:7,L:L:25,L:P:3,L:S:1",1,0.667,L,"L:4092,I:166,?:21,P:4,S:1"
GCF_000864105.1_noTerminalStopCodon.part_lcl__NC_007359.1_cds_YP_308666.1_4,PA,polymerase,544,negative,0.163,1.116,"overall,bipolar,structure,volume,composition,charge",0,"E:E:24,E:K:2,E:Q:1,Q:R:1,E:R:5",0.001139412,0,E,"E:4251,K:2,?:23,Q:1,R:7"
GCF_000864105.1_noTerminalStopCodon.part_lcl__NC_007359.1_cds_YP_308666.1_4,PA,polymerase,545,negative,0.307,1.325,-,0.004,"I:V:15,I:T:4,I:I:7,V:V:2,I:M:1",1,0.437,I,"I:3846,V:393,T:22,?:22,M:1"
GCF_000864105.1_noTerminalStopCodon.part_lcl__NC_007359.1_cds_YP_308666.1_4,PA,polymerase,546,negative,0,1.427,-,0,G:G:32,1,0.667,G,"G:4260,?:24"
GCF_000864105.1_noTerminalStopCodon.part_lcl__NC_007359.1_cds_YP_308666.1_4,PA,polymerase,547,negative,0.341,1.029,-,0.012,"D:G:2,D:D:15,D:E:5,D:N:9",1,0.342,D,"D:4226,G:2,?:21,E:20,N:15"
GCF_000864105.1_noTerminalStopCodon.part_lcl__NC_007359.1_cds_YP_308666.1_4,PA,polymerase,548,neutral,0.102,0.01,-,0.959,I:M:8,1,0.614,M,"M:4250,I:14,?:20"
GCF_000864105.1_noTerminalStopCodon.part_lcl__NC_007359.1_cds_YP_308666.1_4,PA,polymerase,549,negative,0.119,0.759,-,0.002,"L:L:16,F:L:2,I:L:5",1,0.667,L,"L:4112,F:2,?:21,I:149"
GCF_000864105.1_noTerminalStopCodon.part_lcl__NC_007359.1_cds_YP_308666.1_4,PA,polymerase,550,negative,0.093,0.883,-,0.001,"L:L:32,I:L:6",1,0.667,L,"L:4252,I:12,?:20"
GCF_000864105.1_noTerminalStopCodon.part_lcl__NC_007359.1_cds_YP_308666.1_4,PA,polymerase,551,negative,0.052,1.221,-,0,"R:R:36,K:R:1,Q:R:2",1,0.667,R,"R:4258,K:1,?:22,Q:3"
GCF_000864105.1_noTerminalStopCodon.part_lcl__NC_007359.1_cds_YP_308666.1_4,PA,polymerase,552,negative,0.048,0.832,-,0,"S:T:1,T:T:18,A:T:2,A:G:1",1,0.667,T,"T:4241,S:1,?:21,A:20,G:1"
GCF_000864105.1_noTerminalStopCodon.part_lcl__NC_007359.1_cds_YP_308666.1_4,PA,polymerase,553,negative,0.093,0.756,-,0,"A:A:18,A:S:2,A:V:1,A:G:1",1,0.667,A,"A:4245,S:17,V:1,?:20,G:1"
GCF_000864105.1_noTerminalStopCodon.part_lcl__NC_007359.1_cds_YP_308666.1_4,PA,polymerase,554,neutral,0.441,0.247,-,0.425,"I:V:23,V:V:1,I:M:5,I:T:1,I:I:1",1,0.138,I,"I:3870,V:381,?:21,M:11,T:1"
GCF_000864105.1_noTerminalStopCodon.part_lcl__NC_007359.1_cds_YP_308666.1_4,PA,polymerase,555,negative,0.042,0.532,-,0.001,"G:S:4,G:G:11,C:G:2",1,0.667,G,"G:4247,S:14,C:2,?:21"
GCF_000864105.1_noTerminalStopCodon.part_lcl__NC_007359.1_cds_YP_308666.1_4,PA,polymerase,556,negative,0.084,1.16,-,0,"Q:Q:21,K:Q:1,L:Q:1",1,0.667,Q,"Q:4260,?:21,K:1,L:2"
GCF_000864105.1_noTerminalStopCodon.part_lcl__NC_007359.1_cds_YP_308666.1_4,PA,polymerase,557,negative,0.217,1.449,-,0,"V:V:35,I:V:5,M:V:2,L:V:2,L:L:1",1,0.667,V,"V:4244,I:9,?:22,M:3,L:6"
GCF_000864105.1_noTerminalStopCodon.part_lcl__NC_007359.1_cds_YP_308666.1_4,PA,polymerase,558,negative,0.266,1.087,-,0.002,"A:S:2,S:S:24,L:S:4,P:S:2,L:L:3",1,0.631,S,"S:3328,A:2,L:893,?:22,P:39"
GCF_000864105.1_noTerminalStopCodon.part_lcl__NC_007359.1_cds_YP_308666.1_4,PA,polymerase,559,negative,0.043,1.06,-,0,"R:R:26,K:R:2",1,0.667,R,"R:4260,K:3,?:21"
GCF_000864105.1_noTerminalStopCodon.part_lcl__NC_007359.1_cds_YP_308666.1_4,PA,polymerase,560,negative,0.3,0.95,-,0.007,"P:S:9,A:P:5,P:P:20,P:T:1",1,0.248,P,"P:4225,S:28,A:6,?:22,T:3"
GCF_000864105.1_noTerminalStopCodon.part_lcl__NC_007359.1_cds_YP_308666.1_4,PA,polymerase,561,neutral,0.137,0.003,-,0.905,"I:M:10,M:T:1,L:M:4,M:V:2",1,0.083,M,"M:4229,I:26,T:1,L:5,?:21,V:2"
GCF_000864105.1_noTerminalStopCodon.part_lcl__NC_007359.1_cds_YP_308666.1_4,PA,polymerase,562,negative,0,1.462,-,0,F:F:21,1,0.667,F,"F:4263,?:21"
GCF_000864105.1_noTerminalStopCodon.part_lcl__NC_007359.1_cds_YP_308666.1_4,PA,polymerase,563,negative,0,0.978,-,0,L:L:41,1,0.667,L,"L:4262,?:22"
GCF_000864105.1_noTerminalStopCodon.part_lcl__NC_007359.1_cds_YP_308666.1_4,PA,polymerase,564,negative,0,0.98,-,0,Y:Y:15,1,0.667,Y,"Y:4263,?:21"
GCF_000864105.1_noTerminalStopCodon.part_lcl__NC_007359.1_cds_YP_308666.1_4,PA,polymerase,565,negative,0.172,0.824,-,0.003,"L:V:3,V:V:21,M:V:5,I:V:4",1,0.23,V,"V:4239,L:3,M:12,I:8,?:22"
GCF_000864105.1_noTerminalStopCodon.part_lcl__NC_007359.1_cds_YP_308666.1_4,PA,polymerase,566,negative,0,0.907,-,0,"R:R:19,K:R:1",1,0.667,R,"R:4261,?:22,K:1"
GCF_000864105.1_noTerminalStopCodon.part_lcl__NC_007359.1_cds_YP_308666.1_4,PA,polymerase,567,negative,0,0.759,-,0,T:T:16,1,0.667,T,"T:4262,?:22"
GCF_000864105.1_noTerminalStopCodon.part_lcl__NC_007359.1_cds_YP_308666.1_4,PA,polymerase,568,negative,0,0.778,-,0,"N:N:12,K:N:1",1,0.667,N,"N:4262,?:21,K:1"
GCF_000864105.1_noTerminalStopCodon.part_lcl__NC_007359.1_cds_YP_308666.1_4,PA,polymerase,569,negative,0,2.057,-,0,"G:G:51,E:G:1",1,0.667,G,"G:4261,?:22,E:1"
GCF_000864105.1_noTerminalStopCodon.part_lcl__NC_007359.1_cds_YP_308666.1_4,PA,polymerase,570,negative,0.048,1.697,-,0,"T:T:36,A:T:2",1,0.667,T,"T:4257,?:24,A:3"
GCF_000864105.1_noTerminalStopCodon.part_lcl__NC_007359.1_cds_YP_308666.1_4,PA,polymerase,571,negative,0,0.758,-,0,"S:S:16,P:S:1",1,0.667,S,"S:4262,?:21,P:1"
GCF_000864105.1_noTerminalStopCodon.part_lcl__NC_007359.1_cds_YP_308666.1_4,PA,polymerase,572,negative,0,0.981,-,0,"K:K:22,K:Q:2",1,0.667,K,"K:4261,?:21,Q:2"
GCF_000864105.1_noTerminalStopCodon.part_lcl__NC_007359.1_cds_YP_308666.1_4,PA,polymerase,573,negative,0.054,0.851,-,0,"I:V:6,I:I:17,I:T:1",1,0.667,I,"I:4254,V:8,T:1,?:21"
GCF_000864105.1_noTerminalStopCodon.part_lcl__NC_007359.1_cds_YP_308666.1_4,PA,polymerase,574,negative,0,0.923,-,0,"K:K:18,K:R:1,K:Q:1",1,0.667,K,"K:4260,R:1,?:22,Q:1"
GCF_000864105.1_noTerminalStopCodon.part_lcl__NC_007359.1_cds_YP_308666.1_4,PA,polymerase,575,neutral,0,0.215,-,1,NA,1,0.667,M,"M:4263,?:21"
GCF_000864105.1_noTerminalStopCodon.part_lcl__NC_007359.1_cds_YP_308666.1_4,PA,polymerase,576,negative,0,0.501,-,0,K:K:9,1,0.667,K,"K:4263,?:21"
GCF_000864105.1_noTerminalStopCodon.part_lcl__NC_007359.1_cds_YP_308666.1_4,PA,polymerase,577,neutral,0,0.215,-,1,NA,1,0.667,W,"W:4263,?:21"
GCF_000864105.1_noTerminalStopCodon.part_lcl__NC_007359.1_cds_YP_308666.1_4,PA,polymerase,578,negative,0.084,1.228,-,0,"G:G:26,G:S:2,A:G:1",1,0.667,G,"G:4258,S:3,?:21,A:2"
GCF_000864105.1_noTerminalStopCodon.part_lcl__NC_007359.1_cds_YP_308666.1_4,PA,polymerase,579,neutral,0.034,0,-,0.944,"I:M:8,M:V:1,L:M:2",1,0.659,M,"M:4246,I:14,V:1,?:21,L:2"
GCF_000864105.1_noTerminalStopCodon.part_lcl__NC_007359.1_cds_YP_308666.1_4,PA,polymerase,580,negative,0,1.577,-,0,"E:E:35,E:H:1",1,0.667,E,"E:4261,?:22,H:1"
GCF_000864105.1_noTerminalStopCodon.part_lcl__NC_007359.1_cds_YP_308666.1_4,PA,polymerase,581,neutral,0.034,0,-,0.928,"I:M:4,M:T:1,M:V:1,L:M:1",1,0.667,M,"M:4174,I:85,?:22,T:1,V:1,L:1"
GCF_000864105.1_noTerminalStopCodon.part_lcl__NC_007359.1_cds_YP_308666.1_4,PA,polymerase,582,negative,0,1.365,-,0,R:R:35,1,0.667,R,"R:4262,?:22"
GCF_000864105.1_noTerminalStopCodon.part_lcl__NC_007359.1_cds_YP_308666.1_4,PA,polymerase,583,negative,0,1.326,-,0,"R:R:35,H:R:1,Q:R:1,P:R:1",1,0.667,R,"R:4259,?:22,H:1,Q:1,P:1"
GCF_000864105.1_noTerminalStopCodon.part_lcl__NC_007359.1_cds_YP_308666.1_4,PA,polymerase,584,negative,0,1.254,-,0,"C:C:18,C:G:1,C:S:1",1,0.667,C,"C:4261,?:21,G:1,S:1"
GCF_000864105.1_noTerminalStopCodon.part_lcl__NC_007359.1_cds_YP_308666.1_4,PA,polymerase,585,negative,0,0.968,-,0,"F:L:2,L:L:21,L:P:2",1,0.667,L,"L:4258,F:2,P:2,?:22"
GCF_000864105.1_noTerminalStopCodon.part_lcl__NC_007359.1_cds_YP_308666.1_4,PA,polymerase,586,negative,0,1.436,-,0,"L:L:31,I:L:3,F:L:2",1,0.667,L,"L:4258,I:3,F:2,?:21"
GCF_000864105.1_noTerminalStopCodon.part_lcl__NC_007359.1_cds_YP_308666.1_4,PA,polymerase,587,negative,0,0.751,-,0,"Q:Q:15,P:Q:1,H:Q:1",1,0.667,Q,"Q:4261,?:21,P:1,H:1"
GCF_000864105.1_noTerminalStopCodon.part_lcl__NC_007359.1_cds_YP_308666.1_4,PA,polymerase,588,negative,0,1.292,-,0,"S:S:27,P:S:2,F:S:1",1,0.667,S,"S:4260,?:21,P:2,F:1"
GCF_000864105.1_noTerminalStopCodon.part_lcl__NC_007359.1_cds_YP_308666.1_4,PA,polymerase,589,negative,0,1.837,-,0,"K:L:1,L:L:38,I:L:3",1,0.667,L,"L:4259,K:1,?:21,I:3"
GCF_000864105.1_noTerminalStopCodon.part_lcl__NC_007359.1_cds_YP_308666.1_4,PA,polymerase,590,negative,0,0.895,-,0,"Q:Q:17,P:Q:2,H:Q:2",1,0.667,Q,"Q:4259,?:21,P:2,H:2"
GCF_000864105.1_noTerminalStopCodon.part_lcl__NC_007359.1_cds_YP_308666.1_4,PA,polymerase,591,negative,0,1.192,-,0,"Q:Q:21,P:Q:1",1,0.667,Q,"Q:4262,?:21,P:1"
GCF_000864105.1_noTerminalStopCodon.part_lcl__NC_007359.1_cds_YP_308666.1_4,PA,polymerase,592,neutral,0.155,0.219,-,0.649,"I:I:4,I:V:6,I:M:1",1,0.667,I,"I:4249,V:12,?:22,M:1"
GCF_000864105.1_noTerminalStopCodon.part_lcl__NC_007359.1_cds_YP_308666.1_4,PA,polymerase,593,negative,0,0.945,-,0,"E:E:21,D:E:1",1,0.667,E,"E:4260,?:23,D:1"
GCF_000864105.1_noTerminalStopCodon.part_lcl__NC_007359.1_cds_YP_308666.1_4,PA,polymerase,594,negative,0.117,0.888,-,0,"S:S:13,R:S:2,N:S:3,S:T:1,G:S:2,A:G:1",1,0.667,S,"S:4246,R:4,N:3,T:1,?:22,G:7,A:1"
GCF_000864105.1_noTerminalStopCodon.part_lcl__NC_007359.1_cds_YP_308666.1_4,PA,polymerase,595,negative,0.068,14.3,-,0.019,"I:M:7,M:V:2,L:M:3",1,0.667,M,"M:4242,I:8,V:10,L:3,?:21"
GCF_000864105.1_noTerminalStopCodon.part_lcl__NC_007359.1_cds_YP_308666.1_4,PA,polymerase,596,negative,0.103,0.768,-,0.001,"I:I:13,I:V:5,V:V:1,I:M:1",1,0.667,I,"I:4243,?:22,V:18,M:1"
GCF_000864105.1_noTerminalStopCodon.part_lcl__NC_007359.1_cds_YP_308666.1_4,PA,polymerase,597,negative,0,1.159,-,0,"E:E:26,E:G:1",1,0.667,E,"E:4261,?:22,G:1"
GCF_000864105.1_noTerminalStopCodon.part_lcl__NC_007359.1_cds_YP_308666.1_4,PA,polymerase,598,negative,0.047,1.89,-,0,"A:A:39,A:S:1,A:T:3,A:V:1",1,0.667,A,"A:4254,?:23,S:1,T:5,V:1"
GCF_000864105.1_noTerminalStopCodon.part_lcl__NC_007359.1_cds_YP_308666.1_4,PA,polymerase,599,negative,0.054,1.237,-,0,"E:E:26,D:E:3",1,0.667,E,"E:4256,?:24,D:4"
GCF_000864105.1_noTerminalStopCodon.part_lcl__NC_007359.1_cds_YP_308666.1_4,PA,polymerase,600,negative,0,0.559,-,0,S:S:13,1,0.667,S,"S:4261,?:23"
GCF_000864105.1_noTerminalStopCodon.part_lcl__NC_007359.1_cds_YP_308666.1_4,PA,polymerase,601,negative,0,0.791,-,0,S:S:17,1,0.667,S,"S:4260,?:24"
GCF_000864105.1_noTerminalStopCodon.part_lcl__NC_007359.1_cds_YP_308666.1_4,PA,polymerase,602,negative,0.272,0.903,-,0.009,"I:V:13,V:V:19",1,0.626,V,"V:4220,?:25,I:39"
GCF_000864105.1_noTerminalStopCodon.part_lcl__NC_007359.1_cds_YP_308666.1_4,PA,polymerase,603,negative,0.164,0.785,-,0.006,"K:K:14,K:R:10,K:Q:1,E:K:2",1,0.667,K,"K:4227,?:25,R:28,Q:2,E:2"
GCF_000864105.1_noTerminalStopCodon.part_lcl__NC_007359.1_cds_YP_308666.1_4,PA,polymerase,604,negative,0.055,1.2,-,0,"E:E:28,E:G:2",1,0.667,E,"E:4256,?:24,G:4"
GCF_000864105.1_noTerminalStopCodon.part_lcl__NC_007359.1_cds_YP_308666.1_4,PA,polymerase,605,negative,0,1.354,-,0,"K:K:29,K:R:1,K:Q:1",1,0.667,K,"K:4258,?:24,R:1,Q:1"
GCF_000864105.1_noTerminalStopCodon.part_lcl__NC_007359.1_cds_YP_308666.1_4,PA,polymerase,606,negative,0,0.48,-,0,"D:D:7,D:E:1",1,0.667,D,"D:4258,?:25,E:1"
GCF_000864105.1_noTerminalStopCodon.part_lcl__NC_007359.1_cds_YP_308666.1_4,PA,polymerase,607,negative,0.172,5.571,-,0.004,"M:V:5,L:M:2,L:L:1",1,0.667,M,"M:4245,?:24,V:9,L:6"
GCF_000864105.1_noTerminalStopCodon.part_lcl__NC_007359.1_cds_YP_308666.1_4,PA,polymerase,608,negative,0.049,0.864,-,0,"S:S:3,S:T:4,T:T:15",1,0.667,S,"S:2405,?:25,T:1854"
GCF_000864105.1_noTerminalStopCodon.part_lcl__NC_007359.1_cds_YP_308666.1_4,PA,polymerase,609,negative,0.266,0.854,-,0.013,"K:K:17,K:R:8",1,0.648,K,"K:4196,?:22,R:66"
GCF_000864105.1_noTerminalStopCodon.part_lcl__NC_007359.1_cds_YP_308666.1_4,PA,polymerase,610,negative,0.053,0.89,-,0,"E:G:2,E:E:16,D:E:1,E:K:1",1,0.667,E,"E:4258,?:21,G:3,D:1,K:1"
GCF_000864105.1_noTerminalStopCodon.part_lcl__NC_007359.1_cds_YP_308666.1_4,PA,polymerase,611,negative,0.056,1.166,-,0,"F:F:17,F:L:1,F:I:1,F:S:1",1,0.667,F,"F:4258,?:22,L:2,I:1,S:1"
GCF_000864105.1_noTerminalStopCodon.part_lcl__NC_007359.1_cds_YP_308666.1_4,PA,polymerase,612,negative,0,0.515,-,0.001,F:F:8,1,0.667,F,"F:4262,?:22"
GCF_000864105.1_noTerminalStopCodon.part_lcl__NC_007359.1_cds_YP_308666.1_4,PA,polymerase,613,negative,0.107,1.237,-,0,"E:Q:1,E:E:22,E:K:6,D:E:1,E:V:1",1,0.667,E,"E:4228,?:22,Q:1,K:8,D:1,V:24"
GCF_000864105.1_noTerminalStopCodon.part_lcl__NC_007359.1_cds_YP_308666.1_4,PA,polymerase,614,neutral,0.398,0.792,-,0.129,"N:T:15,N:S:5,H:N:1,N:N:10,D:N:6,I:N:1,A:T:7,T:T:3,S:T:1,I:T:1,K:N:1",1,0.258,N,"T:359,N:3823,?:21,S:8,H:1,D:61,I:2,A:8,K:1"
GCF_000864105.1_noTerminalStopCodon.part_lcl__NC_007359.1_cds_YP_308666.1_4,PA,polymerase,615,negative,0.371,1.574,-,0,"K:K:28,K:R:10,K:N:1",1,0.636,K,"K:4203,?:21,R:59,N:1"
GCF_000864105.1_noTerminalStopCodon.part_lcl__NC_007359.1_cds_YP_308666.1_4,PA,polymerase,616,negative,0.13,0.812,-,0.002,"S:S:19,S:T:1,L:S:2,A:S:3,P:S:1",1,0.667,S,"S:4250,?:21,T:1,L:6,A:5,P:1"
GCF_000864105.1_noTerminalStopCodon.part_lcl__NC_007359.1_cds_YP_308666.1_4,PA,polymerase,617,negative,0.053,1.003,-,0,"E:E:18,A:E:1,E:V:2,E:G:2",1,0.667,E,"E:4257,?:21,A:1,V:2,G:3"
GCF_000864105.1_noTerminalStopCodon.part_lcl__NC_007359.1_cds_YP_308666.1_4,PA,polymerase,618,negative,0.192,0.83,-,0.002,"T:T:21,M:T:10,K:T:1,A:T:7,Q:T:2",1,0.239,T,"T:4207,?:22,M:24,K:1,A:28,Q:2"
GCF_000864105.1_noTerminalStopCodon.part_lcl__NC_007359.1_cds_YP_308666.1_4,PA,polymerase,619,neutral,0,0.215,-,1,NA,1,0.667,W,"W:4263,?:21"
GCF_000864105.1_noTerminalStopCodon.part_lcl__NC_007359.1_cds_YP_308666.1_4,PA,polymerase,620,negative,0.05,0.782,-,0,"P:P:18,P:S:1",1,0.667,P,"P:4257,?:21,S:6"
GCF_000864105.1_noTerminalStopCodon.part_lcl__NC_007359.1_cds_YP_308666.1_4,PA,polymerase,621,negative,0.103,0.613,-,0.006,"I:I:11,I:L:1,I:M:1,I:V:7",1,0.667,I,"I:4202,?:21,L:1,M:1,V:59"
GCF_000864105.1_noTerminalStopCodon.part_lcl__NC_007359.1_cds_YP_308666.1_4,PA,polymerase,622,negative,0,1.454,-,0,G:G:34,1,0.667,G,"G:4263,?:21"
GCF_000864105.1_noTerminalStopCodon.part_lcl__NC_007359.1_cds_YP_308666.1_4,PA,polymerase,623,negative,0,1.111,-,0,"E:E:20,E:G:1",1,0.667,E,"E:4260,?:23,G:1"
GCF_000864105.1_noTerminalStopCodon.part_lcl__NC_007359.1_cds_YP_308666.1_4,PA,polymerase,624,negative,0,1.241,-,0,"S:S:28,S:T:1",1,0.667,S,"S:4256,?:27,T:1"
GCF_000864105.1_noTerminalStopCodon.part_lcl__NC_007359.1_cds_YP_308666.1_4,PA,polymerase,625,negative,0,0.804,-,0,P:P:17,1,0.667,P,"P:4263,?:21"
GCF_000864105.1_noTerminalStopCodon.part_lcl__NC_007359.1_cds_YP_308666.1_4,PA,polymerase,626,negative,0.734,1.467,-,0.036,"K:K:23,K:R:16,R:R:3,E:K:2,K:N:10,K:T:1",1,0.667,K,"K:3924,?:22,R:302,E:3,N:31,T:2"
GCF_000864105.1_noTerminalStopCodon.part_lcl__NC_007359.1_cds_YP_308666.1_4,PA,polymerase,627,negative,0.043,1.559,-,0,"G:G:39,G:W:1,E:G:2,G:R:2",1,0.667,G,"G:4256,?:22,W:1,E:2,R:3"
GCF_000864105.1_noTerminalStopCodon.part_lcl__NC_007359.1_cds_YP_308666.1_4,PA,polymerase,628,negative,0.216,0.683,-,0.021,"V:V:18,I:V:3,A:V:1,L:V:2,M:V:7,I:M:1,M:T:1,E:V:1",1,0.667,V,"V:4228,?:22,I:7,A:1,L:2,M:22,T:1,E:1"
GCF_000864105.1_noTerminalStopCodon.part_lcl__NC_007359.1_cds_YP_308666.1_4,PA,polymerase,629,negative,0,0.93,-,0,"E:E:21,D:E:1,A:E:1,E:G:1",1,0.667,E,"E:4259,?:22,D:1,A:1,G:1"
GCF_000864105.1_noTerminalStopCodon.part_lcl__NC_007359.1_cds_YP_308666.1_4,PA,polymerase,630,neutral,0.053,0.277,-,0.08,"E:E:5,A:E:1,D:E:1,E:G:2",1,0.667,E,"E:4258,?:21,A:1,D:2,G:2"
GCF_000864105.1_noTerminalStopCodon.part_lcl__NC_007359.1_cds_YP_308666.1_4,PA,polymerase,631,negative,0.084,1.26,-,0,"D:G:1,G:G:24,G:S:9,R:S:1",1,0.667,G,"G:3890,?:22,D:1,S:369,R:2"
GCF_000864105.1_noTerminalStopCodon.part_lcl__NC_007359.1_cds_YP_308666.1_4,PA,polymerase,632,negative,0.055,1.06,-,0,"S:S:23,F:S:2,P:S:3,S:T:2",1,0.667,S,"S:4254,?:22,F:2,P:3,T:3"
GCF_000864105.1_noTerminalStopCodon.part_lcl__NC_007359.1_cds_YP_308666.1_4,PA,polymerase,633,negative,0,1.413,-,0,"I:I:25,I:V:2",1,0.667,I,"I:4261,?:21,V:2"
GCF_000864105.1_noTerminalStopCodon.part_lcl__NC_007359.1_cds_YP_308666.1_4,PA,polymerase,634,negative,0,1.557,-,0,G:G:39,1,0.667,G,"G:4263,?:21"
GCF_000864105.1_noTerminalStopCodon.part_lcl__NC_007359.1_cds_YP_308666.1_4,PA,polymerase,635,negative,0,1.333,-,0,"K:K:29,K:R:1",1,0.667,K,"K:4262,?:21,R:1"
GCF_000864105.1_noTerminalStopCodon.part_lcl__NC_007359.1_cds_YP_308666.1_4,PA,polymerase,636,negative,0.054,1.397,-,0,"V:V:34,I:V:7",1,0.667,V,"V:4247,?:21,I:16"
GCF_000864105.1_noTerminalStopCodon.part_lcl__NC_007359.1_cds_YP_308666.1_4,PA,polymerase,637,negative,0,0.82,-,0,"C:C:12,C:R:1",1,0.667,C,"C:4262,?:21,R:1"
GCF_000864105.1_noTerminalStopCodon.part_lcl__NC_007359.1_cds_YP_308666.1_4,PA,polymerase,638,negative,0,1.097,-,0,"R:R:23,K:R:1",1,0.667,R,"R:4263,?:20,K:1"
GCF_000864105.1_noTerminalStopCodon.part_lcl__NC_007359.1_cds_YP_308666.1_4,PA,polymerase,639,negative,0.048,1.184,-,0,"T:T:26,A:T:5",1,0.667,T,"T:4257,?:21,A:6"
GCF_000864105.1_noTerminalStopCodon.part_lcl__NC_007359.1_cds_YP_308666.1_4,PA,polymerase,640,negative,0,1.48,-,0,"L:L:48,L:M:1,L:W:1",1,0.667,L,"L:4261,?:21,M:1,W:1"
GCF_000864105.1_noTerminalStopCodon.part_lcl__NC_007359.1_cds_YP_308666.1_4,PA,polymerase,641,negative,0,1.004,-,0,"L:L:41,L:M:1,L:V:1,I:L:1",1,0.667,L,"L:4260,?:21,M:1,V:1,I:1"
GCF_000864105.1_noTerminalStopCodon.part_lcl__NC_007359.1_cds_YP_308666.1_4,PA,polymerase,642,negative,0,0.749,-,0,"A:S:2,A:A:17,A:T:2",1,0.667,A,"A:4258,?:22,S:2,T:2"
GCF_000864105.1_noTerminalStopCodon.part_lcl__NC_007359.1_cds_YP_308666.1_4,PA,polymerase,643,negative,0.054,1.418,-,0,"K:K:29,K:R:3",1,0.667,K,"K:4244,?:21,R:19"
GCF_000864105.1_noTerminalStopCodon.part_lcl__NC_007359.1_cds_YP_308666.1_4,PA,polymerase,644,negative,0.111,0.596,-,0.008,"S:S:13,A:S:4",1,0.667,S,"S:4237,?:22,A:25"
GCF_000864105.1_noTerminalStopCodon.part_lcl__NC_007359.1_cds_YP_308666.1_4,PA,polymerase,645,negative,0,1.985,-,0,"V:V:49,L:V:1",1,0.667,V,"V:4261,?:22,L:1"
GCF_000864105.1_noTerminalStopCodon.part_lcl__NC_007359.1_cds_YP_308666.1_4,PA,polymerase,646,negative,0,0.818,-,0,"F:V:1,F:F:12,F:S:2,F:L:2",1,0.667,F,"F:4258,?:21,V:1,S:2,L:2"
GCF_000864105.1_noTerminalStopCodon.part_lcl__NC_007359.1_cds_YP_308666.1_4,PA,polymerase,647,negative,0,0.405,-,0.001,"N:N:6,N:T:1",1,0.667,N,"N:4261,?:22,T:1"
GCF_000864105.1_noTerminalStopCodon.part_lcl__NC_007359.1_cds_YP_308666.1_4,PA,polymerase,648,negative,0.156,2.032,-,0,"S:S:29,G:S:1,N:S:6,S:T:1,C:S:2,R:S:1",1,0.07,S,"S:4245,?:22,G:1,N:7,T:2,C:6,R:1"
GCF_000864105.1_noTerminalStopCodon.part_lcl__NC_007359.1_cds_YP_308666.1_4,PA,polymerase,649,negative,0,1.127,-,0,"L:L:40,L:M:1,I:L:2",1,0.667,L,"L:4258,?:23,M:1,I:2"
GCF_000864105.1_noTerminalStopCodon.part_lcl__NC_007359.1_cds_YP_308666.1_4,PA,polymerase,650,negative,0,0.643,-,0,"Y:Y:10,F:Y:1",1,0.667,Y,"Y:4261,?:22,F:1"
GCF_000864105.1_noTerminalStopCodon.part_lcl__NC_007359.1_cds_YP_308666.1_4,PA,polymerase,651,negative,0.093,0.477,-,0.013,"A:V:1,A:A:11,A:S:2,A:T:3",1,0.667,A,"A:4247,?:21,V:1,S:12,T:3"
GCF_000864105.1_noTerminalStopCodon.part_lcl__NC_007359.1_cds_YP_308666.1_4,PA,polymerase,652,negative,0,1.013,-,0,"S:S:22,S:T:1",1,0.667,S,"S:4262,?:21,T:1"
GCF_000864105.1_noTerminalStopCodon.part_lcl__NC_007359.1_cds_YP_308666.1_4,PA,polymerase,653,negative,0.101,0.566,-,0.006,"P:S:6,P:P:12,S:S:1,S:T:1,A:S:1,L:P:1",1,0.667,P,"P:4172,?:21,S:88,T:1,A:1,L:1"
GCF_000864105.1_noTerminalStopCodon.part_lcl__NC_007359.1_cds_YP_308666.1_4,PA,polymerase,654,negative,0,0.674,-,0,Q:Q:12,1,0.667,Q,"Q:4263,?:21"
GCF_000864105.1_noTerminalStopCodon.part_lcl__NC_007359.1_cds_YP_308666.1_4,PA,polymerase,655,negative,0.295,1.689,-,0,"L:L:35,I:L:2,F:L:9,F:S:1",1,0.01,L,"L:4127,?:22,I:2,F:130,S:3"
GCF_000864105.1_noTerminalStopCodon.part_lcl__NC_007359.1_cds_YP_308666.1_4,PA,polymerase,656,negative,0,0.849,-,0,E:E:20,1,0.667,E,"E:4263,?:21"
GCF_000864105.1_noTerminalStopCodon.part_lcl__NC_007359.1_cds_YP_308666.1_4,PA,polymerase,657,negative,0,1.484,-,0,G:G:39,1,0.667,G,"G:4262,?:22"
GCF_000864105.1_noTerminalStopCodon.part_lcl__NC_007359.1_cds_YP_308666.1_4,PA,polymerase,658,negative,0,1.319,-,0,F:F:21,1,0.667,F,"F:4263,?:21"
GCF_000864105.1_noTerminalStopCodon.part_lcl__NC_007359.1_cds_YP_308666.1_4,PA,polymerase,659,negative,0,0.772,-,0,"S:T:1,S:S:18",1,0.667,S,"S:4262,?:21,T:1"
GCF_000864105.1_noTerminalStopCodon.part_lcl__NC_007359.1_cds_YP_308666.1_4,PA,polymerase,660,negative,0,0.647,-,0,"A:A:14,A:S:2,A:P:1,A:T:1",1,0.667,A,"A:4259,?:21,S:2,P:1,T:1"
GCF_000864105.1_noTerminalStopCodon.part_lcl__NC_007359.1_cds_YP_308666.1_4,PA,polymerase,661,negative,0,0.9,-,0,E:E:17,1,0.667,E,"E:4259,?:25"
GCF_000864105.1_noTerminalStopCodon.part_lcl__NC_007359.1_cds_YP_308666.1_4,PA,polymerase,662,negative,0,1.002,-,0,"S:S:24,A:S:1",1,0.667,S,"S:4260,?:23,A:1"
GCF_000864105.1_noTerminalStopCodon.part_lcl__NC_007359.1_cds_YP_308666.1_4,PA,polymerase,663,negative,0,1.355,-,0,"R:R:28,K:R:1",1,0.667,R,"R:4260,?:23,K:1"
GCF_000864105.1_noTerminalStopCodon.part_lcl__NC_007359.1_cds_YP_308666.1_4,PA,polymerase,664,negative,0.105,1.302,-,0,"K:K:23,K:R:3",1,0.667,K,"K:4242,?:23,R:19"
GCF_000864105.1_noTerminalStopCodon.part_lcl__NC_007359.1_cds_YP_308666.1_4,PA,polymerase,665,negative,0.19,1.416,-,0,"L:M:5,L:L:49,L:V:1",1,0.667,L,"L:4249,?:26,M:8,V:1"
GCF_000864105.1_noTerminalStopCodon.part_lcl__NC_007359.1_cds_YP_308666.1_4,PA,polymerase,666,negative,0,0.904,-,0,L:L:20,1,0.667,L,"L:4258,?:26"
GCF_000864105.1_noTerminalStopCodon.part_lcl__NC_007359.1_cds_YP_308666.1_4,PA,polymerase,667,negative,0,0.664,-,0,L:L:14,1,0.667,L,"L:4259,?:25"
GCF_000864105.1_noTerminalStopCodon.part_lcl__NC_007359.1_cds_YP_308666.1_4,PA,polymerase,668,negative,0,0.385,-,0.001,"I:N:1,I:V:3,I:I:7,I:L:1",1,0.667,I,"I:4255,?:24,N:1,V:3,L:1"
GCF_000864105.1_noTerminalStopCodon.part_lcl__NC_007359.1_cds_YP_308666.1_4,PA,polymerase,669,neutral,0.271,0.364,-,0.6,"A:V:8,V:V:8,A:S:1,A:T:1,I:V:5",1,0.667,V,"V:4047,?:24,A:196,S:1,T:4,I:12"
GCF_000864105.1_noTerminalStopCodon.part_lcl__NC_007359.1_cds_YP_308666.1_4,PA,polymerase,670,neutral,0,0.197,-,0.058,"Q:Q:4,Q:R:1",1,0.667,Q,"Q:4259,?:24,R:1"
GCF_000864105.1_noTerminalStopCodon.part_lcl__NC_007359.1_cds_YP_308666.1_4,PA,polymerase,671,negative,0,0.484,-,0,A:A:11,1,0.667,A,"A:4260,?:24"
GCF_000864105.1_noTerminalStopCodon.part_lcl__NC_007359.1_cds_YP_308666.1_4,PA,polymerase,672,neutral,0.235,0.181,-,0.721,"F:L:10,I:L:2,L:L:4",1,0.519,L,"L:4237,?:24,F:13,I:10"
GCF_000864105.1_noTerminalStopCodon.part_lcl__NC_007359.1_cds_YP_308666.1_4,PA,polymerase,673,neutral,0.129,0.184,-,0.619,"G:R:3,K:R:2,R:R:5",1,0.667,R,"R:4241,?:25,G:11,K:7"
GCF_000864105.1_noTerminalStopCodon.part_lcl__NC_007359.1_cds_YP_308666.1_4,PA,polymerase,674,negative,0,0.967,-,0,D:D:14,1,0.667,D,"D:4260,?:24"
GCF_000864105.1_noTerminalStopCodon.part_lcl__NC_007359.1_cds_YP_308666.1_4,PA,polymerase,675,negative,0.099,1.601,-,0,"K:N:4,N:N:23,N:T:1,N:S:3,D:N:1",1,0.667,N,"N:4249,?:24,K:5,T:1,S:3,D:2"
GCF_000864105.1_noTerminalStopCodon.part_lcl__NC_007359.1_cds_YP_308666.1_4,PA,polymerase,676,negative,0,0.356,-,0.011,"L:M:2,L:L:16",1,0.667,L,"L:4258,?:24,M:2"
GCF_000864105.1_noTerminalStopCodon.part_lcl__NC_007359.1_cds_YP_308666.1_4,PA,polymerase,677,negative,0.053,0.965,-,0,"E:E:17,D:E:2,E:K:5,E:N:1,E:G:2",1,0.667,E,"E:4249,?:24,D:2,K:6,N:1,G:2"
GCF_000864105.1_noTerminalStopCodon.part_lcl__NC_007359.1_cds_YP_308666.1_4,PA,polymerase,678,negative,0,0.364,-,0.001,P:P:8,1,0.667,P,"P:4258,?:26"
GCF_000864105.1_noTerminalStopCodon.part_lcl__NC_007359.1_cds_YP_308666.1_4,PA,polymerase,679,negative,0,1.54,-,0,"G:G:36,G:R:1",1,0.667,G,"G:4255,?:28,R:1"
GCF_000864105.1_noTerminalStopCodon.part_lcl__NC_007359.1_cds_YP_308666.1_4,PA,polymerase,680,negative,0.048,1.441,-,0,"T:T:30,A:T:1,D:T:1,S:T:2",1,0.667,T,"T:4253,?:26,A:1,D:1,S:3"
GCF_000864105.1_noTerminalStopCodon.part_lcl__NC_007359.1_cds_YP_308666.1_4,PA,polymerase,681,negative,0,1.751,-,0,"F:F:25,F:L:1",1,0.667,F,"F:4257,?:26,L:1"
GCF_000864105.1_noTerminalStopCodon.part_lcl__NC_007359.1_cds_YP_308666.1_4,PA,polymerase,682,neutral,0.097,0.317,-,0.133,"D:N:7,D:D:5",1,0.631,D,"D:4248,?:27,N:9"
GCF_000864105.1_noTerminalStopCodon.part_lcl__NC_007359.1_cds_YP_308666.1_4,PA,polymerase,683,neutral,0.058,0.227,-,0.158,"I:L:2,L:L:5,F:L:4",1,0.659,L,"L:4250,?:27,I:2,F:5"
GCF_000864105.1_noTerminalStopCodon.part_lcl__NC_007359.1_cds_YP_308666.1_4,PA,polymerase,684,neutral,0.261,0.58,-,0.085,"G:G:15,E:G:11,G:R:1",1,0.453,G,"G:4213,?:27,E:43,R:1"
GCF_000864105.1_noTerminalStopCodon.part_lcl__NC_007359.1_cds_YP_308666.1_4,PA,polymerase,685,negative,0,0.289,-,0.002,"G:G:8,G:V:1",1,0.667,G,"G:4257,?:26,V:1"
GCF_000864105.1_noTerminalStopCodon.part_lcl__NC_007359.1_cds_YP_308666.1_4,PA,polymerase,686,negative,0.099,0.699,-,0.008,"L:L:28,L:M:3",1,0.667,L,"L:4253,?:27,M:4"
GCF_000864105.1_noTerminalStopCodon.part_lcl__NC_007359.1_cds_YP_308666.1_4,PA,polymerase,687,negative,0,0.521,-,0.001,Y:Y:8,1,0.667,Y,"Y:4257,?:27"
GCF_000864105.1_noTerminalStopCodon.part_lcl__NC_007359.1_cds_YP_308666.1_4,PA,polymerase,688,negative,0.266,0.9,-,0.011,"E:G:10,E:E:16,D:E:3",1,0.327,E,"E:4188,?:28,G:62,D:6"
GCF_000864105.1_noTerminalStopCodon.part_lcl__NC_007359.1_cds_YP_308666.1_4,PA,polymerase,689,negative,0,0.128,-,0.048,"A:P:1,A:A:3",1,0.667,A,"A:4255,?:28,P:1"
GCF_000864105.1_noTerminalStopCodon.part_lcl__NC_007359.1_cds_YP_308666.1_4,PA,polymerase,690,neutral,0.207,0.273,-,0.681,"I:V:11,I:T:3,I:I:4,I:M:1,I:S:1",1,0.655,I,"I:4212,?:28,V:37,T:3,M:1,S:3"
GCF_000864105.1_noTerminalStopCodon.part_lcl__NC_007359.1_cds_YP_308666.1_4,PA,polymerase,691,neutral,0,0.041,-,0.291,E:E:1,1,0.667,E,"E:4257,?:27"
GCF_000864105.1_noTerminalStopCodon.part_lcl__NC_007359.1_cds_YP_308666.1_4,PA,polymerase,692,negative,0,0.164,-,0.035,E:E:4,1,0.667,E,"E:4257,?:27"
GCF_000864105.1_noTerminalStopCodon.part_lcl__NC_007359.1_cds_YP_308666.1_4,PA,polymerase,693,negative,0,0.612,-,0,C:C:9,1,0.667,C,"C:4256,?:28"
GCF_000864105.1_noTerminalStopCodon.part_lcl__NC_007359.1_cds_YP_308666.1_4,PA,polymerase,694,neutral,0.098,0.29,-,0.224,"L:L:13,L:V:2,L:M:1",1,0.638,L,"L:4250,?:29,V:4,M:1"
GCF_000864105.1_noTerminalStopCodon.part_lcl__NC_007359.1_cds_YP_308666.1_4,PA,polymerase,695,neutral,0,0,-,1,I:V:4,1,0.667,I,"I:4252,?:28,V:4"
GCF_000864105.1_noTerminalStopCodon.part_lcl__NC_007359.1_cds_YP_308666.1_4,PA,polymerase,696,negative,0,2.852,-,0,N:N:40,1,0.667,N,"N:4255,?:29"
GCF_000864105.1_noTerminalStopCodon.part_lcl__NC_007359.1_cds_YP_308666.1_4,PA,polymerase,697,neutral,0,0.127,-,0.067,"D:N:1,D:D:2",1,0.667,D,"D:4255,?:28,N:1"
GCF_000864105.1_noTerminalStopCodon.part_lcl__NC_007359.1_cds_YP_308666.1_4,PA,polymerase,698,negative,0,0.424,-,0.001,"P:P:9,P:S:1",1,0.667,P,"P:4255,?:28,S:1"
GCF_000864105.1_noTerminalStopCodon.part_lcl__NC_007359.1_cds_YP_308666.1_4,PA,polymerase,699,negative,0,764.671,-,0,L:W:1,1,0.667,W,"W:4254,?:29,L:1"
GCF_000864105.1_noTerminalStopCodon.part_lcl__NC_007359.1_cds_YP_308666.1_4,PA,polymerase,700,neutral,0,0,-,1,G:V:1,1,0.667,V,"V:4255,?:28,G:1"
GCF_000864105.1_noTerminalStopCodon.part_lcl__NC_007359.1_cds_YP_308666.1_4,PA,polymerase,701,neutral,0,0.083,-,0.214,"L:L:3,F:L:1",1,0.667,L,"L:4256,?:27,F:1"
GCF_000864105.1_noTerminalStopCodon.part_lcl__NC_007359.1_cds_YP_308666.1_4,PA,polymerase,702,negative,0,0.273,-,0.009,L:L:6,1,0.667,L,"L:4256,?:28"
GCF_000864105.1_noTerminalStopCodon.part_lcl__NC_007359.1_cds_YP_308666.1_4,PA,polymerase,703,negative,0,0.192,-,0.026,"N:N:3,I:N:1,K:N:1,N:S:1",1,0.667,N,"N:4251,?:30,I:1,K:1,S:1"
GCF_000864105.1_noTerminalStopCodon.part_lcl__NC_007359.1_cds_YP_308666.1_4,PA,polymerase,704,negative,0,2.006,-,0,A:A:49,1,0.667,A,"A:4250,?:34"
GCF_000864105.1_noTerminalStopCodon.part_lcl__NC_007359.1_cds_YP_308666.1_4,PA,polymerase,705,negative,0,0.412,-,0.001,"S:Y:2,S:S:9",1,0.667,S,"S:4251,?:31,Y:2"
GCF_000864105.1_noTerminalStopCodon.part_lcl__NC_007359.1_cds_YP_308666.1_4,PA,polymerase,706,neutral,0,0,-,1,G:W:1,1,0.667,W,"W:4252,?:31,G:1"
GCF_000864105.1_noTerminalStopCodon.part_lcl__NC_007359.1_cds_YP_308666.1_4,PA,polymerase,707,negative,0.056,0.586,-,0.004,"F:L:6,F:F:8,F:S:1,F:Q:1,F:V:1",1,0.667,F,"F:4235,?:34,L:12,S:1,Q:1,V:1"
GCF_000864105.1_noTerminalStopCodon.part_lcl__NC_007359.1_cds_YP_308666.1_4,PA,polymerase,708,neutral,0,0.067,-,0.19,"D:N:1,N:N:1",1,0.667,N,"N:4248,?:35,D:1"
GCF_000864105.1_noTerminalStopCodon.part_lcl__NC_007359.1_cds_YP_308666.1_4,PA,polymerase,709,neutral,0.167,0.235,-,0.634,"S:S:5,F:S:4,P:S:2",1,0.665,S,"S:4239,?:35,F:8,P:2"
GCF_000864105.1_noTerminalStopCodon.part_lcl__NC_007359.1_cds_YP_308666.1_4,PA,polymerase,710,neutral,0,0,-,1,F:L:4,1,0.667,F,"F:4242,?:38,L:4"
GCF_000864105.1_noTerminalStopCodon.part_lcl__NC_007359.1_cds_YP_308666.1_4,PA,polymerase,711,neutral,0.176,0.377,-,0.237,"F:L:2,I:L:4,L:L:8",1,0.604,L,"L:4230,?:38,F:2,I:14"
GCF_000864105.1_noTerminalStopCodon.part_lcl__NC_007359.1_cds_YP_308666.1_4,PA,polymerase,712,neutral,0.193,0.129,-,0.599,"I:T:4,A:T:10,K:T:5,A:V:2,A:P:1,T:T:3",1,0.457,T,"T:4027,?:40,I:14,A:194,K:6,V:2,P:1"
GCF_000864105.1_noTerminalStopCodon.part_lcl__NC_007359.1_cds_YP_308666.1_4,PA,polymerase,713,neutral,0,0.127,-,0.074,"H:H:2,H:R:2,H:L:1",1,0.667,H,"H:4241,?:40,R:2,L:1"
GCF_000864105.1_noTerminalStopCodon.part_lcl__NC_007359.1_cds_YP_308666.1_4,PA,polymerase,714,positive,0.14,0,-,0.035,"A:V:2,A:T:1",1,0.044,A,"A:4230,?:42,V:6,T:6"
GCF_000864105.1_noTerminalStopCodon.part_lcl__NC_007359.1_cds_YP_308666.1_4,PA,polymerase,715,negative,0,0.662,-,0.001,"L:L:29,E:L:1,L:P:1",1,0.667,L,"L:4240,?:42,E:1,P:1"
GCF_000864105.1_noTerminalStopCodon.part_lcl__NC_007359.1_cds_YP_308666.1_4,PA,polymerase,716,neutral,0.373,0.393,-,0.92,"K:R:15,K:N:4,K:K:7,I:K:1,E:K:11",1,0.656,K,"K:4125,?:75,R:41,N:19,I:1,E:23"
GCF_000864105.1_noTerminalStopCodon.part_lcl__NC_007360.1_cds_YP_308667.1_7,NP,nucleocapsid protein,1,neutral,0,0,-,1,?:M:48,1,1,M,"M:3334,?:56"
GCF_000864105.1_noTerminalStopCodon.part_lcl__NC_007360.1_cds_YP_308667.1_7,NP,nucleocapsid protein,2,negative,0,0.328,-,0.003,"A:A:8,A:V:1",1,0.667,A,"A:3340,?:49,V:1"
GCF_000864105.1_noTerminalStopCodon.part_lcl__NC_007360.1_cds_YP_308667.1_7,NP,nucleocapsid protein,3,negative,0,1.156,-,0,"S:S:21,S:Y:1,?:S:38,F:S:3,P:S:1,C:S:1,A:S:1",1,0.667,S,"S:3336,Y:1,?:47,F:3,P:1,C:1,A:1"
GCF_000864105.1_noTerminalStopCodon.part_lcl__NC_007360.1_cds_YP_308667.1_7,NP,nucleocapsid protein,4,neutral,0.089,0.354,-,0.139,"?:Q:37,Q:Q:6,L:Q:1,Q:S:2,H:Q:2",1,0.624,Q,"Q:3335,?:44,L:7,S:2,H:2"
GCF_000864105.1_noTerminalStopCodon.part_lcl__NC_007360.1_cds_YP_308667.1_7,NP,nucleocapsid protein,5,neutral,0.05,0.103,-,0.546,"G:G:2,G:S:2",1,0.634,G,"G:3346,?:41,S:3"
GCF_000864105.1_noTerminalStopCodon.part_lcl__NC_007360.1_cds_YP_308667.1_7,NP,nucleocapsid protein,6,neutral,0,0,-,1,"?:T:33,A:T:1",1,0.667,T,"T:3349,?:40,A:1"
GCF_000864105.1_noTerminalStopCodon.part_lcl__NC_007360.1_cds_YP_308667.1_7,NP,nucleocapsid protein,7,negative,0,0.175,-,0.03,"K:K:3,?:K:33",1,0.667,K,"K:3350,?:40"
GCF_000864105.1_noTerminalStopCodon.part_lcl__NC_007360.1_cds_YP_308667.1_7,NP,nucleocapsid protein,8,negative,0,0.336,-,0.018,"?:R:32,R:R:9",1,0.667,R,"R:3349,?:41"
GCF_000864105.1_noTerminalStopCodon.part_lcl__NC_007360.1_cds_YP_308667.1_7,NP,nucleocapsid protein,9,negative,0.132,1.596,-,0,"S:S:30,?:S:32,P:S:6,S:T:1",1,0.667,S,"S:3325,?:40,P:24,T:1"
GCF_000864105.1_noTerminalStopCodon.part_lcl__NC_007360.1_cds_YP_308667.1_7,NP,nucleocapsid protein,10,neutral,0.063,0.358,-,0.065,"H:Y:4,?:Y:29,Y:Y:5,?:H:1",1,0.667,Y,"Y:3335,H:20,?:35"
GCF_000864105.1_noTerminalStopCodon.part_lcl__NC_007360.1_cds_YP_308667.1_7,NP,nucleocapsid protein,11,negative,0,0.828,-,0,E:E:14,1,0.667,E,"E:3358,?:32"
GCF_000864105.1_noTerminalStopCodon.part_lcl__NC_007360.1_cds_YP_308667.1_7,NP,nucleocapsid protein,12,negative,0,0.716,-,0,"Q:Q:14,?:Q:26,K:Q:1",1,0.667,Q,"Q:3356,?:33,K:1"
GCF_000864105.1_noTerminalStopCodon.part_lcl__NC_007360.1_cds_YP_308667.1_7,NP,nucleocapsid protein,13,neutral,0,0.215,-,1,?:M:23,1,0.667,M,"M:3361,?:29"
GCF_000864105.1_noTerminalStopCodon.part_lcl__NC_007360.1_cds_YP_308667.1_7,NP,nucleocapsid protein,14,negative,0,1.054,-,0,"E:E:17,D:E:1,E:G:1",1,0.667,E,"E:3357,?:31,D:1,G:1"
GCF_000864105.1_noTerminalStopCodon.part_lcl__NC_007360.1_cds_YP_308667.1_7,NP,nucleocapsid protein,15,negative,0,0.358,-,0.002,"?:T:23,T:T:7,I:T:1",1,0.667,T,"T:3360,?:29,I:1"
GCF_000864105.1_noTerminalStopCodon.part_lcl__NC_007360.1_cds_YP_308667.1_7,NP,nucleocapsid protein,16,neutral,0.202,0.154,-,0.72,"G:S:16,G:G:3,?:S:3",1,0.526,G,"G:3307,?:29,S:54"
GCF_000864105.1_noTerminalStopCodon.part_lcl__NC_007360.1_cds_YP_308667.1_7,NP,nucleocapsid protein,17,negative,0,1.464,-,0,"G:G:32,E:G:1,?:G:1",1,0.667,G,"G:3361,?:28,E:1"
GCF_000864105.1_noTerminalStopCodon.part_lcl__NC_007360.1_cds_YP_308667.1_7,NP,nucleocapsid protein,18,negative,0.05,1.021,-,0,"E:E:18,D:E:3,E:G:1,E:Q:2,E:K:1",1,0.667,E,"E:3348,?:33,D:5,G:1,Q:2,K:1"
GCF_000864105.1_noTerminalStopCodon.part_lcl__NC_007360.1_cds_YP_308667.1_7,NP,nucleocapsid protein,19,negative,0,0.205,-,0.027,"?:R:22,R:R:4,H:R:1,C:R:1",1,0.667,R,"R:3355,?:33,H:1,C:1"
GCF_000864105.1_noTerminalStopCodon.part_lcl__NC_007360.1_cds_YP_308667.1_7,NP,nucleocapsid protein,20,negative,0,0.23,-,0.035,"?:Q:22,Q:Q:4,P:Q:2",1,0.667,Q,"Q:3359,?:29,P:2"
GCF_000864105.1_noTerminalStopCodon.part_lcl__NC_007360.1_cds_YP_308667.1_7,NP,nucleocapsid protein,21,negative,0.047,0.499,-,0.005,"?:N:23,N:S:6,N:N:6",1,0.667,N,"N:3356,?:27,S:7"
GCF_000864105.1_noTerminalStopCodon.part_lcl__NC_007360.1_cds_YP_308667.1_7,NP,nucleocapsid protein,22,negative,0.162,1.287,-,0,"A:T:6,A:A:24,A:S:3,A:V:1",1,0.581,A,"A:3336,T:21,?:25,S:7,V:1"
GCF_000864105.1_noTerminalStopCodon.part_lcl__NC_007360.1_cds_YP_308667.1_7,NP,nucleocapsid protein,23,negative,0,0.671,-,0,"T:T:13,?:T:21,P:T:1,N:T:4,S:T:1",1,0.667,T,"T:3358,?:26,P:1,N:4,S:1"
GCF_000864105.1_noTerminalStopCodon.part_lcl__NC_007360.1_cds_YP_308667.1_7,NP,nucleocapsid protein,24,negative,0,0.698,-,0,"E:E:13,D:E:1",1,0.667,E,"E:3362,?:27,D:1"
GCF_000864105.1_noTerminalStopCodon.part_lcl__NC_007360.1_cds_YP_308667.1_7,NP,nucleocapsid protein,25,negative,0,0.746,-,0,"I:I:13,?:I:20,I:V:1,I:T:1",1,0.667,I,"I:3363,?:25,V:1,T:1"
GCF_000864105.1_noTerminalStopCodon.part_lcl__NC_007360.1_cds_YP_308667.1_7,NP,nucleocapsid protein,26,negative,0.05,0.837,-,0,"G:R:1,R:R:15,?:R:20,K:R:2,E:R:1",1,0.667,R,"R:3358,G:1,?:27,K:3,E:1"
GCF_000864105.1_noTerminalStopCodon.part_lcl__NC_007360.1_cds_YP_308667.1_7,NP,nucleocapsid protein,27,negative,0,0.364,-,0.002,"A:A:7,A:T:1,A:I:1,A:S:2",1,0.667,A,"A:3361,?:25,T:1,I:1,S:2"
GCF_000864105.1_noTerminalStopCodon.part_lcl__NC_007360.1_cds_YP_308667.1_7,NP,nucleocapsid protein,28,negative,0,1.15,-,0,"?:S:20,S:S:22,H:S:1,F:S:1,P:S:1,S:T:1",1,0.667,S,"S:3362,?:24,H:1,F:1,P:1,T:1"
GCF_000864105.1_noTerminalStopCodon.part_lcl__NC_007360.1_cds_YP_308667.1_7,NP,nucleocapsid protein,29,negative,0,0.829,-,0,"V:V:16,?:V:1",1,0.667,V,"V:3365,?:25"
GCF_000864105.1_noTerminalStopCodon.part_lcl__NC_007360.1_cds_YP_308667.1_7,NP,nucleocapsid protein,30,negative,0,0.971,-,0,G:G:21,1,0.667,G,"G:3365,?:25"
GCF_000864105.1_noTerminalStopCodon.part_lcl__NC_007360.1_cds_YP_308667.1_7,NP,nucleocapsid protein,31,negative,0,1.478,-,0,"K:R:2,?:R:20,R:R:27",1,0.667,R,"R:3364,K:2,?:24"
GCF_000864105.1_noTerminalStopCodon.part_lcl__NC_007360.1_cds_YP_308667.1_7,NP,nucleocapsid protein,32,neutral,0,10000,-,0.143,"?:M:19,I:M:1",1,0.667,M,"M:3366,?:23,I:1"
GCF_000864105.1_noTerminalStopCodon.part_lcl__NC_007360.1_cds_YP_308667.1_7,NP,nucleocapsid protein,33,negative,0.512,1.435,-,0.005,"V:V:26,I:V:20,N:V:1,?:I:6",1,0.667,V,"V:3262,I:104,?:23,N:1"
GCF_000864105.1_noTerminalStopCodon.part_lcl__NC_007360.1_cds_YP_308667.1_7,NP,nucleocapsid protein,34,negative,0.247,1.043,-,0.002,"G:G:16,G:S:15,G:V:1,N:S:5,S:S:2,?:S:15,D:G:1",1,0.667,G,"G:2750,?:22,S:611,V:1,N:5,D:1"
GCF_000864105.1_noTerminalStopCodon.part_lcl__NC_007360.1_cds_YP_308667.1_7,NP,nucleocapsid protein,35,negative,0,1.105,-,0,"G:G:23,G:R:1",1,0.667,G,"G:3365,?:24,R:1"
GCF_000864105.1_noTerminalStopCodon.part_lcl__NC_007360.1_cds_YP_308667.1_7,NP,nucleocapsid protein,36,negative,0,0.979,-,0,"I:I:17,?:I:18,I:V:4,F:I:1",1,0.667,I,"I:3361,?:24,V:4,F:1"
GCF_000864105.1_noTerminalStopCodon.part_lcl__NC_007360.1_cds_YP_308667.1_7,NP,nucleocapsid protein,37,negative,0,1.224,-,0,"G:G:29,G:R:1",1,0.667,G,"G:3365,?:24,R:1"
GCF_000864105.1_noTerminalStopCodon.part_lcl__NC_007360.1_cds_YP_308667.1_7,NP,nucleocapsid protein,38,negative,0.05,1.296,-,0,"K:R:2,?:K:1,R:R:27,?:R:17",1,0.667,R,"R:3340,K:28,?:22"
GCF_000864105.1_noTerminalStopCodon.part_lcl__NC_007360.1_cds_YP_308667.1_7,NP,nucleocapsid protein,39,negative,0,1.234,-,0,"F:F:17,?:F:17",1,0.667,F,"F:3367,?:23"
GCF_000864105.1_noTerminalStopCodon.part_lcl__NC_007360.1_cds_YP_308667.1_7,NP,nucleocapsid protein,40,negative,0.063,0.84,-,0.001,"Y:Y:12,N:Y:1,F:Y:1,?:Y:17",1,0.667,Y,"Y:3366,N:1,F:2,?:21"
GCF_000864105.1_noTerminalStopCodon.part_lcl__NC_007360.1_cds_YP_308667.1_7,NP,nucleocapsid protein,41,neutral,0.337,0.504,-,0.566,"I:V:17,I:T:1,?:I:16,V:V:1,I:I:2,A:V:1",1,0.667,I,"V:176,I:3190,T:2,?:21,A:1"
GCF_000864105.1_noTerminalStopCodon.part_lcl__NC_007360.1_cds_YP_308667.1_7,NP,nucleocapsid protein,42,negative,0,0.996,-,0,"Q:Q:21,?:Q:17,Q:R:2",1,0.667,Q,"Q:3367,?:21,R:2"
GCF_000864105.1_noTerminalStopCodon.part_lcl__NC_007360.1_cds_YP_308667.1_7,NP,nucleocapsid protein,43,neutral,0,0,-,1,?:M:17,1,1,M,"M:3369,?:21"
GCF_000864105.1_noTerminalStopCodon.part_lcl__NC_007360.1_cds_YP_308667.1_7,NP,nucleocapsid protein,44,negative,0,0.625,-,0,"C:C:9,C:Y:1,C:G:1,?:C:17",1,0.667,C,"C:3367,Y:1,G:1,?:21"
GCF_000864105.1_noTerminalStopCodon.part_lcl__NC_007360.1_cds_YP_308667.1_7,NP,nucleocapsid protein,45,negative,0,0.973,-,0,"T:T:19,?:T:17",1,0.667,T,"T:3368,?:22"
GCF_000864105.1_noTerminalStopCodon.part_lcl__NC_007360.1_cds_YP_308667.1_7,NP,nucleocapsid protein,46,negative,0,1.065,-,0,"E:E:19,E:K:2",1,0.667,E,"E:3367,K:2,?:21"
GCF_000864105.1_noTerminalStopCodon.part_lcl__NC_007360.1_cds_YP_308667.1_7,NP,nucleocapsid protein,47,negative,0,0.568,-,0,"L:L:11,I:L:1,?:L:17,F:L:1",1,0.667,L,"L:3366,I:1,?:22,F:1"
GCF_000864105.1_noTerminalStopCodon.part_lcl__NC_007360.1_cds_YP_308667.1_7,NP,nucleocapsid protein,48,negative,0.05,0.838,-,0,"K:R:2,K:K:13,K:Q:4,?:K:16,?:Q:1,Q:Q:1",1,0.667,K,"K:3227,R:2,Q:140,?:21"
GCF_000864105.1_noTerminalStopCodon.part_lcl__NC_007360.1_cds_YP_308667.1_7,NP,nucleocapsid protein,49,neutral,0.07,0.256,-,0.183,"L:L:5,F:L:2,?:L:17",1,0.651,L,"L:3366,F:3,?:21"
GCF_000864105.1_noTerminalStopCodon.part_lcl__NC_007360.1_cds_YP_308667.1_7,NP,nucleocapsid protein,50,negative,0.374,1.582,-,0,"N:S:2,S:S:22,G:S:14,R:S:2,K:R:1,G:R:1,?:S:16",1,0.038,S,"S:3256,N:3,G:40,R:70,K:1,?:20"
GCF_000864105.1_noTerminalStopCodon.part_lcl__NC_007360.1_cds_YP_308667.1_7,NP,nucleocapsid protein,51,negative,0.286,0.994,-,0.008,"D:E:6,D:D:14,D:N:14",1,0.049,D,"D:3335,E:13,N:22,?:20"
GCF_000864105.1_noTerminalStopCodon.part_lcl__NC_007360.1_cds_YP_308667.1_7,NP,nucleocapsid protein,52,neutral,0.583,0.931,-,0.282,"Y:Y:12,H:Y:16,H:Q:1,H:N:2,N:Y:1,?:Y:7,?:H:8,H:H:1",1,0.667,Y,"Y:2418,H:934,Q:1,N:18,?:19"
GCF_000864105.1_noTerminalStopCodon.part_lcl__NC_007360.1_cds_YP_308667.1_7,NP,nucleocapsid protein,53,negative,0,0.526,-,0,"E:E:9,D:E:1,E:G:1",1,0.667,E,"E:3369,D:1,?:19,G:1"
GCF_000864105.1_noTerminalStopCodon.part_lcl__NC_007360.1_cds_YP_308667.1_7,NP,nucleocapsid protein,54,negative,0,1.286,-,0,"G:G:29,E:G:1",1,0.667,G,"G:3369,?:20,E:1"
GCF_000864105.1_noTerminalStopCodon.part_lcl__NC_007360.1_cds_YP_308667.1_7,NP,nucleocapsid protein,55,negative,0,1.371,-,0,"R:R:30,?:R:15",1,0.667,R,"R:3370,?:20"
GCF_000864105.1_noTerminalStopCodon.part_lcl__NC_007360.1_cds_YP_308667.1_7,NP,nucleocapsid protein,56,negative,0,0.946,-,0,"L:L:33,?:L:15,L:P:1",1,0.667,L,"L:3368,?:21,P:1"
GCF_000864105.1_noTerminalStopCodon.part_lcl__NC_007360.1_cds_YP_308667.1_7,NP,nucleocapsid protein,57,negative,0.055,1.761,-,0,"I:I:31,?:I:16,I:V:3",1,0.667,I,"I:3364,?:21,V:5"
GCF_000864105.1_noTerminalStopCodon.part_lcl__NC_007360.1_cds_YP_308667.1_7,NP,nucleocapsid protein,58,negative,0,1.025,-,0,"Q:R:1,Q:Q:19,?:Q:16",1,0.667,Q,"Q:3368,R:1,?:21"
GCF_000864105.1_noTerminalStopCodon.part_lcl__NC_007360.1_cds_YP_308667.1_7,NP,nucleocapsid protein,59,negative,0,0.839,-,0,"N:N:12,?:N:16",1,0.667,N,"N:3370,?:20"
GCF_000864105.1_noTerminalStopCodon.part_lcl__NC_007360.1_cds_YP_308667.1_7,NP,nucleocapsid protein,60,negative,0,0.482,-,0,"S:S:7,?:S:16",1,0.667,S,"S:3370,?:20"
GCF_000864105.1_noTerminalStopCodon.part_lcl__NC_007360.1_cds_YP_308667.1_7,NP,nucleocapsid protein,61,negative,0.126,0.927,-,0.006,"I:T:2,I:M:5,I:L:1,I:V:3,?:I:16,I:I:5",1,0.277,I,"I:3353,T:4,M:6,L:1,V:6,?:20"
GCF_000864105.1_noTerminalStopCodon.part_lcl__NC_007360.1_cds_YP_308667.1_7,NP,nucleocapsid protein,62,negative,0,0.574,-,0,"T:T:12,?:T:16",1,0.667,T,"T:3370,?:20"
GCF_000864105.1_noTerminalStopCodon.part_lcl__NC_007360.1_cds_YP_308667.1_7,NP,nucleocapsid protein,63,neutral,0.123,0.397,-,0.231,"I:V:7,I:M:4,I:T:3,?:I:16,I:L:1,I:I:2",1,0.44,I,"V:22,I:3338,M:6,T:3,?:20,L:1"
GCF_000864105.1_noTerminalStopCodon.part_lcl__NC_007360.1_cds_YP_308667.1_7,NP,nucleocapsid protein,64,negative,0,0.551,-,0,E:E:10,1,0.667,E,"E:3370,?:20"
GCF_000864105.1_noTerminalStopCodon.part_lcl__NC_007360.1_cds_YP_308667.1_7,NP,nucleocapsid protein,65,negative,0,1.011,-,0,"G:R:1,R:R:21,K:R:2,E:R:1,?:R:14",1,0.667,R,"R:3368,G:1,K:2,E:1,?:18"
GCF_000864105.1_noTerminalStopCodon.part_lcl__NC_007360.1_cds_YP_308667.1_7,NP,nucleocapsid protein,66,neutral,0,0,-,1,?:M:14,1,1,M,"M:3372,?:18"
GCF_000864105.1_noTerminalStopCodon.part_lcl__NC_007360.1_cds_YP_308667.1_7,NP,nucleocapsid protein,67,negative,0.169,1.019,-,0,"A:V:7,V:V:20,I:V:8,L:V:1",1,0.667,V,"V:3349,A:8,?:20,I:12,L:1"
GCF_000864105.1_noTerminalStopCodon.part_lcl__NC_007360.1_cds_YP_308667.1_7,NP,nucleocapsid protein,68,negative,0,1.275,-,0,"L:L:24,?:L:14",1,0.667,L,"L:3370,?:20"
GCF_000864105.1_noTerminalStopCodon.part_lcl__NC_007360.1_cds_YP_308667.1_7,NP,nucleocapsid protein,69,negative,0,1.06,-,0,"S:S:22,?:S:15",1,0.667,S,"S:3371,?:19"
GCF_000864105.1_noTerminalStopCodon.part_lcl__NC_007360.1_cds_YP_308667.1_7,NP,nucleocapsid protein,70,neutral,0.217,0.501,-,0.133,"A:T:2,A:A:10,?:A:1,A:S:3",1,0.318,A,"A:3357,T:9,?:19,S:5"
GCF_000864105.1_noTerminalStopCodon.part_lcl__NC_007360.1_cds_YP_308667.1_7,NP,nucleocapsid protein,71,negative,0,0.212,-,0.031,"F:F:3,F:I:1,?:F:14",1,0.667,F,"F:3371,I:1,?:18"
GCF_000864105.1_noTerminalStopCodon.part_lcl__NC_007360.1_cds_YP_308667.1_7,NP,nucleocapsid protein,72,negative,0,0.715,-,0,D:D:10,1,0.667,D,"D:3372,?:18"
GCF_000864105.1_noTerminalStopCodon.part_lcl__NC_007360.1_cds_YP_308667.1_7,NP,nucleocapsid protein,73,negative,0,0.936,-,0,"E:E:18,D:E:2",1,0.667,E,"E:3370,D:2,?:18"
GCF_000864105.1_noTerminalStopCodon.part_lcl__NC_007360.1_cds_YP_308667.1_7,NP,nucleocapsid protein,74,negative,0,1.543,-,0,"R:R:34,?:R:14",1,0.667,R,"R:3372,?:18"
GCF_000864105.1_noTerminalStopCodon.part_lcl__NC_007360.1_cds_YP_308667.1_7,NP,nucleocapsid protein,75,negative,0,1.543,-,0,"R:R:34,?:R:14",1,0.667,R,"R:3370,?:20"
GCF_000864105.1_noTerminalStopCodon.part_lcl__NC_007360.1_cds_YP_308667.1_7,NP,nucleocapsid protein,76,negative,0,0.699,-,0,"N:N:10,?:N:14",1,0.667,N,"N:3372,?:18"
GCF_000864105.1_noTerminalStopCodon.part_lcl__NC_007360.1_cds_YP_308667.1_7,NP,nucleocapsid protein,77,negative,0.459,1.36,-,0.003,"K:R:16,K:K:14,R:R:11,?:K:5,?:R:9",1,0.667,K,"K:2747,R:625,?:18"
GCF_000864105.1_noTerminalStopCodon.part_lcl__NC_007360.1_cds_YP_308667.1_7,NP,nucleocapsid protein,78,negative,0.064,1.743,-,0,"Y:Y:24,H:Y:1,?:Y:14",1,0.667,Y,"Y:3370,H:2,?:18"
GCF_000864105.1_noTerminalStopCodon.part_lcl__NC_007360.1_cds_YP_308667.1_7,NP,nucleocapsid protein,79,negative,0,0.984,-,0,"L:L:35,?:L:14,L:P:1",1,0.667,L,"L:3371,?:18,P:1"
GCF_000864105.1_noTerminalStopCodon.part_lcl__NC_007360.1_cds_YP_308667.1_7,NP,nucleocapsid protein,80,negative,0,0.942,-,0,E:E:17,1,0.667,E,"E:3372,?:18"
GCF_000864105.1_noTerminalStopCodon.part_lcl__NC_007360.1_cds_YP_308667.1_7,NP,nucleocapsid protein,81,negative,0,1.269,-,0,"E:E:22,E:G:2",1,0.667,E,"E:3365,?:23,G:2"
GCF_000864105.1_noTerminalStopCodon.part_lcl__NC_007360.1_cds_YP_308667.1_7,NP,nucleocapsid protein,82,negative,0,1.457,-,0,"H:H:20,?:H:14",1,0.667,H,"H:3372,?:18"
GCF_000864105.1_noTerminalStopCodon.part_lcl__NC_007360.1_cds_YP_308667.1_7,NP,nucleocapsid protein,83,negative,0,0.99,-,0,"P:P:19,?:P:14",1,0.667,P,"P:3371,?:19"
GCF_000864105.1_noTerminalStopCodon.part_lcl__NC_007360.1_cds_YP_308667.1_7,NP,nucleocapsid protein,84,neutral,0.138,0.426,-,0.1,"N:S:7,S:S:6,?:S:14,S:T:1",1,0.415,S,"S:3358,N:13,?:18,T:1"
GCF_000864105.1_noTerminalStopCodon.part_lcl__NC_007360.1_cds_YP_308667.1_7,NP,nucleocapsid protein,85,negative,0.272,1.298,-,0,"A:A:26,A:T:8,A:S:1,A:G:1,A:V:2,A:P:1,P:P:1",1,0.061,A,"A:3284,T:14,S:1,G:1,V:2,P:70,?:18"
GCF_000864105.1_noTerminalStopCodon.part_lcl__NC_007360.1_cds_YP_308667.1_7,NP,nucleocapsid protein,86,negative,0,1.2,-,0,G:G:28,1,0.667,G,"G:3363,?:27"
GCF_000864105.1_noTerminalStopCodon.part_lcl__NC_007360.1_cds_YP_308667.1_7,NP,nucleocapsid protein,87,negative,0.051,1.19,-,0,"?:K:23,K:K:24,K:R:1",1,0.667,K,"K:3352,?:24,R:14"
GCF_000864105.1_noTerminalStopCodon.part_lcl__NC_007360.1_cds_YP_308667.1_7,NP,nucleocapsid protein,88,negative,0,1.595,-,0,D:D:22,1,0.667,D,"D:3366,?:24"
GCF_000864105.1_noTerminalStopCodon.part_lcl__NC_007360.1_cds_YP_308667.1_7,NP,nucleocapsid protein,89,negative,0,2.422,-,0,"P:P:50,?:P:23",1,0.667,P,"P:3366,?:24"
GCF_000864105.1_noTerminalStopCodon.part_lcl__NC_007360.1_cds_YP_308667.1_7,NP,nucleocapsid protein,90,negative,0,0.608,-,0,"K:K:13,?:K:22,K:R:2,K:N:1",1,0.667,K,"K:3364,?:23,R:2,N:1"
GCF_000864105.1_noTerminalStopCodon.part_lcl__NC_007360.1_cds_YP_308667.1_7,NP,nucleocapsid protein,91,negative,0,1.604,-,0,"K:K:29,?:K:20",1,0.667,K,"K:3367,?:23"
GCF_000864105.1_noTerminalStopCodon.part_lcl__NC_007360.1_cds_YP_308667.1_7,NP,nucleocapsid protein,92,negative,0,0.567,-,0,"?:T:20,T:T:11",1,0.667,T,"T:3369,?:21"
GCF_000864105.1_noTerminalStopCodon.part_lcl__NC_007360.1_cds_YP_308667.1_7,NP,nucleocapsid protein,93,negative,0,0.608,-,0,G:G:13,1,0.667,G,"G:3369,?:21"
GCF_000864105.1_noTerminalStopCodon.part_lcl__NC_007360.1_cds_YP_308667.1_7,NP,nucleocapsid protein,94,negative,0,1.427,-,0,G:G:27,1,0.667,G,"G:3371,?:19"
GCF_000864105.1_noTerminalStopCodon.part_lcl__NC_007360.1_cds_YP_308667.1_7,NP,nucleocapsid protein,95,negative,0,0.543,-,0,"?:P:17,P:S:5,P:P:12",1,0.667,P,"P:3360,?:25,S:5"
GCF_000864105.1_noTerminalStopCodon.part_lcl__NC_007360.1_cds_YP_308667.1_7,NP,nucleocapsid protein,96,negative,0.054,1.047,-,0,"I:I:18,?:I:16,I:V:6,I:T:1",1,0.667,I,"I:3364,?:18,V:7,T:1"
GCF_000864105.1_noTerminalStopCodon.part_lcl__NC_007360.1_cds_YP_308667.1_7,NP,nucleocapsid protein,97,negative,0,0.718,-,0,"Y:Y:10,?:Y:14,C:Y:1",1,0.667,Y,"Y:3372,?:17,C:1"
GCF_000864105.1_noTerminalStopCodon.part_lcl__NC_007360.1_cds_YP_308667.1_7,NP,nucleocapsid protein,98,negative,0.253,1.709,-,0,"R:R:38,?:R:14,R:S:1,K:R:11,K:K:2",1,0.667,R,"R:3329,?:15,S:1,K:45"
GCF_000864105.1_noTerminalStopCodon.part_lcl__NC_007360.1_cds_YP_308667.1_7,NP,nucleocapsid protein,99,negative,0,0.964,-,0,"R:R:22,?:R:14,K:R:2",1,0.667,R,"R:3373,?:15,K:2"
GCF_000864105.1_noTerminalStopCodon.part_lcl__NC_007360.1_cds_YP_308667.1_7,NP,nucleocapsid protein,100,negative,0,0.605,-,0,"?:R:14,R:R:12,K:R:1,G:R:1,I:R:1",1,0.667,R,"R:3372,?:15,K:1,G:1,I:1"
GCF_000864105.1_noTerminalStopCodon.part_lcl__NC_007360.1_cds_YP_308667.1_7,NP,nucleocapsid protein,101,negative,0.238,1.094,-,0.001,"D:E:15,D:N:4,D:D:15",0.830338475,0.667,D,"D:3293,E:80,N:4,?:13"
GCF_000864105.1_noTerminalStopCodon.part_lcl__NC_007360.1_cds_YP_308667.1_7,NP,nucleocapsid protein,102,negative,0.101,1.953,-,0,"D:G:1,G:G:41,G:S:3,G:V:1",1,0.667,G,"G:3368,D:1,S:6,?:13,V:2"
GCF_000864105.1_noTerminalStopCodon.part_lcl__NC_007360.1_cds_YP_308667.1_7,NP,nucleocapsid protein,103,negative,0,0.787,-,0,"K:K:13,K:R:5,?:K:12",1,0.667,K,"K:3372,R:5,?:13"
GCF_000864105.1_noTerminalStopCodon.part_lcl__NC_007360.1_cds_YP_308667.1_7,NP,nucleocapsid protein,104,neutral,0,0.101,-,1,"?:W:12,C:W:1",1,0.667,W,"W:3376,?:13,C:1"
GCF_000864105.1_noTerminalStopCodon.part_lcl__NC_007360.1_cds_YP_308667.1_7,NP,nucleocapsid protein,105,neutral,1.062,0.914,-,0.689,"A:V:4,M:V:38,I:M:13,?:M:2,K:M:1,L:M:1,A:M:1,V:V:11",0.3346818050545615,0.473,V,"V:1689,A:5,M:1653,I:27,?:14,K:1,L:1"
GCF_000864105.1_noTerminalStopCodon.part_lcl__NC_007360.1_cds_YP_308667.1_7,NP,nucleocapsid protein,106,negative,0,1.019,-,0,"R:R:20,?:R:12,K:R:1",1,0.667,R,"R:3376,?:13,K:1"
GCF_000864105.1_noTerminalStopCodon.part_lcl__NC_007360.1_cds_YP_308667.1_7,NP,nucleocapsid protein,107,negative,0,1.515,-,0,"E:E:30,E:G:1",1,0.667,E,"E:3376,?:13,G:1"
GCF_000864105.1_noTerminalStopCodon.part_lcl__NC_007360.1_cds_YP_308667.1_7,NP,nucleocapsid protein,108,negative,0,1.133,-,0,"L:L:37,?:L:12,L:M:1",1,0.667,L,"L:3375,?:14,M:1"
GCF_000864105.1_noTerminalStopCodon.part_lcl__NC_007360.1_cds_YP_308667.1_7,NP,nucleocapsid protein,109,negative,0.332,1.151,-,0.004,"I:V:11,I:T:5,?:I:12,I:I:20",1,0.667,I,"I:3326,V:43,T:8,?:13"
GCF_000864105.1_noTerminalStopCodon.part_lcl__NC_007360.1_cds_YP_308667.1_7,NP,nucleocapsid protein,110,negative,0,1.041,-,0,"L:L:30,?:L:12,L:P:1,I:L:1",1,0.667,L,"L:3375,?:13,P:1,I:1"
GCF_000864105.1_noTerminalStopCodon.part_lcl__NC_007360.1_cds_YP_308667.1_7,NP,nucleocapsid protein,111,negative,0,3.072,-,0,"Y:Y:40,?:Y:12,F:Y:1,H:Y:2",1,0.667,Y,"Y:3373,?:14,F:1,H:2"
GCF_000864105.1_noTerminalStopCodon.part_lcl__NC_007360.1_cds_YP_308667.1_7,NP,nucleocapsid protein,112,negative,0,0.981,-,0,"D:D:14,D:E:1,D:N:1",1,0.667,D,"D:3375,?:13,E:1,N:1"
GCF_000864105.1_noTerminalStopCodon.part_lcl__NC_007360.1_cds_YP_308667.1_7,NP,nucleocapsid protein,113,negative,0,0.711,-,0,"K:K:12,?:K:12,K:Q:1",1,0.667,K,"K:3376,?:13,Q:1"
GCF_000864105.1_noTerminalStopCodon.part_lcl__NC_007360.1_cds_YP_308667.1_7,NP,nucleocapsid protein,114,negative,0.1,1.291,-,0,"E:E:24,D:E:8",1,0.667,E,"E:3365,D:11,?:14"
GCF_000864105.1_noTerminalStopCodon.part_lcl__NC_007360.1_cds_YP_308667.1_7,NP,nucleocapsid protein,115,negative,0,1.575,-,0,"E:E:32,E:K:1",1,0.667,E,"E:3378,?:11,K:1"
GCF_000864105.1_noTerminalStopCodon.part_lcl__NC_007360.1_cds_YP_308667.1_7,NP,nucleocapsid protein,116,negative,0.055,0.485,-,0.008,"I:I:9,I:V:5,?:I:10",1,0.667,I,"I:3373,V:6,?:11"
GCF_000864105.1_noTerminalStopCodon.part_lcl__NC_007360.1_cds_YP_308667.1_7,NP,nucleocapsid protein,117,negative,0,1.325,-,0,"R:R:28,K:R:1,?:R:10",1,0.667,R,"R:3378,K:1,?:11"
GCF_000864105.1_noTerminalStopCodon.part_lcl__NC_007360.1_cds_YP_308667.1_7,NP,nucleocapsid protein,118,negative,0.051,1.168,-,0,"R:R:23,K:R:3,?:R:10",1,0.667,R,"R:3375,K:4,?:11"
GCF_000864105.1_noTerminalStopCodon.part_lcl__NC_007360.1_cds_YP_308667.1_7,NP,nucleocapsid protein,119,negative,0.109,0.933,-,0,"I:N:1,I:V:7,V:V:1,I:I:15,?:I:10,I:T:3",1,0.667,I,"I:3146,N:1,V:225,?:11,T:7"
GCF_000864105.1_noTerminalStopCodon.part_lcl__NC_007360.1_cds_YP_308667.1_7,NP,nucleocapsid protein,120,negative,0,10000,-,0,"G:W:1,?:W:10",1,0.667,W,"W:3378,G:1,?:11"
GCF_000864105.1_noTerminalStopCodon.part_lcl__NC_007360.1_cds_YP_308667.1_7,NP,nucleocapsid protein,121,negative,0,1.484,-,0,"R:R:28,H:R:2,?:R:10,R:S:2",1,0.667,R,"R:3374,H:2,?:12,S:2"
GCF_000864105.1_noTerminalStopCodon.part_lcl__NC_007360.1_cds_YP_308667.1_7,NP,nucleocapsid protein,122,negative,0,0.882,-,0,"Q:Q:15,?:Q:11,Q:R:3",1,0.667,Q,"Q:3375,?:12,R:3"
GCF_000864105.1_noTerminalStopCodon.part_lcl__NC_007360.1_cds_YP_308667.1_7,NP,nucleocapsid protein,123,negative,0,1.958,-,0,"A:A:43,A:K:1",1,0.667,A,"A:3378,K:1,?:11"
GCF_000864105.1_noTerminalStopCodon.part_lcl__NC_007360.1_cds_YP_308667.1_7,NP,nucleocapsid protein,124,negative,0,1.395,-,0,"N:N:19,?:N:10,N:T:1",1,0.667,N,"N:3378,?:11,T:1"
GCF_000864105.1_noTerminalStopCodon.part_lcl__NC_007360.1_cds_YP_308667.1_7,NP,nucleocapsid protein,125,negative,0.047,0.798,-,0,"D:N:1,N:N:11,N:S:4,?:N:10",1,0.667,N,"N:3372,D:1,S:5,?:12"
GCF_000864105.1_noTerminalStopCodon.part_lcl__NC_007360.1_cds_YP_308667.1_7,NP,nucleocapsid protein,126,negative,0,0.934,-,0,"G:G:20,G:R:2",1,0.667,G,"G:3377,?:11,R:2"
GCF_000864105.1_noTerminalStopCodon.part_lcl__NC_007360.1_cds_YP_308667.1_7,NP,nucleocapsid protein,127,negative,0,1.139,-,0,"E:E:22,E:G:2,D:E:1",1,0.667,E,"E:3376,G:2,?:11,D:1"
GCF_000864105.1_noTerminalStopCodon.part_lcl__NC_007360.1_cds_YP_308667.1_7,NP,nucleocapsid protein,128,negative,0,1.354,-,0,"D:D:19,D:E:3,D:N:2",1,0.667,D,"D:3373,E:3,N:2,?:12"
GCF_000864105.1_noTerminalStopCodon.part_lcl__NC_007360.1_cds_YP_308667.1_7,NP,nucleocapsid protein,129,neutral,0.243,0.65,-,0.059,"A:A:13,A:V:1,A:T:2,A:S:11,S:S:1,A:G:1",0.1510410636136222,0.667,A,"A:3328,V:1,T:2,S:40,?:18,G:1"
GCF_000864105.1_noTerminalStopCodon.part_lcl__NC_007360.1_cds_YP_308667.1_7,NP,nucleocapsid protein,130,negative,0.11,0.521,-,0.02,"P:T:1,A:T:2,N:T:4,T:T:10,?:T:10",1,0.667,T,"P:15,T:3357,A:2,N:5,?:11"
GCF_000864105.1_noTerminalStopCodon.part_lcl__NC_007360.1_cds_YP_308667.1_7,NP,nucleocapsid protein,131,negative,0,0.515,-,0,"A:A:9,?:A:1,A:T:1",1,0.667,A,"A:3377,?:12,T:1"
GCF_000864105.1_noTerminalStopCodon.part_lcl__NC_007360.1_cds_YP_308667.1_7,NP,nucleocapsid protein,132,negative,0,1.732,-,0,"G:G:32,G:W:1",1,0.667,G,"G:3377,W:1,?:12"
GCF_000864105.1_noTerminalStopCodon.part_lcl__NC_007360.1_cds_YP_308667.1_7,NP,nucleocapsid protein,133,negative,0,1.146,-,0,"L:L:22,?:L:10,I:L:1",1,0.667,L,"L:3377,?:12,I:1"
GCF_000864105.1_noTerminalStopCodon.part_lcl__NC_007360.1_cds_YP_308667.1_7,NP,nucleocapsid protein,134,negative,0,1.876,-,0,"T:T:35,?:T:10,A:T:1",1,0.667,T,"T:3378,?:11,A:1"
GCF_000864105.1_noTerminalStopCodon.part_lcl__NC_007360.1_cds_YP_308667.1_7,NP,nucleocapsid protein,135,negative,0,1.709,-,0,"H:H:23,?:H:11",1,0.667,H,"H:3378,?:12"
GCF_000864105.1_noTerminalStopCodon.part_lcl__NC_007360.1_cds_YP_308667.1_7,NP,nucleocapsid protein,136,negative,0.1,1.11,-,0,"L:L:37,?:L:11,L:M:4,L:V:1,I:M:1",1,0.667,L,"L:3344,?:14,M:30,V:1,I:1"
GCF_000864105.1_noTerminalStopCodon.part_lcl__NC_007360.1_cds_YP_308667.1_7,NP,nucleocapsid protein,137,neutral,0,0.105,-,1,"I:M:1,?:M:10",1,0.667,M,"M:3378,I:1,?:11"
GCF_000864105.1_noTerminalStopCodon.part_lcl__NC_007360.1_cds_YP_308667.1_7,NP,nucleocapsid protein,138,negative,0,1.152,-,0,"I:I:16,I:V:1,?:I:10",1,0.667,I,"I:3378,V:1,?:11"
GCF_000864105.1_noTerminalStopCodon.part_lcl__NC_007360.1_cds_YP_308667.1_7,NP,nucleocapsid protein,139,neutral,0,0.215,-,1,?:W:10,1,0.667,W,"W:3378,?:12"
GCF_000864105.1_noTerminalStopCodon.part_lcl__NC_007360.1_cds_YP_308667.1_7,NP,nucleocapsid protein,140,negative,0,0.864,-,0,"H:H:12,?:H:10",1,0.667,H,"H:3379,?:11"
GCF_000864105.1_noTerminalStopCodon.part_lcl__NC_007360.1_cds_YP_308667.1_7,NP,nucleocapsid protein,141,negative,0,1.093,-,0,"S:S:21,?:S:10",1,0.667,S,"S:3379,?:11"
GCF_000864105.1_noTerminalStopCodon.part_lcl__NC_007360.1_cds_YP_308667.1_7,NP,nucleocapsid protein,142,negative,0,1.67,-,0,"N:N:22,?:N:10,D:N:1",1,0.667,N,"N:3378,?:11,D:1"
GCF_000864105.1_noTerminalStopCodon.part_lcl__NC_007360.1_cds_YP_308667.1_7,NP,nucleocapsid protein,143,negative,0,1.099,-,0,"L:L:36,?:L:10,L:V:1",1,0.667,L,"L:3378,?:11,V:1"
GCF_000864105.1_noTerminalStopCodon.part_lcl__NC_007360.1_cds_YP_308667.1_7,NP,nucleocapsid protein,144,negative,0,0.714,-,0,"N:N:10,?:N:11",1,0.667,N,"N:3378,?:12"
GCF_000864105.1_noTerminalStopCodon.part_lcl__NC_007360.1_cds_YP_308667.1_7,NP,nucleocapsid protein,145,negative,0,0.497,-,0,"D:D:7,D:N:1",1,0.667,D,"D:3377,?:12,N:1"
GCF_000864105.1_noTerminalStopCodon.part_lcl__NC_007360.1_cds_YP_308667.1_7,NP,nucleocapsid protein,146,neutral,0.162,0.514,-,0.058,"A:A:10,A:T:9",1,0.301,A,"A:3364,T:15,?:11"
GCF_000864105.1_noTerminalStopCodon.part_lcl__NC_007360.1_cds_YP_308667.1_7,NP,nucleocapsid protein,147,negative,0,0.74,-,0,"K:T:1,T:T:16,I:T:1,?:T:11",1,0.667,T,"T:3375,K:1,?:13,I:1"
GCF_000864105.1_noTerminalStopCodon.part_lcl__NC_007360.1_cds_YP_308667.1_7,NP,nucleocapsid protein,148,negative,0,2.094,-,0,"Y:Y:28,?:Y:11",1,0.667,Y,"Y:3376,?:14"
GCF_000864105.1_noTerminalStopCodon.part_lcl__NC_007360.1_cds_YP_308667.1_7,NP,nucleocapsid protein,149,negative,0,0.616,-,0.001,"Q:Q:14,?:Q:11",1,0.667,Q,"Q:3378,?:12"
GCF_000864105.1_noTerminalStopCodon.part_lcl__NC_007360.1_cds_YP_308667.1_7,NP,nucleocapsid protein,150,negative,0,1.36,-,0,"R:R:25,?:R:11,R:S:1",1,0.667,R,"R:3376,?:13,S:1"
GCF_000864105.1_noTerminalStopCodon.part_lcl__NC_007360.1_cds_YP_308667.1_7,NP,nucleocapsid protein,151,negative,0,1.066,-,0,"T:T:23,?:T:11",1,0.667,T,"T:3378,?:12"
GCF_000864105.1_noTerminalStopCodon.part_lcl__NC_007360.1_cds_YP_308667.1_7,NP,nucleocapsid protein,152,negative,0,0.968,-,0,"R:R:20,?:R:11",1,0.667,R,"R:3378,?:12"
GCF_000864105.1_noTerminalStopCodon.part_lcl__NC_007360.1_cds_YP_308667.1_7,NP,nucleocapsid protein,153,negative,0,1.046,-,0,A:A:21,1,0.667,A,"A:3377,?:13"
GCF_000864105.1_noTerminalStopCodon.part_lcl__NC_007360.1_cds_YP_308667.1_7,NP,nucleocapsid protein,154,negative,0,1.355,-,0,"L:L:26,?:L:11,I:L:1",1,0.667,L,"L:3377,?:12,I:1"
GCF_000864105.1_noTerminalStopCodon.part_lcl__NC_007360.1_cds_YP_308667.1_7,NP,nucleocapsid protein,155,negative,0,0.965,-,0,V:V:23,1,0.667,V,"V:3378,?:12"
GCF_000864105.1_noTerminalStopCodon.part_lcl__NC_007360.1_cds_YP_308667.1_7,NP,nucleocapsid protein,156,negative,0,1.344,-,0,"?:R:11,R:R:26",1,0.667,R,"R:3377,?:13"
GCF_000864105.1_noTerminalStopCodon.part_lcl__NC_007360.1_cds_YP_308667.1_7,NP,nucleocapsid protein,157,negative,0.054,1.403,-,0,"T:T:27,?:T:11,A:T:4",1,0.667,T,"T:3373,?:12,A:5"
GCF_000864105.1_noTerminalStopCodon.part_lcl__NC_007360.1_cds_YP_308667.1_7,NP,nucleocapsid protein,158,negative,0,1.41,-,0,G:G:31,1,0.667,G,"G:3378,?:12"
GCF_000864105.1_noTerminalStopCodon.part_lcl__NC_007360.1_cds_YP_308667.1_7,NP,nucleocapsid protein,159,neutral,0,0.215,-,1,?:M:11,1,0.667,M,"M:3378,?:12"
GCF_000864105.1_noTerminalStopCodon.part_lcl__NC_007360.1_cds_YP_308667.1_7,NP,nucleocapsid protein,160,negative,0,2.753,-,0,D:D:37,1,0.667,D,"D:3373,?:17"
GCF_000864105.1_noTerminalStopCodon.part_lcl__NC_007360.1_cds_YP_308667.1_7,NP,nucleocapsid protein,161,negative,0,1.383,-,0,"P:P:26,?:P:11,P:T:1",1,0.667,P,"P:3377,?:12,T:1"
GCF_000864105.1_noTerminalStopCodon.part_lcl__NC_007360.1_cds_YP_308667.1_7,NP,nucleocapsid protein,162,negative,0.05,1.599,-,0,"R:R:35,?:R:11,K:R:2,I:R:1",1,0.667,R,"R:3371,?:15,K:2,I:2"
GCF_000864105.1_noTerminalStopCodon.part_lcl__NC_007360.1_cds_YP_308667.1_7,NP,nucleocapsid protein,163,neutral,0,0.099,-,1,"L:M:1,M:V:1,?:M:11,I:M:1",1,0.667,M,"M:3374,L:1,V:1,?:13,I:1"
GCF_000864105.1_noTerminalStopCodon.part_lcl__NC_007360.1_cds_YP_308667.1_7,NP,nucleocapsid protein,164,negative,0,1.105,-,0,"?:C:12,C:C:16",1,0.667,C,"C:3377,?:13"
GCF_000864105.1_noTerminalStopCodon.part_lcl__NC_007360.1_cds_YP_308667.1_7,NP,nucleocapsid protein,165,negative,0,1.035,-,0,"S:S:20,?:S:12",1,0.667,S,"S:3377,?:13"
GCF_000864105.1_noTerminalStopCodon.part_lcl__NC_007360.1_cds_YP_308667.1_7,NP,nucleocapsid protein,166,negative,0,1.208,-,0,"L:L:40,?:L:11",1,0.667,L,"L:3377,?:13"
GCF_000864105.1_noTerminalStopCodon.part_lcl__NC_007360.1_cds_YP_308667.1_7,NP,nucleocapsid protein,167,neutral,0,0.215,-,1,?:M:11,1,0.667,M,"M:3378,?:12"
GCF_000864105.1_noTerminalStopCodon.part_lcl__NC_007360.1_cds_YP_308667.1_7,NP,nucleocapsid protein,168,negative,0,0.587,-,0.001,"Q:Q:10,?:Q:11",1,0.667,Q,"Q:3378,?:12"
GCF_000864105.1_noTerminalStopCodon.part_lcl__NC_007360.1_cds_YP_308667.1_7,NP,nucleocapsid protein,169,negative,0,1.575,-,0,G:G:32,1,0.667,G,"G:3378,?:12"
GCF_000864105.1_noTerminalStopCodon.part_lcl__NC_007360.1_cds_YP_308667.1_7,NP,nucleocapsid protein,170,negative,0,0.641,-,0,"S:S:14,?:S:11",1,0.667,S,"S:3378,?:12"
GCF_000864105.1_noTerminalStopCodon.part_lcl__NC_007360.1_cds_YP_308667.1_7,NP,nucleocapsid protein,171,negative,0,1.064,-,0,"T:T:20,?:T:11",1,0.667,T,"T:3377,?:13"
GCF_000864105.1_noTerminalStopCodon.part_lcl__NC_007360.1_cds_YP_308667.1_7,NP,nucleocapsid protein,172,negative,0,1.217,-,0,"L:L:23,?:L:10,I:L:1",1,0.667,L,"L:3375,?:14,I:1"
GCF_000864105.1_noTerminalStopCodon.part_lcl__NC_007360.1_cds_YP_308667.1_7,NP,nucleocapsid protein,173,negative,0,1.665,-,0,"?:P:9,P:P:36,P:S:1",1,0.667,P,"P:3378,?:11,S:1"
GCF_000864105.1_noTerminalStopCodon.part_lcl__NC_007360.1_cds_YP_308667.1_7,NP,nucleocapsid protein,174,negative,0,0.577,-,0,"R:R:14,?:R:9",1,0.667,R,"R:3378,?:12"
GCF_000864105.1_noTerminalStopCodon.part_lcl__NC_007360.1_cds_YP_308667.1_7,NP,nucleocapsid protein,175,negative,0.05,1.093,-,0,"R:R:21,?:R:9,K:R:3",1,0.667,R,"R:3375,?:11,K:4"
GCF_000864105.1_noTerminalStopCodon.part_lcl__NC_007360.1_cds_YP_308667.1_7,NP,nucleocapsid protein,176,negative,0,1.037,-,0,"S:S:20,?:S:8",1,0.667,S,"S:3377,?:13"
GCF_000864105.1_noTerminalStopCodon.part_lcl__NC_007360.1_cds_YP_308667.1_7,NP,nucleocapsid protein,177,negative,0,1.577,-,0,"G:G:34,E:G:1",1,0.667,G,"G:3379,?:10,E:1"
GCF_000864105.1_noTerminalStopCodon.part_lcl__NC_007360.1_cds_YP_308667.1_7,NP,nucleocapsid protein,178,negative,0,0.676,-,0,"A:A:13,A:S:1,A:V:1",1,0.667,A,"A:3377,?:11,S:1,V:1"
GCF_000864105.1_noTerminalStopCodon.part_lcl__NC_007360.1_cds_YP_308667.1_7,NP,nucleocapsid protein,179,negative,0,0.515,-,0,A:A:10,1,0.667,A,"A:3380,?:10"
GCF_000864105.1_noTerminalStopCodon.part_lcl__NC_007360.1_cds_YP_308667.1_7,NP,nucleocapsid protein,180,negative,0,0.846,-,0,G:G:17,1,0.667,G,"G:3381,?:9"
GCF_000864105.1_noTerminalStopCodon.part_lcl__NC_007360.1_cds_YP_308667.1_7,NP,nucleocapsid protein,181,negative,0,0.742,-,0,"A:A:16,A:T:2,A:S:1",1,0.667,A,"A:3376,T:2,?:11,S:1"
GCF_000864105.1_noTerminalStopCodon.part_lcl__NC_007360.1_cds_YP_308667.1_7,NP,nucleocapsid protein,182,negative,0,0.749,-,0,"A:A:16,A:S:3,?:A:1,A:T:2",1,0.667,A,"A:3374,S:3,?:11,T:2"
GCF_000864105.1_noTerminalStopCodon.part_lcl__NC_007360.1_cds_YP_308667.1_7,NP,nucleocapsid protein,183,negative,0.138,0.897,-,0.001,"V:V:20,I:V:9",1,0.667,V,"V:3299,I:82,?:9"
GCF_000864105.1_noTerminalStopCodon.part_lcl__NC_007360.1_cds_YP_308667.1_7,NP,nucleocapsid protein,184,negative,0,1.223,-,0,"K:K:23,?:K:8",1,0.667,K,"K:3381,?:9"
GCF_000864105.1_noTerminalStopCodon.part_lcl__NC_007360.1_cds_YP_308667.1_7,NP,nucleocapsid protein,185,negative,0,2.205,-,0,G:G:47,1,0.667,G,"G:3381,?:9"
GCF_000864105.1_noTerminalStopCodon.part_lcl__NC_007360.1_cds_YP_308667.1_7,NP,nucleocapsid protein,186,negative,0.282,1.121,-,0.002,"I:V:26,V:V:22,?:I:1",1,0.452,V,"V:3311,I:69,?:10"
GCF_000864105.1_noTerminalStopCodon.part_lcl__NC_007360.1_cds_YP_308667.1_7,NP,nucleocapsid protein,187,negative,0,1.75,-,0,"G:G:37,G:R:4",1,0.667,G,"G:3375,?:11,R:4"
GCF_000864105.1_noTerminalStopCodon.part_lcl__NC_007360.1_cds_YP_308667.1_7,NP,nucleocapsid protein,188,negative,0,0.928,-,0,"T:T:20,?:T:8,P:T:1",1,0.667,T,"T:3378,?:11,P:1"
GCF_000864105.1_noTerminalStopCodon.part_lcl__NC_007360.1_cds_YP_308667.1_7,NP,nucleocapsid protein,189,neutral,0.037,0.016,-,0.98,"M:T:1,I:M:2,M:V:1,L:M:1,?:M:8,K:M:1",1,0.657,M,"M:3372,T:4,I:2,V:1,L:1,?:9,K:1"
GCF_000864105.1_noTerminalStopCodon.part_lcl__NC_007360.1_cds_YP_308667.1_7,NP,nucleocapsid protein,190,negative,0.056,1.003,-,0,"V:V:24,M:V:1,I:V:1,A:V:3",1,0.667,V,"V:3373,M:1,I:1,A:6,?:9"
GCF_000864105.1_noTerminalStopCodon.part_lcl__NC_007360.1_cds_YP_308667.1_7,NP,nucleocapsid protein,191,neutral,0,0.105,-,1,"L:M:1,?:M:8",1,0.667,M,"M:3380,L:1,?:9"
GCF_000864105.1_noTerminalStopCodon.part_lcl__NC_007360.1_cds_YP_308667.1_7,NP,nucleocapsid protein,192,negative,0,1.284,-,0,E:E:23,1,0.667,E,"E:3381,?:9"
GCF_000864105.1_noTerminalStopCodon.part_lcl__NC_007360.1_cds_YP_308667.1_7,NP,nucleocapsid protein,193,negative,0.214,1.17,-,0.003,"L:L:35,I:L:3,?:L:8,L:Q:1",1,0.667,L,"L:3361,I:19,?:9,Q:1"
GCF_000864105.1_noTerminalStopCodon.part_lcl__NC_007360.1_cds_YP_308667.1_7,NP,nucleocapsid protein,194,negative,0.162,1.38,-,0,"I:I:22,I:V:9,I:S:1,I:T:1,?:I:8,V:V:1",1,0.568,I,"I:3341,V:38,S:1,T:1,?:9"
GCF_000864105.1_noTerminalStopCodon.part_lcl__NC_007360.1_cds_YP_308667.1_7,NP,nucleocapsid protein,195,negative,0,1.213,-,0,"R:R:33,?:R:8,Q:R:1",1,0.667,R,"R:3380,?:9,Q:1"
GCF_000864105.1_noTerminalStopCodon.part_lcl__NC_007360.1_cds_YP_308667.1_7,NP,nucleocapsid protein,196,neutral,0,0.103,-,1,"?:M:8,K:M:1",1,0.667,M,"M:3380,?:9,K:1"
GCF_000864105.1_noTerminalStopCodon.part_lcl__NC_007360.1_cds_YP_308667.1_7,NP,nucleocapsid protein,197,negative,0.142,0.868,-,0.002,"I:V:11,I:I:10,I:T:1,I:L:1,?:I:8",1,0.667,I,"V:38,I:3340,T:1,?:10,L:1"
GCF_000864105.1_noTerminalStopCodon.part_lcl__NC_007360.1_cds_YP_308667.1_7,NP,nucleocapsid protein,198,negative,0,1.209,-,0,"K:K:22,?:K:8,K:N:1,K:T:1,K:R:1",1,0.667,K,"K:3378,?:9,N:1,T:1,R:1"
GCF_000864105.1_noTerminalStopCodon.part_lcl__NC_007360.1_cds_YP_308667.1_7,NP,nucleocapsid protein,199,negative,0,1.484,-,0,"R:R:38,Q:R:2,?:R:8,G:R:1",1,0.667,R,"R:3378,Q:2,?:9,G:1"
GCF_000864105.1_noTerminalStopCodon.part_lcl__NC_007360.1_cds_YP_308667.1_7,NP,nucleocapsid protein,200,negative,0,1.424,-,0,G:G:33,1,0.667,G,"G:3379,?:11"
GCF_000864105.1_noTerminalStopCodon.part_lcl__NC_007360.1_cds_YP_308667.1_7,NP,nucleocapsid protein,201,negative,0.335,1.184,-,0.003,"I:V:18,I:T:2,I:I:21,?:I:6",1,0.438,I,"I:3227,V:152,T:2,?:9"
GCF_000864105.1_noTerminalStopCodon.part_lcl__NC_007360.1_cds_YP_308667.1_7,NP,nucleocapsid protein,202,negative,0,1.376,-,0,"N:N:19,N:S:2,?:N:8",1,0.667,N,"N:3379,S:2,?:9"
GCF_000864105.1_noTerminalStopCodon.part_lcl__NC_007360.1_cds_YP_308667.1_7,NP,nucleocapsid protein,203,negative,0,1.588,-,0,"D:D:22,D:N:2",1,0.667,D,"D:3378,?:10,N:2"
GCF_000864105.1_noTerminalStopCodon.part_lcl__NC_007360.1_cds_YP_308667.1_7,NP,nucleocapsid protein,204,negative,0.068,1.521,-,0,"R:R:41,?:R:8,P:R:1",1,0.667,R,"R:3377,?:11,P:2"
GCF_000864105.1_noTerminalStopCodon.part_lcl__NC_007360.1_cds_YP_308667.1_7,NP,nucleocapsid protein,205,negative,0,1.521,-,0,"N:N:21,?:N:8",1,0.667,N,"N:3381,?:9"
GCF_000864105.1_noTerminalStopCodon.part_lcl__NC_007360.1_cds_YP_308667.1_7,NP,nucleocapsid protein,206,negative,0,1.05,-,0,"F:F:15,?:F:8",1,0.667,F,"F:3381,?:9"
GCF_000864105.1_noTerminalStopCodon.part_lcl__NC_007360.1_cds_YP_308667.1_7,NP,nucleocapsid protein,207,neutral,0,0,-,1,?:W:8,1,1,W,"W:3381,?:9"
GCF_000864105.1_noTerminalStopCodon.part_lcl__NC_007360.1_cds_YP_308667.1_7,NP,nucleocapsid protein,208,negative,0,0.62,-,0,"R:R:12,?:R:6",1,0.667,R,"R:3383,?:7"
GCF_000864105.1_noTerminalStopCodon.part_lcl__NC_007360.1_cds_YP_308667.1_7,NP,nucleocapsid protein,209,negative,0,1.712,-,0,G:G:32,1,0.667,G,"G:3382,?:8"
GCF_000864105.1_noTerminalStopCodon.part_lcl__NC_007360.1_cds_YP_308667.1_7,NP,nucleocapsid protein,210,negative,0,0.701,-,0,E:E:12,1,0.667,E,"E:3383,?:7"
GCF_000864105.1_noTerminalStopCodon.part_lcl__NC_007360.1_cds_YP_308667.1_7,NP,nucleocapsid protein,211,negative,0.048,1.605,-,0,"N:N:22,N:T:2,N:S:2,?:N:6",1,0.667,N,"N:3377,T:2,S:4,?:7"
GCF_000864105.1_noTerminalStopCodon.part_lcl__NC_007360.1_cds_YP_308667.1_7,NP,nucleocapsid protein,212,negative,0,1.361,-,0,"G:G:29,E:G:1",1,0.667,G,"G:3380,?:9,E:1"
GCF_000864105.1_noTerminalStopCodon.part_lcl__NC_007360.1_cds_YP_308667.1_7,NP,nucleocapsid protein,213,negative,0,1.474,-,0,"R:R:34,?:R:6,K:R:1",1,0.667,R,"R:3382,?:7,K:1"
GCF_000864105.1_noTerminalStopCodon.part_lcl__NC_007360.1_cds_YP_308667.1_7,NP,nucleocapsid protein,214,negative,0,1.529,-,0,"R:R:29,K:R:3,?:R:6",1,0.667,R,"R:3379,K:3,?:8"
GCF_000864105.1_noTerminalStopCodon.part_lcl__NC_007360.1_cds_YP_308667.1_7,NP,nucleocapsid protein,215,negative,0,0.826,-,0,"T:T:17,A:T:4,?:T:6",1,0.667,T,"T:3379,A:4,?:7"
GCF_000864105.1_noTerminalStopCodon.part_lcl__NC_007360.1_cds_YP_308667.1_7,NP,nucleocapsid protein,216,negative,0,1.525,-,0,"R:R:34,K:R:3,R:W:1,M:R:1,?:R:6,G:R:1",1,0.667,R,"R:3377,K:3,W:1,M:1,?:7,G:1"
GCF_000864105.1_noTerminalStopCodon.part_lcl__NC_007360.1_cds_YP_308667.1_7,NP,nucleocapsid protein,217,negative,0,0.476,-,0.001,"I:V:7,I:T:2,I:I:7,?:I:5",1,0.667,I,"I:3374,V:7,T:2,?:7"
GCF_000864105.1_noTerminalStopCodon.part_lcl__NC_007360.1_cds_YP_308667.1_7,NP,nucleocapsid protein,218,negative,0,0.793,-,0,A:A:16,1,0.667,A,"A:3379,?:11"
GCF_000864105.1_noTerminalStopCodon.part_lcl__NC_007360.1_cds_YP_308667.1_7,NP,nucleocapsid protein,219,negative,0,1.788,-,0,"Y:Y:24,F:Y:1,?:Y:5",1,0.667,Y,"Y:3383,F:1,?:6"
GCF_000864105.1_noTerminalStopCodon.part_lcl__NC_007360.1_cds_YP_308667.1_7,NP,nucleocapsid protein,220,negative,0,0.727,-,0,"D:E:2,E:E:15",1,0.667,E,"E:3382,D:2,?:6"
GCF_000864105.1_noTerminalStopCodon.part_lcl__NC_007360.1_cds_YP_308667.1_7,NP,nucleocapsid protein,221,negative,0,0.761,-,0,"R:R:15,?:R:5",1,0.667,R,"R:3384,?:6"
GCF_000864105.1_noTerminalStopCodon.part_lcl__NC_007360.1_cds_YP_308667.1_7,NP,nucleocapsid protein,222,neutral,0,0.143,-,1,"I:M:2,?:M:5",1,0.667,M,"M:3382,I:2,?:6"
GCF_000864105.1_noTerminalStopCodon.part_lcl__NC_007360.1_cds_YP_308667.1_7,NP,nucleocapsid protein,223,negative,0,0.694,-,0,"C:C:10,?:C:5,C:S:1",1,0.667,C,"C:3383,?:6,S:1"
GCF_000864105.1_noTerminalStopCodon.part_lcl__NC_007360.1_cds_YP_308667.1_7,NP,nucleocapsid protein,224,negative,0,0.552,-,0,"N:N:8,?:N:5",1,0.667,N,"N:3384,?:6"
GCF_000864105.1_noTerminalStopCodon.part_lcl__NC_007360.1_cds_YP_308667.1_7,NP,nucleocapsid protein,225,negative,0,1.273,-,0,"I:I:23,I:V:2,I:T:1,?:I:5",1,0.667,I,"I:3381,V:2,T:1,?:6"
GCF_000864105.1_noTerminalStopCodon.part_lcl__NC_007360.1_cds_YP_308667.1_7,NP,nucleocapsid protein,226,negative,0,0.564,-,0,"L:L:11,?:L:5",1,0.667,L,"L:3384,?:6"
GCF_000864105.1_noTerminalStopCodon.part_lcl__NC_007360.1_cds_YP_308667.1_7,NP,nucleocapsid protein,227,negative,0.05,1.607,-,0,"K:K:29,E:K:1,?:K:5,K:R:2",1,0.667,K,"K:3378,E:1,?:6,R:5"
GCF_000864105.1_noTerminalStopCodon.part_lcl__NC_007360.1_cds_YP_308667.1_7,NP,nucleocapsid protein,228,negative,0,0.821,-,0,G:G:19,1,0.667,G,"G:3384,?:6"
GCF_000864105.1_noTerminalStopCodon.part_lcl__NC_007360.1_cds_YP_308667.1_7,NP,nucleocapsid protein,229,negative,0,1.158,-,0,"K:K:21,?:K:5,K:T:1",1,0.667,K,"K:3382,?:7,T:1"
GCF_000864105.1_noTerminalStopCodon.part_lcl__NC_007360.1_cds_YP_308667.1_7,NP,nucleocapsid protein,230,negative,0.061,1.266,-,0,"F:L:4,F:F:18,?:F:5,F:S:1,F:I:1",1,0.667,F,"L:223,F:3159,?:6,S:1,I:1"
GCF_000864105.1_noTerminalStopCodon.part_lcl__NC_007360.1_cds_YP_308667.1_7,NP,nucleocapsid protein,231,neutral,0,0.115,-,0.135,"Q:Q:2,?:Q:6,P:Q:1",1,0.667,Q,"Q:3383,?:6,P:1"
GCF_000864105.1_noTerminalStopCodon.part_lcl__NC_007360.1_cds_YP_308667.1_7,NP,nucleocapsid protein,232,negative,0,0.362,-,0.002,"A:T:1,T:T:8,?:T:4,I:T:1",1,0.667,T,"T:3383,A:1,?:5,I:1"
GCF_000864105.1_noTerminalStopCodon.part_lcl__NC_007360.1_cds_YP_308667.1_7,NP,nucleocapsid protein,233,negative,0,0.652,-,0,"A:A:14,A:T:1",1,0.667,A,"A:3385,T:1,?:4"
GCF_000864105.1_noTerminalStopCodon.part_lcl__NC_007360.1_cds_YP_308667.1_7,NP,nucleocapsid protein,234,negative,0.054,0.314,-,0.046,"A:S:4,A:A:6,S:S:1",1,0.667,A,"A:3336,S:50,?:4"
GCF_000864105.1_noTerminalStopCodon.part_lcl__NC_007360.1_cds_YP_308667.1_7,NP,nucleocapsid protein,235,negative,0,0.828,-,0,"Q:Q:14,H:Q:1,?:Q:4",1,0.667,Q,"Q:3385,H:1,?:4"
GCF_000864105.1_noTerminalStopCodon.part_lcl__NC_007360.1_cds_YP_308667.1_7,NP,nucleocapsid protein,236,negative,0.063,1.099,-,0,"R:R:23,K:R:2,?:R:3",1,0.667,R,"R:3378,K:7,?:5"
GCF_000864105.1_noTerminalStopCodon.part_lcl__NC_007360.1_cds_YP_308667.1_7,NP,nucleocapsid protein,237,negative,0,0.37,-,0.002,"A:T:2,A:A:8",1,0.667,A,"A:3385,T:2,?:3"
GCF_000864105.1_noTerminalStopCodon.part_lcl__NC_007360.1_cds_YP_308667.1_7,NP,nucleocapsid protein,238,neutral,0.073,0,-,0.926,"L:M:3,?:M:3",1,0.104,M,"M:3373,L:14,?:3"
GCF_000864105.1_noTerminalStopCodon.part_lcl__NC_007360.1_cds_YP_308667.1_7,NP,nucleocapsid protein,239,neutral,0.073,0.008,-,0.944,M:V:9,1,0.44,M,"M:3378,V:12"
GCF_000864105.1_noTerminalStopCodon.part_lcl__NC_007360.1_cds_YP_308667.1_7,NP,nucleocapsid protein,240,negative,0,1.392,-,0,"D:D:19,D:I:1",1,0.667,D,"D:3389,I:1"
GCF_000864105.1_noTerminalStopCodon.part_lcl__NC_007360.1_cds_YP_308667.1_7,NP,nucleocapsid protein,241,negative,0,1.799,-,0,Q:Q:31,1,0.667,Q,Q:3390
GCF_000864105.1_noTerminalStopCodon.part_lcl__NC_007360.1_cds_YP_308667.1_7,NP,nucleocapsid protein,242,negative,0,0.872,-,0,"V:V:20,A:V:2",1,0.667,V,"V:3388,A:2"
GCF_000864105.1_noTerminalStopCodon.part_lcl__NC_007360.1_cds_YP_308667.1_7,NP,nucleocapsid protein,243,negative,0,1.348,-,0,R:R:30,1,0.667,R,"R:3389,?:1"
GCF_000864105.1_noTerminalStopCodon.part_lcl__NC_007360.1_cds_YP_308667.1_7,NP,nucleocapsid protein,244,negative,0,1.061,-,0,E:E:19,1,0.667,E,"E:3389,?:1"
GCF_000864105.1_noTerminalStopCodon.part_lcl__NC_007360.1_cds_YP_308667.1_7,NP,nucleocapsid protein,245,negative,0.092,0.762,-,0.001,"S:S:11,G:S:4",1,0.667,S,"S:3382,G:8"
GCF_000864105.1_noTerminalStopCodon.part_lcl__NC_007360.1_cds_YP_308667.1_7,NP,nucleocapsid protein,246,negative,0,1.306,-,0,"R:R:29,K:R:1",1,0.667,R,"R:3389,K:1"
GCF_000864105.1_noTerminalStopCodon.part_lcl__NC_007360.1_cds_YP_308667.1_7,NP,nucleocapsid protein,247,negative,0,1.442,-,0,"N:S:3,N:N:20,N:T:2",1,0.667,N,"N:3384,S:3,?:1,T:2"
GCF_000864105.1_noTerminalStopCodon.part_lcl__NC_007360.1_cds_YP_308667.1_7,NP,nucleocapsid protein,248,negative,0,0.989,-,0,"P:P:19,L:P:1",1,0.667,P,"P:3389,L:1"
GCF_000864105.1_noTerminalStopCodon.part_lcl__NC_007360.1_cds_YP_308667.1_7,NP,nucleocapsid protein,249,negative,0,1.534,-,0,G:G:35,1,0.667,G,G:3390
GCF_000864105.1_noTerminalStopCodon.part_lcl__NC_007360.1_cds_YP_308667.1_7,NP,nucleocapsid protein,250,negative,0,0.496,-,0,"N:N:7,N:S:1",1,0.667,N,"N:3389,S:1"
GCF_000864105.1_noTerminalStopCodon.part_lcl__NC_007360.1_cds_YP_308667.1_7,NP,nucleocapsid protein,251,negative,0,0.563,-,0,"A:A:11,A:V:1",1,0.667,A,"A:3389,V:1"
GCF_000864105.1_noTerminalStopCodon.part_lcl__NC_007360.1_cds_YP_308667.1_7,NP,nucleocapsid protein,252,negative,0,1.022,-,0,E:E:18,1,0.667,E,E:3390
GCF_000864105.1_noTerminalStopCodon.part_lcl__NC_007360.1_cds_YP_308667.1_7,NP,nucleocapsid protein,253,negative,0,0.48,-,0.001,"I:I:8,I:T:1,I:V:2",1,0.667,I,"I:3387,T:1,V:2"
GCF_000864105.1_noTerminalStopCodon.part_lcl__NC_007360.1_cds_YP_308667.1_7,NP,nucleocapsid protein,254,negative,0,1.351,-,0,E:E:23,1,0.667,E,E:3390
GCF_000864105.1_noTerminalStopCodon.part_lcl__NC_007360.1_cds_YP_308667.1_7,NP,nucleocapsid protein,255,negative,0,1.903,-,0,D:D:25,1,0.667,D,D:3390
GCF_000864105.1_noTerminalStopCodon.part_lcl__NC_007360.1_cds_YP_308667.1_7,NP,nucleocapsid protein,256,negative,0,1.221,-,0,"L:L:23,I:L:2",1,0.667,L,"L:3387,I:2,?:1"
GCF_000864105.1_noTerminalStopCodon.part_lcl__NC_007360.1_cds_YP_308667.1_7,NP,nucleocapsid protein,257,negative,0,1.127,-,0,"I:I:20,I:T:3",1,0.667,I,"I:3386,T:3,?:1"
GCF_000864105.1_noTerminalStopCodon.part_lcl__NC_007360.1_cds_YP_308667.1_7,NP,nucleocapsid protein,258,negative,0,2.478,-,0,F:F:32,1,0.667,F,"F:3389,?:1"
GCF_000864105.1_noTerminalStopCodon.part_lcl__NC_007360.1_cds_YP_308667.1_7,NP,nucleocapsid protein,259,negative,0,1.238,-,0,"L:L:34,I:L:1",1,0.667,L,"L:3388,?:1,I:1"
GCF_000864105.1_noTerminalStopCodon.part_lcl__NC_007360.1_cds_YP_308667.1_7,NP,nucleocapsid protein,260,negative,0.054,0.503,-,0.004,"A:A:11,A:S:1,A:T:1,A:G:1",1,0.667,A,"A:3385,S:3,T:1,G:1"
GCF_000864105.1_noTerminalStopCodon.part_lcl__NC_007360.1_cds_YP_308667.1_7,NP,nucleocapsid protein,261,negative,0,1.109,-,0,R:R:30,1,0.667,R,"R:3389,?:1"
GCF_000864105.1_noTerminalStopCodon.part_lcl__NC_007360.1_cds_YP_308667.1_7,NP,nucleocapsid protein,262,negative,0,0.879,-,0,S:S:17,1,0.667,S,S:3390
GCF_000864105.1_noTerminalStopCodon.part_lcl__NC_007360.1_cds_YP_308667.1_7,NP,nucleocapsid protein,263,negative,0,0.912,-,0,"A:A:19,A:T:1,A:P:1",1,0.667,A,"A:3388,T:1,P:1"
GCF_000864105.1_noTerminalStopCodon.part_lcl__NC_007360.1_cds_YP_308667.1_7,NP,nucleocapsid protein,264,negative,0,0.873,-,0,L:L:17,1,0.667,L,L:3390
GCF_000864105.1_noTerminalStopCodon.part_lcl__NC_007360.1_cds_YP_308667.1_7,NP,nucleocapsid protein,265,negative,0.056,1.81,-,0,"I:I:32,I:V:4",1,0.667,I,"I:3380,V:10"
GCF_000864105.1_noTerminalStopCodon.part_lcl__NC_007360.1_cds_YP_308667.1_7,NP,nucleocapsid protein,266,negative,0,0.864,-,0,"L:L:30,L:M:2,L:P:1",1,0.667,L,"L:3387,M:2,P:1"
GCF_000864105.1_noTerminalStopCodon.part_lcl__NC_007360.1_cds_YP_308667.1_7,NP,nucleocapsid protein,267,negative,0,1.196,-,0,R:R:25,1,0.667,R,"R:3387,?:3"
GCF_000864105.1_noTerminalStopCodon.part_lcl__NC_007360.1_cds_YP_308667.1_7,NP,nucleocapsid protein,268,negative,0,1.166,-,0,"G:G:25,G:R:1",1,0.667,G,"G:3389,R:1"
GCF_000864105.1_noTerminalStopCodon.part_lcl__NC_007360.1_cds_YP_308667.1_7,NP,nucleocapsid protein,269,negative,0.076,0.642,-,0.005,"S:S:14,A:S:1",1,0.667,S,"S:3376,A:14"
GCF_000864105.1_noTerminalStopCodon.part_lcl__NC_007360.1_cds_YP_308667.1_7,NP,nucleocapsid protein,270,negative,0.056,0.576,-,0.002,"V:V:14,M:V:2,I:V:1",1,0.667,V,"V:3376,?:1,M:2,I:11"
GCF_000864105.1_noTerminalStopCodon.part_lcl__NC_007360.1_cds_YP_308667.1_7,NP,nucleocapsid protein,271,negative,0,1.107,-,0,"A:A:21,A:G:1,A:T:1,A:S:1",1,0.667,A,"A:3387,G:1,T:1,S:1"
GCF_000864105.1_noTerminalStopCodon.part_lcl__NC_007360.1_cds_YP_308667.1_7,NP,nucleocapsid protein,272,negative,0,1.894,-,0,H:H:26,1,0.667,H,H:3390
GCF_000864105.1_noTerminalStopCodon.part_lcl__NC_007360.1_cds_YP_308667.1_7,NP,nucleocapsid protein,273,negative,0,0.745,-,0,K:K:16,1,0.667,K,"K:3389,?:1"
GCF_000864105.1_noTerminalStopCodon.part_lcl__NC_007360.1_cds_YP_308667.1_7,NP,nucleocapsid protein,274,negative,0,0.939,-,0,S:S:18,1,0.667,S,"S:3389,?:1"
GCF_000864105.1_noTerminalStopCodon.part_lcl__NC_007360.1_cds_YP_308667.1_7,NP,nucleocapsid protein,275,negative,0,1.136,-,0,"C:C:16,C:S:1,?:C:1",1,0.667,C,"C:3388,S:1,?:1"
GCF_000864105.1_noTerminalStopCodon.part_lcl__NC_007360.1_cds_YP_308667.1_7,NP,nucleocapsid protein,276,negative,0,1.092,-,0,"L:L:34,L:M:1,?:L:1",1,0.667,L,"L:3388,M:1,?:1"
GCF_000864105.1_noTerminalStopCodon.part_lcl__NC_007360.1_cds_YP_308667.1_7,NP,nucleocapsid protein,277,negative,0,0.772,-,0,"P:P:15,?:P:1",1,0.667,P,"P:3388,?:2"
GCF_000864105.1_noTerminalStopCodon.part_lcl__NC_007360.1_cds_YP_308667.1_7,NP,nucleocapsid protein,278,negative,0,1.413,-,0,"A:A:27,A:S:2,A:D:1,A:V:1",1,0.667,A,"A:3384,S:2,?:2,D:1,V:1"
GCF_000864105.1_noTerminalStopCodon.part_lcl__NC_007360.1_cds_YP_308667.1_7,NP,nucleocapsid protein,279,negative,0,0.853,-,0,"C:C:12,C:F:1,?:C:1",1,0.667,C,"C:3388,F:1,?:1"
GCF_000864105.1_noTerminalStopCodon.part_lcl__NC_007360.1_cds_YP_308667.1_7,NP,nucleocapsid protein,280,negative,0,1.252,-,0,"I:V:4,V:V:29,A:V:1",1,0.667,V,"V:3383,I:4,?:2,A:1"
GCF_000864105.1_noTerminalStopCodon.part_lcl__NC_007360.1_cds_YP_308667.1_7,NP,nucleocapsid protein,281,negative,0,1.619,-,0,"Y:Y:22,?:Y:1",1,0.667,Y,"Y:3389,?:1"
GCF_000864105.1_noTerminalStopCodon.part_lcl__NC_007360.1_cds_YP_308667.1_7,NP,nucleocapsid protein,282,negative,0,1.375,-,0,"G:G:30,G:R:1",1,0.667,G,"G:3388,?:1,R:1"
GCF_000864105.1_noTerminalStopCodon.part_lcl__NC_007360.1_cds_YP_308667.1_7,NP,nucleocapsid protein,283,negative,0,0.509,-,0.001,"L:V:1,L:L:10,?:L:1,L:P:1",1,0.667,L,"L:3387,V:1,?:1,P:1"
GCF_000864105.1_noTerminalStopCodon.part_lcl__NC_007360.1_cds_YP_308667.1_7,NP,nucleocapsid protein,284,negative,0,1.163,-,0,"A:S:1,A:A:22",1,0.667,A,"A:3388,S:1,?:1"
GCF_000864105.1_noTerminalStopCodon.part_lcl__NC_007360.1_cds_YP_308667.1_7,NP,nucleocapsid protein,285,negative,0.112,1.149,-,0,"I:V:7,A:V:3,V:V:26",1,0.667,V,"V:3376,I:8,A:4,?:2"
GCF_000864105.1_noTerminalStopCodon.part_lcl__NC_007360.1_cds_YP_308667.1_7,NP,nucleocapsid protein,286,neutral,0.551,0.308,-,0.254,"A:V:25,A:A:6,A:P:1",1,0.068,A,"A:3286,V:102,?:1,P:1"
GCF_000864105.1_noTerminalStopCodon.part_lcl__NC_007360.1_cds_YP_308667.1_7,NP,nucleocapsid protein,287,neutral,0.046,0.281,-,0.064,"N:S:6,S:S:4,G:S:4,?:S:1",1,0.667,S,"S:3374,N:6,G:9,?:1"
GCF_000864105.1_noTerminalStopCodon.part_lcl__NC_007360.1_cds_YP_308667.1_7,NP,nucleocapsid protein,288,negative,0,1.834,-,0,G:G:39,1,0.667,G,"G:3388,?:2"
GCF_000864105.1_noTerminalStopCodon.part_lcl__NC_007360.1_cds_YP_308667.1_7,NP,nucleocapsid protein,289,negative,0,1.33,-,0,"Y:Y:18,C:Y:1,?:Y:1,H:Y:1",1,0.667,Y,"Y:3387,C:1,?:1,H:1"
GCF_000864105.1_noTerminalStopCodon.part_lcl__NC_007360.1_cds_YP_308667.1_7,NP,nucleocapsid protein,290,negative,0.095,2.1,-,0,"D:N:14,D:D:28,N:N:1,D:E:1,D:G:2",1,0.667,D,"D:3339,N:47,E:1,?:1,G:2"
GCF_000864105.1_noTerminalStopCodon.part_lcl__NC_007360.1_cds_YP_308667.1_7,NP,nucleocapsid protein,291,negative,0,0.782,-,0,"F:F:11,?:F:1",1,0.667,F,"F:3389,?:1"
GCF_000864105.1_noTerminalStopCodon.part_lcl__NC_007360.1_cds_YP_308667.1_7,NP,nucleocapsid protein,292,negative,0.101,1.466,-,0,"E:E:28,E:K:2,E:G:3",1,0.667,E,"E:3380,K:3,?:3,G:4"
GCF_000864105.1_noTerminalStopCodon.part_lcl__NC_007360.1_cds_YP_308667.1_7,NP,nucleocapsid protein,293,negative,0.1,0.938,-,0,"R:R:17,K:R:8,?:R:1,K:K:1",1,0.667,R,"R:3369,K:20,?:1"
GCF_000864105.1_noTerminalStopCodon.part_lcl__NC_007360.1_cds_YP_308667.1_7,NP,nucleocapsid protein,294,negative,0,1.329,-,0,E:E:24,1,0.667,E,"E:3388,?:2"
GCF_000864105.1_noTerminalStopCodon.part_lcl__NC_007360.1_cds_YP_308667.1_7,NP,nucleocapsid protein,295,negative,0,1.834,-,0,"G:G:40,E:G:2",1,0.667,G,"G:3386,E:2,?:2"
GCF_000864105.1_noTerminalStopCodon.part_lcl__NC_007360.1_cds_YP_308667.1_7,NP,nucleocapsid protein,296,negative,0,1.839,-,0,"Y:Y:25,H:Y:3,?:Y:2",1,0.667,Y,"Y:3384,H:3,?:3"
GCF_000864105.1_noTerminalStopCodon.part_lcl__NC_007360.1_cds_YP_308667.1_7,NP,nucleocapsid protein,297,negative,0,0.839,-,0,"S:S:16,?:S:2",1,0.667,S,"S:3388,?:2"
GCF_000864105.1_noTerminalStopCodon.part_lcl__NC_007360.1_cds_YP_308667.1_7,NP,nucleocapsid protein,298,negative,0,1.009,-,0,"L:L:34,L:P:1,?:L:2",1,0.667,L,"L:3387,P:1,?:2"
GCF_000864105.1_noTerminalStopCodon.part_lcl__NC_007360.1_cds_YP_308667.1_7,NP,nucleocapsid protein,299,negative,0,1.159,-,0,V:V:22,1,0.667,V,"V:3381,?:9"
GCF_000864105.1_noTerminalStopCodon.part_lcl__NC_007360.1_cds_YP_308667.1_7,NP,nucleocapsid protein,300,negative,0,1.374,-,0,G:G:30,1,0.667,G,"G:3387,?:3"
GCF_000864105.1_noTerminalStopCodon.part_lcl__NC_007360.1_cds_YP_308667.1_7,NP,nucleocapsid protein,301,negative,0.091,0.925,-,0.001,"I:V:5,I:I:9,I:M:1,?:I:3,I:T:1",1,0.667,I,"I:3372,V:13,M:1,?:3,T:1"
GCF_000864105.1_noTerminalStopCodon.part_lcl__NC_007360.1_cds_YP_308667.1_7,NP,nucleocapsid protein,302,negative,0,2.392,-,0,"D:D:32,D:E:2,D:N:1",1,0.667,D,"D:3384,E:2,?:3,N:1"
GCF_000864105.1_noTerminalStopCodon.part_lcl__NC_007360.1_cds_YP_308667.1_7,NP,nucleocapsid protein,303,negative,0.066,0.954,-,0,"P:P:18,P:S:2,?:P:3",1,0.667,P,"P:3369,S:18,?:3"
GCF_000864105.1_noTerminalStopCodon.part_lcl__NC_007360.1_cds_YP_308667.1_7,NP,nucleocapsid protein,304,negative,0,0.976,-,0,"F:F:14,?:F:3",1,0.667,F,"F:3387,?:3"
GCF_000864105.1_noTerminalStopCodon.part_lcl__NC_007360.1_cds_YP_308667.1_7,NP,nucleocapsid protein,305,negative,0,0.615,-,0,"R:R:12,?:R:3,H:R:1",1,0.667,R,"R:3386,?:3,H:1"
GCF_000864105.1_noTerminalStopCodon.part_lcl__NC_007360.1_cds_YP_308667.1_7,NP,nucleocapsid protein,306,negative,0,1.076,-,0,"L:L:38,L:M:1,?:L:2",1,0.667,L,"L:3387,M:1,?:2"
GCF_000864105.1_noTerminalStopCodon.part_lcl__NC_007360.1_cds_YP_308667.1_7,NP,nucleocapsid protein,307,negative,0,0.929,-,0,"I:L:1,L:L:18,?:L:2",1,0.667,L,"L:3387,I:1,?:2"
GCF_000864105.1_noTerminalStopCodon.part_lcl__NC_007360.1_cds_YP_308667.1_7,NP,nucleocapsid protein,308,negative,0,0.695,-,0,"Q:Q:12,?:Q:2,K:Q:1",1,0.667,Q,"Q:3387,?:2,K:1"
GCF_000864105.1_noTerminalStopCodon.part_lcl__NC_007360.1_cds_YP_308667.1_7,NP,nucleocapsid protein,309,negative,0,0.627,-,0,"N:N:9,?:N:2,N:S:1",1,0.667,N,"N:3387,?:2,S:1"
GCF_000864105.1_noTerminalStopCodon.part_lcl__NC_007360.1_cds_YP_308667.1_7,NP,nucleocapsid protein,310,negative,0.046,1.682,-,0,"S:S:23,S:T:2,?:S:2,N:S:1",1,0.667,S,"S:3383,?:3,T:3,N:1"
GCF_000864105.1_noTerminalStopCodon.part_lcl__NC_007360.1_cds_YP_308667.1_7,NP,nucleocapsid protein,311,negative,0,0.893,-,0,"Q:Q:17,?:Q:2",1,0.667,Q,"Q:3387,?:3"
GCF_000864105.1_noTerminalStopCodon.part_lcl__NC_007360.1_cds_YP_308667.1_7,NP,nucleocapsid protein,312,negative,0.056,1.146,-,0,"V:V:21,A:V:2",1,0.552,V,"V:3385,A:3,?:2"
GCF_000864105.1_noTerminalStopCodon.part_lcl__NC_007360.1_cds_YP_308667.1_7,NP,nucleocapsid protein,313,negative,0.122,0.699,-,0.009,"F:L:6,F:F:10,F:I:1,?:F:2,F:S:2",1,0.667,F,"F:3370,L:9,I:1,?:2,S:8"
GCF_000864105.1_noTerminalStopCodon.part_lcl__NC_007360.1_cds_YP_308667.1_7,NP,nucleocapsid protein,314,negative,0.046,1.174,-,0,"S:S:16,?:S:2,C:S:1",1,0.667,S,"S:3385,?:2,C:3"
GCF_000864105.1_noTerminalStopCodon.part_lcl__NC_007360.1_cds_YP_308667.1_7,NP,nucleocapsid protein,315,negative,0,1.026,-,0,"L:L:20,?:L:2,I:L:1",1,0.667,L,"L:3387,?:2,I:1"
GCF_000864105.1_noTerminalStopCodon.part_lcl__NC_007360.1_cds_YP_308667.1_7,NP,nucleocapsid protein,316,negative,0.054,0.988,-,0,"I:I:17,I:V:1,I:T:1,I:M:1,?:I:2,I:L:1",1,0.667,I,"I:3381,V:1,T:1,M:4,?:2,L:1"
GCF_000864105.1_noTerminalStopCodon.part_lcl__NC_007360.1_cds_YP_308667.1_7,NP,nucleocapsid protein,317,negative,0,1.06,-,0,"R:R:21,?:R:2,G:R:1",1,0.667,R,"R:3384,?:5,G:1"
GCF_000864105.1_noTerminalStopCodon.part_lcl__NC_007360.1_cds_YP_308667.1_7,NP,nucleocapsid protein,318,negative,0.132,0.944,-,0.001,"P:S:7,P:Q:3,P:P:21,?:P:2",1,0.667,P,"P:3366,S:19,Q:3,?:2"
GCF_000864105.1_noTerminalStopCodon.part_lcl__NC_007360.1_cds_YP_308667.1_7,NP,nucleocapsid protein,319,negative,0.048,1.234,-,0,"N:N:17,D:N:1,K:N:2,?:N:3,N:S:1",1,0.667,N,"N:3307,D:1,K:76,?:5,S:1"
GCF_000864105.1_noTerminalStopCodon.part_lcl__NC_007360.1_cds_YP_308667.1_7,NP,nucleocapsid protein,320,negative,0,0.482,-,0,"E:E:9,D:E:1",1,0.667,E,"E:3385,?:4,D:1"
GCF_000864105.1_noTerminalStopCodon.part_lcl__NC_007360.1_cds_YP_308667.1_7,NP,nucleocapsid protein,321,negative,0,2.542,-,0,"K:N:1,N:N:34,?:N:3",1,0.667,N,"N:3386,K:1,?:3"
GCF_000864105.1_noTerminalStopCodon.part_lcl__NC_007360.1_cds_YP_308667.1_7,NP,nucleocapsid protein,322,negative,0,0.786,-,0,"P:P:17,?:P:3,P:S:1",1,0.667,P,"P:3385,?:4,S:1"
GCF_000864105.1_noTerminalStopCodon.part_lcl__NC_007360.1_cds_YP_308667.1_7,NP,nucleocapsid protein,323,negative,0.108,0.959,-,0,"A:A:20,A:S:6,A:V:1,A:T:3",1,0.667,A,"A:3375,S:8,V:1,T:3,?:3"
GCF_000864105.1_noTerminalStopCodon.part_lcl__NC_007360.1_cds_YP_308667.1_7,NP,nucleocapsid protein,324,negative,0,2.047,-,0,"H:H:28,?:H:3",1,0.667,H,"H:3386,?:4"
GCF_000864105.1_noTerminalStopCodon.part_lcl__NC_007360.1_cds_YP_308667.1_7,NP,nucleocapsid protein,325,negative,0,1.112,-,0,"K:K:21,?:K:3",1,0.667,K,"K:3386,?:4"
GCF_000864105.1_noTerminalStopCodon.part_lcl__NC_007360.1_cds_YP_308667.1_7,NP,nucleocapsid protein,326,negative,0,2.526,-,0,"S:S:34,?:S:4,N:S:1,G:S:1",1,0.667,S,"S:3383,?:5,N:1,G:1"
GCF_000864105.1_noTerminalStopCodon.part_lcl__NC_007360.1_cds_YP_308667.1_7,NP,nucleocapsid protein,327,negative,0,1.449,-,0,"Q:Q:27,?:Q:5",1,0.667,Q,"Q:3384,?:6"
GCF_000864105.1_noTerminalStopCodon.part_lcl__NC_007360.1_cds_YP_308667.1_7,NP,nucleocapsid protein,328,negative,0,0.765,-,0,"L:L:25,?:L:7,L:V:1",1,0.667,L,"L:3382,?:7,V:1"
GCF_000864105.1_noTerminalStopCodon.part_lcl__NC_007360.1_cds_YP_308667.1_7,NP,nucleocapsid protein,329,negative,0.056,1.203,-,0,"I:V:6,V:V:26,M:V:1",1,0.667,V,"V:3348,I:32,M:1,?:9"
GCF_000864105.1_noTerminalStopCodon.part_lcl__NC_007360.1_cds_YP_308667.1_7,NP,nucleocapsid protein,330,neutral,0,0.215,-,1,?:W:9,1,0.667,W,"W:3381,?:9"
GCF_000864105.1_noTerminalStopCodon.part_lcl__NC_007360.1_cds_YP_308667.1_7,NP,nucleocapsid protein,331,neutral,0.036,0.016,-,0.973,"I:M:4,M:V:1,?:M:9,L:M:1",1,0.66,M,"M:3374,I:4,V:1,?:9,L:2"
GCF_000864105.1_noTerminalStopCodon.part_lcl__NC_007360.1_cds_YP_308667.1_7,NP,nucleocapsid protein,332,negative,0,0.733,-,0,A:A:16,1,0.667,A,"A:3381,?:9"
GCF_000864105.1_noTerminalStopCodon.part_lcl__NC_007360.1_cds_YP_308667.1_7,NP,nucleocapsid protein,333,negative,0,1.452,-,0,"C:C:20,?:C:10",1,0.667,C,"C:3380,?:10"
GCF_000864105.1_noTerminalStopCodon.part_lcl__NC_007360.1_cds_YP_308667.1_7,NP,nucleocapsid protein,334,negative,0,1.224,-,0,"H:H:17,?:H:11",1,0.667,H,"H:3378,?:12"
GCF_000864105.1_noTerminalStopCodon.part_lcl__NC_007360.1_cds_YP_308667.1_7,NP,nucleocapsid protein,335,negative,0,0.615,-,0,"S:S:12,?:S:11,A:S:2",1,0.667,S,"S:3376,?:12,A:2"
GCF_000864105.1_noTerminalStopCodon.part_lcl__NC_007360.1_cds_YP_308667.1_7,NP,nucleocapsid protein,336,negative,0,1.139,-,0,"A:A:25,A:T:1,A:S:1",1,0.667,A,"A:3377,T:1,?:11,S:1"
GCF_000864105.1_noTerminalStopCodon.part_lcl__NC_007360.1_cds_YP_308667.1_7,NP,nucleocapsid protein,337,negative,0,0.652,-,0,"A:A:14,A:S:1",1,0.667,A,"A:3377,?:12,S:1"
GCF_000864105.1_noTerminalStopCodon.part_lcl__NC_007360.1_cds_YP_308667.1_7,NP,nucleocapsid protein,338,negative,0,0.938,-,0,"F:F:13,?:F:13",1,0.667,F,"F:3377,?:13"
GCF_000864105.1_noTerminalStopCodon.part_lcl__NC_007360.1_cds_YP_308667.1_7,NP,nucleocapsid protein,339,negative,0,1.412,-,0,E:E:28,1,0.667,E,"E:3376,?:14"
GCF_000864105.1_noTerminalStopCodon.part_lcl__NC_007360.1_cds_YP_308667.1_7,NP,nucleocapsid protein,340,negative,0,1.167,-,0,D:D:16,1,0.667,D,"D:3377,?:13"
GCF_000864105.1_noTerminalStopCodon.part_lcl__NC_007360.1_cds_YP_308667.1_7,NP,nucleocapsid protein,341,negative,0,0.99,-,0,"L:L:31,I:L:1,?:L:13",1,0.667,L,"L:3374,I:1,?:15"
GCF_000864105.1_noTerminalStopCodon.part_lcl__NC_007360.1_cds_YP_308667.1_7,NP,nucleocapsid protein,342,negative,0.05,1.152,-,0,"R:R:22,K:R:3,?:R:13",1,0.667,R,"R:3373,K:4,?:13"
GCF_000864105.1_noTerminalStopCodon.part_lcl__NC_007360.1_cds_YP_308667.1_7,NP,nucleocapsid protein,343,negative,0.056,1.446,-,0,"V:V:30,M:V:1,I:V:6",1,0.667,V,"V:3365,M:1,I:11,?:13"
GCF_000864105.1_noTerminalStopCodon.part_lcl__NC_007360.1_cds_YP_308667.1_7,NP,nucleocapsid protein,344,neutral,0.152,0.546,-,0.055,"S:S:12,L:S:5,?:S:12,S:T:1",1,0.181,S,"S:3367,L:6,?:13,T:4"
GCF_000864105.1_noTerminalStopCodon.part_lcl__NC_007360.1_cds_YP_308667.1_7,NP,nucleocapsid protein,345,negative,0,1.402,-,0,"S:S:19,G:S:2,?:S:12",1,0.667,S,"S:3376,G:2,?:12"
GCF_000864105.1_noTerminalStopCodon.part_lcl__NC_007360.1_cds_YP_308667.1_7,NP,nucleocapsid protein,346,negative,0.061,0.623,-,0.004,"F:L:2,F:F:9,?:F:12",1,0.667,F,"F:3375,L:3,?:12"
GCF_000864105.1_noTerminalStopCodon.part_lcl__NC_007360.1_cds_YP_308667.1_7,NP,nucleocapsid protein,347,negative,0.056,0.429,-,0.016,"I:I:8,I:V:4,?:I:12,I:L:1",1,0.667,I,"I:3369,V:8,?:12,L:1"
GCF_000864105.1_noTerminalStopCodon.part_lcl__NC_007360.1_cds_YP_308667.1_7,NP,nucleocapsid protein,348,negative,0,0.615,-,0,"R:R:12,?:R:12",1,0.667,R,"R:3378,?:12"
GCF_000864105.1_noTerminalStopCodon.part_lcl__NC_007360.1_cds_YP_308667.1_7,NP,nucleocapsid protein,349,negative,0,2.24,-,0,G:G:49,1,0.667,G,"G:3378,?:12"
GCF_000864105.1_noTerminalStopCodon.part_lcl__NC_007360.1_cds_YP_308667.1_7,NP,nucleocapsid protein,350,neutral,0.388,0.363,-,0.897,"A:T:22,T:T:8,I:T:4,?:T:6,S:T:1,A:S:1",1,0.586,T,"T:3230,A:138,I:6,?:12,S:4"
GCF_000864105.1_noTerminalStopCodon.part_lcl__NC_007360.1_cds_YP_308667.1_7,NP,nucleocapsid protein,351,negative,0.05,0.571,-,0.001,"K:R:6,I:R:2,R:R:11,?:R:12",1,0.667,R,"R:3349,K:27,I:2,?:12"
GCF_000864105.1_noTerminalStopCodon.part_lcl__NC_007360.1_cds_YP_308667.1_7,NP,nucleocapsid protein,352,negative,0.284,1.425,-,0,"V:V:32,I:V:8,A:V:1,L:V:1,M:V:2",1,0.209,V,"V:3358,I:13,A:1,L:2,?:14,M:2"
GCF_000864105.1_noTerminalStopCodon.part_lcl__NC_007360.1_cds_YP_308667.1_7,NP,nucleocapsid protein,353,negative,0.548,1.607,-,0.003,"I:V:21,V:V:25,A:V:10,F:V:3,L:V:2,L:L:1,I:I:3,I:L:1,?:F:1",1,0.667,V,"V:3094,I:236,A:24,?:15,F:5,L:16"
GCF_000864105.1_noTerminalStopCodon.part_lcl__NC_007360.1_cds_YP_308667.1_7,NP,nucleocapsid protein,354,negative,0,0.27,-,0.013,"P:P:6,?:P:12",1,0.667,P,"P:3378,?:12"
GCF_000864105.1_noTerminalStopCodon.part_lcl__NC_007360.1_cds_YP_308667.1_7,NP,nucleocapsid protein,355,negative,0,1.099,-,0,"R:R:21,?:R:12",1,0.667,R,"R:3378,?:12"
GCF_000864105.1_noTerminalStopCodon.part_lcl__NC_007360.1_cds_YP_308667.1_7,NP,nucleocapsid protein,356,negative,0,0.954,-,0,"G:G:21,A:G:1,G:R:2",1,0.667,G,"G:3375,A:1,R:2,?:12"
GCF_000864105.1_noTerminalStopCodon.part_lcl__NC_007360.1_cds_YP_308667.1_7,NP,nucleocapsid protein,357,negative,0,0.945,-,0,"Q:Q:17,L:Q:2,?:Q:12,Q:R:1,K:Q:1",1,0.667,Q,"Q:3373,L:2,?:13,R:1,K:1"
GCF_000864105.1_noTerminalStopCodon.part_lcl__NC_007360.1_cds_YP_308667.1_7,NP,nucleocapsid protein,358,negative,0,0.935,-,0,"L:L:31,?:L:12",1,0.667,L,"L:3377,?:13"
GCF_000864105.1_noTerminalStopCodon.part_lcl__NC_007360.1_cds_YP_308667.1_7,NP,nucleocapsid protein,359,negative,0.066,0.73,-,0.001,"S:S:13,S:Y:2,?:S:12,L:S:1",1,0.667,S,"S:3374,Y:3,?:12,L:1"
GCF_000864105.1_noTerminalStopCodon.part_lcl__NC_007360.1_cds_YP_308667.1_7,NP,nucleocapsid protein,360,negative,0,1.475,-,0,"T:T:28,I:T:1,?:T:12",1,0.667,T,"T:3377,I:1,?:12"
GCF_000864105.1_noTerminalStopCodon.part_lcl__NC_007360.1_cds_YP_308667.1_7,NP,nucleocapsid protein,361,negative,0,0.513,-,0,"R:R:10,?:R:12",1,0.667,R,"R:3378,?:12"
GCF_000864105.1_noTerminalStopCodon.part_lcl__NC_007360.1_cds_YP_308667.1_7,NP,nucleocapsid protein,362,negative,0,0.991,-,0,"G:G:22,G:R:1",1,0.667,G,"G:3377,?:12,R:1"
GCF_000864105.1_noTerminalStopCodon.part_lcl__NC_007360.1_cds_YP_308667.1_7,NP,nucleocapsid protein,363,negative,0.112,1.044,-,0,"V:V:20,I:V:12,A:V:1",1,0.667,V,"V:3358,I:18,?:13,A:1"
GCF_000864105.1_noTerminalStopCodon.part_lcl__NC_007360.1_cds_YP_308667.1_7,NP,nucleocapsid protein,364,negative,0,1.225,-,0,"Q:Q:22,?:Q:13",1,0.667,Q,"Q:3377,?:13"
GCF_000864105.1_noTerminalStopCodon.part_lcl__NC_007360.1_cds_YP_308667.1_7,NP,nucleocapsid protein,365,negative,0,0.481,-,0.001,"I:V:6,I:I:8,?:I:13,I:L:1",1,0.667,I,"I:3370,V:6,?:13,L:1"
GCF_000864105.1_noTerminalStopCodon.part_lcl__NC_007360.1_cds_YP_308667.1_7,NP,nucleocapsid protein,366,negative,0,1.108,-,0,"A:A:21,A:S:2",1,0.667,A,"A:3375,?:13,S:2"
GCF_000864105.1_noTerminalStopCodon.part_lcl__NC_007360.1_cds_YP_308667.1_7,NP,nucleocapsid protein,367,negative,0,0.506,-,0.001,"S:S:11,?:S:13",1,0.667,S,"S:3377,?:13"
GCF_000864105.1_noTerminalStopCodon.part_lcl__NC_007360.1_cds_YP_308667.1_7,NP,nucleocapsid protein,368,negative,0,0.353,-,0.003,"I:N:1,N:S:4,N:N:5,?:N:13,N:T:1",1,0.667,N,"N:3371,I:1,S:4,?:13,T:1"
GCF_000864105.1_noTerminalStopCodon.part_lcl__NC_007360.1_cds_YP_308667.1_7,NP,nucleocapsid protein,369,negative,0,1.347,-,0,E:E:26,1,0.667,E,"E:3376,?:14"
GCF_000864105.1_noTerminalStopCodon.part_lcl__NC_007360.1_cds_YP_308667.1_7,NP,nucleocapsid protein,370,negative,0.144,1.057,-,0,"N:T:2,N:S:7,N:N:15,?:N:13",1,0.372,N,"N:3362,T:2,S:13,?:13"
GCF_000864105.1_noTerminalStopCodon.part_lcl__NC_007360.1_cds_YP_308667.1_7,NP,nucleocapsid protein,371,neutral,0.261,1.687,-,0.104,"I:M:17,M:V:4,M:T:6,L:M:1,?:M:13,T:T:1",1,0.171,M,"M:3225,I:66,V:4,T:81,L:1,?:13"
GCF_000864105.1_noTerminalStopCodon.part_lcl__NC_007360.1_cds_YP_308667.1_7,NP,nucleocapsid protein,372,negative,0.1,1.277,-,0,"D:E:5,E:E:23,E:G:1,A:E:1",1,0.667,E,"E:3363,D:11,?:14,G:1,A:1"
GCF_000864105.1_noTerminalStopCodon.part_lcl__NC_007360.1_cds_YP_308667.1_7,NP,nucleocapsid protein,373,neutral,0.615,0.605,-,0.966,"A:T:17,T:T:11,M:T:1,I:T:1,?:T:7,A:A:2,A:V:4,P:T:1,A:S:1",1,0.408,T,"T:2943,A:393,M:2,I:1,?:13,V:36,P:1,S:1"
GCF_000864105.1_noTerminalStopCodon.part_lcl__NC_007360.1_cds_YP_308667.1_7,NP,nucleocapsid protein,374,neutral,0.073,0.006,-,0.949,"I:M:6,M:T:1,?:M:13,L:M:2,M:V:1",1,0.176,M,"M:3364,I:6,T:1,?:13,L:5,V:1"
GCF_000864105.1_noTerminalStopCodon.part_lcl__NC_007360.1_cds_YP_308667.1_7,NP,nucleocapsid protein,375,negative,0.189,1.261,-,0,"D:D:17,D:E:4,D:N:6,D:G:2",1,0.667,D,"D:3348,E:4,N:22,G:2,?:14"
GCF_000864105.1_noTerminalStopCodon.part_lcl__NC_007360.1_cds_YP_308667.1_7,NP,nucleocapsid protein,376,negative,0,0.985,-,0,"S:S:19,?:S:13",1,0.667,S,"S:3377,?:13"
GCF_000864105.1_noTerminalStopCodon.part_lcl__NC_007360.1_cds_YP_308667.1_7,NP,nucleocapsid protein,377,negative,0.534,1.661,-,0.002,"S:S:21,N:S:27,C:S:1,G:S:1,?:S:1,H:N:1,N:N:2,?:N:12",1,0.667,S,"S:2391,N:982,C:1,G:2,?:13,H:1"
GCF_000864105.1_noTerminalStopCodon.part_lcl__NC_007360.1_cds_YP_308667.1_7,NP,nucleocapsid protein,378,negative,0,0.954,-,0,"T:T:18,?:T:13",1,0.667,T,"T:3377,?:13"
GCF_000864105.1_noTerminalStopCodon.part_lcl__NC_007360.1_cds_YP_308667.1_7,NP,nucleocapsid protein,379,negative,0,0.617,-,0,"L:L:12,?:L:13",1,0.667,L,"L:3377,?:13"
GCF_000864105.1_noTerminalStopCodon.part_lcl__NC_007360.1_cds_YP_308667.1_7,NP,nucleocapsid protein,380,negative,0,0.827,-,0,E:E:14,1,0.667,E,"E:3377,?:13"
GCF_000864105.1_noTerminalStopCodon.part_lcl__NC_007360.1_cds_YP_308667.1_7,NP,nucleocapsid protein,381,negative,0,1.377,-,0,"L:L:47,L:M:2,?:L:13",1,0.667,L,"L:3375,M:2,?:13"
GCF_000864105.1_noTerminalStopCodon.part_lcl__NC_007360.1_cds_YP_308667.1_7,NP,nucleocapsid protein,382,negative,0,1.407,-,0,"R:R:29,?:R:13,G:R:1",1,0.667,R,"R:3376,?:13,G:1"
GCF_000864105.1_noTerminalStopCodon.part_lcl__NC_007360.1_cds_YP_308667.1_7,NP,nucleocapsid protein,383,negative,0,0.554,-,0,"S:S:8,?:S:13,N:S:1",1,0.667,S,"S:3376,?:13,N:1"
GCF_000864105.1_noTerminalStopCodon.part_lcl__NC_007360.1_cds_YP_308667.1_7,NP,nucleocapsid protein,384,negative,0.15,0.827,-,0.002,"K:R:16,R:R:16,?:R:13,I:R:1",1,0.667,R,"R:3341,K:35,?:13,I:1"
GCF_000864105.1_noTerminalStopCodon.part_lcl__NC_007360.1_cds_YP_308667.1_7,NP,nucleocapsid protein,385,negative,0,1.011,-,0,"Y:Y:14,?:Y:13,C:Y:1,H:Y:1",1,0.667,Y,"Y:3374,?:14,C:1,H:1"
GCF_000864105.1_noTerminalStopCodon.part_lcl__NC_007360.1_cds_YP_308667.1_7,NP,nucleocapsid protein,386,neutral,0,0,-,1,?:W:13,1,1,W,"W:3377,?:13"
GCF_000864105.1_noTerminalStopCodon.part_lcl__NC_007360.1_cds_YP_308667.1_7,NP,nucleocapsid protein,387,negative,0,1.266,-,0,"A:A:24,A:S:1",1,0.667,A,"A:3376,?:13,S:1"
GCF_000864105.1_noTerminalStopCodon.part_lcl__NC_007360.1_cds_YP_308667.1_7,NP,nucleocapsid protein,388,neutral,0,0,-,1,"I:V:1,?:I:13",1,0.667,I,"I:3376,V:1,?:13"
GCF_000864105.1_noTerminalStopCodon.part_lcl__NC_007360.1_cds_YP_308667.1_7,NP,nucleocapsid protein,389,negative,0.05,1.649,-,0,"R:R:31,K:R:3,?:R:13",1,0.667,R,"R:3372,K:4,?:14"
GCF_000864105.1_noTerminalStopCodon.part_lcl__NC_007360.1_cds_YP_308667.1_7,NP,nucleocapsid protein,390,negative,0,0.538,-,0,"T:T:11,?:T:13,P:T:1",1,0.667,T,"T:3375,?:14,P:1"
GCF_000864105.1_noTerminalStopCodon.part_lcl__NC_007360.1_cds_YP_308667.1_7,NP,nucleocapsid protein,391,negative,0,0.958,-,0,"R:R:19,K:R:3,?:R:13,Q:R:1,I:R:1",1,0.667,R,"R:3372,K:3,?:13,Q:1,I:1"
GCF_000864105.1_noTerminalStopCodon.part_lcl__NC_007360.1_cds_YP_308667.1_7,NP,nucleocapsid protein,392,negative,0,1.454,-,0,"S:S:20,?:S:13,R:S:1",1,0.667,S,"S:3376,?:13,R:1"
GCF_000864105.1_noTerminalStopCodon.part_lcl__NC_007360.1_cds_YP_308667.1_7,NP,nucleocapsid protein,393,negative,0,1.028,-,0,G:G:22,1,0.667,G,"G:3377,?:13"
GCF_000864105.1_noTerminalStopCodon.part_lcl__NC_007360.1_cds_YP_308667.1_7,NP,nucleocapsid protein,394,negative,0,1.645,-,0,G:G:34,1,0.667,G,"G:3373,?:17"
GCF_000864105.1_noTerminalStopCodon.part_lcl__NC_007360.1_cds_YP_308667.1_7,NP,nucleocapsid protein,395,negative,0.096,0.77,-,0.001,"N:N:11,N:T:4,N:Y:1,?:N:15,K:N:1,?:T:1,D:N:1",1,0.667,N,"N:3301,T:69,Y:1,?:17,K:1,D:1"
GCF_000864105.1_noTerminalStopCodon.part_lcl__NC_007360.1_cds_YP_308667.1_7,NP,nucleocapsid protein,396,negative,0.109,1.222,-,0,"T:T:23,N:T:4,?:T:16,A:T:1",1,0.667,T,"T:3360,N:13,?:16,A:1"
GCF_000864105.1_noTerminalStopCodon.part_lcl__NC_007360.1_cds_YP_308667.1_7,NP,nucleocapsid protein,397,negative,0.144,2.768,-,0,"N:N:38,?:N:16,N:S:4,H:N:1",1,0.412,N,"N:3344,?:17,S:27,H:2"
GCF_000864105.1_noTerminalStopCodon.part_lcl__NC_007360.1_cds_YP_308667.1_7,NP,nucleocapsid protein,398,negative,0.157,1.536,-,0,"Q:R:2,H:Q:4,Q:Q:26,?:Q:12,?:H:4",1,0.667,Q,"Q:3344,R:2,H:27,?:17"
GCF_000864105.1_noTerminalStopCodon.part_lcl__NC_007360.1_cds_YP_308667.1_7,NP,nucleocapsid protein,399,negative,0,0.654,-,0,"Q:Q:14,?:Q:16",1,0.667,Q,"Q:3373,?:17"
GCF_000864105.1_noTerminalStopCodon.part_lcl__NC_007360.1_cds_YP_308667.1_7,NP,nucleocapsid protein,400,negative,0.304,0.89,-,0.016,"K:R:21,R:R:17,?:R:16,K:K:1",1,0.286,R,"R:3295,K:78,?:17"
GCF_000864105.1_noTerminalStopCodon.part_lcl__NC_007360.1_cds_YP_308667.1_7,NP,nucleocapsid protein,401,negative,0,0.507,-,0,"A:A:11,A:T:6,A:S:1,A:E:1,A:G:1",1,0.667,A,"A:3365,T:6,S:1,E:1,?:16,G:1"
GCF_000864105.1_noTerminalStopCodon.part_lcl__NC_007360.1_cds_YP_308667.1_7,NP,nucleocapsid protein,402,negative,0,0.916,-,0,"S:S:17,S:Y:2,?:S:16,F:S:3",1,0.667,S,"S:3369,Y:2,?:16,F:3"
GCF_000864105.1_noTerminalStopCodon.part_lcl__NC_007360.1_cds_YP_308667.1_7,NP,nucleocapsid protein,403,negative,0.054,0.929,-,0,"A:A:20,A:T:2,A:V:1,A:S:1",1,0.667,A,"A:3369,T:3,?:16,V:1,S:1"
GCF_000864105.1_noTerminalStopCodon.part_lcl__NC_007360.1_cds_YP_308667.1_7,NP,nucleocapsid protein,404,negative,0,1.211,-,0,G:G:26,1,0.667,G,"G:3374,?:16"
GCF_000864105.1_noTerminalStopCodon.part_lcl__NC_007360.1_cds_YP_308667.1_7,NP,nucleocapsid protein,405,negative,0,1.596,-,0,"Q:Q:29,L:Q:1,?:Q:16",1,0.667,Q,"Q:3373,L:1,?:16"
GCF_000864105.1_noTerminalStopCodon.part_lcl__NC_007360.1_cds_YP_308667.1_7,NP,nucleocapsid protein,406,negative,0.28,0.767,-,0.041,"I:M:1,I:T:1,I:I:14,?:I:16,I:V:5",1,0.098,I,"I:3357,?:17,M:3,T:1,V:12"
GCF_000864105.1_noTerminalStopCodon.part_lcl__NC_007360.1_cds_YP_308667.1_7,NP,nucleocapsid protein,407,negative,0,2.678,-,0,"S:S:36,?:S:16",1,0.667,S,"S:3373,?:17"
GCF_000864105.1_noTerminalStopCodon.part_lcl__NC_007360.1_cds_YP_308667.1_7,NP,nucleocapsid protein,408,negative,0.397,1.099,-,0.013,"V:V:21,I:V:26,I:I:1,I:L:1",1,0.436,V,"V:3262,I:111,?:16,L:1"
GCF_000864105.1_noTerminalStopCodon.part_lcl__NC_007360.1_cds_YP_308667.1_7,NP,nucleocapsid protein,409,negative,0.187,0.905,-,0.009,"Q:Q:18,?:Q:16,Q:S:1",0.1128123688674005,0,Q,"Q:3368,?:16,S:6"
GCF_000864105.1_noTerminalStopCodon.part_lcl__NC_007360.1_cds_YP_308667.1_7,NP,nucleocapsid protein,410,negative,0,1.067,-,0,"A:P:1,P:P:20,?:P:17",1,0.667,P,"P:3372,A:1,?:17"
GCF_000864105.1_noTerminalStopCodon.part_lcl__NC_007360.1_cds_YP_308667.1_7,NP,nucleocapsid protein,411,negative,0.09,0.948,-,0,"A:T:2,T:T:19,?:T:26,L:T:1",1,0.011,T,"T:3359,A:2,?:28,L:1"
GCF_000864105.1_noTerminalStopCodon.part_lcl__NC_007360.1_cds_YP_308667.1_7,NP,nucleocapsid protein,412,negative,0,0.841,-,0,"F:F:12,?:F:23",1,0.667,F,"F:3361,?:29"
GCF_000864105.1_noTerminalStopCodon.part_lcl__NC_007360.1_cds_YP_308667.1_7,NP,nucleocapsid protein,413,negative,0,1.678,-,0,"S:S:36,?:S:23",1,0.667,S,"S:3361,?:29"
GCF_000864105.1_noTerminalStopCodon.part_lcl__NC_007360.1_cds_YP_308667.1_7,NP,nucleocapsid protein,414,negative,0.056,1.049,-,0,"V:V:23,L:V:1,I:V:2,A:V:1",1,0.667,V,"V:3356,L:2,?:29,I:2,A:1"
GCF_000864105.1_noTerminalStopCodon.part_lcl__NC_007360.1_cds_YP_308667.1_7,NP,nucleocapsid protein,415,negative,0,1.029,-,0,"Q:Q:21,?:Q:27",1,0.667,Q,"Q:3357,?:33"
GCF_000864105.1_noTerminalStopCodon.part_lcl__NC_007360.1_cds_YP_308667.1_7,NP,nucleocapsid protein,416,negative,0,0.725,-,0,"R:R:14,?:R:27",1,0.667,R,"R:3357,?:33"
GCF_000864105.1_noTerminalStopCodon.part_lcl__NC_007360.1_cds_YP_308667.1_7,NP,nucleocapsid protein,417,negative,0.048,1.861,-,0,"N:N:25,D:N:3,?:N:27,N:T:4,N:S:7,I:N:1,K:N:1",1,0.667,N,"N:3340,D:3,?:33,T:4,S:8,I:1,K:1"
GCF_000864105.1_noTerminalStopCodon.part_lcl__NC_007360.1_cds_YP_308667.1_7,NP,nucleocapsid protein,418,negative,0.07,1.167,-,0,"?:L:27,L:L:22,I:L:2,F:L:1",1,0.667,L,"L:3353,?:33,I:3,F:1"
GCF_000864105.1_noTerminalStopCodon.part_lcl__NC_007360.1_cds_YP_308667.1_7,NP,nucleocapsid protein,419,negative,0,1.508,-,0,"P:P:29,?:P:27",1,0.667,P,"P:3357,?:33"
GCF_000864105.1_noTerminalStopCodon.part_lcl__NC_007360.1_cds_YP_308667.1_7,NP,nucleocapsid protein,420,negative,0.061,2.558,-,0,"F:F:35,?:F:27,F:Y:1",1,0.667,F,"F:3353,?:34,Y:3"
GCF_000864105.1_noTerminalStopCodon.part_lcl__NC_007360.1_cds_YP_308667.1_7,NP,nucleocapsid protein,421,negative,0,0.693,-,0,"E:E:13,D:E:1",1,0.667,E,"E:3356,D:1,?:33"
GCF_000864105.1_noTerminalStopCodon.part_lcl__NC_007360.1_cds_YP_308667.1_7,NP,nucleocapsid protein,422,negative,0,0.726,-,0,"R:R:14,?:R:27,I:R:1",1,0.667,R,"R:3356,?:33,I:1"
GCF_000864105.1_noTerminalStopCodon.part_lcl__NC_007360.1_cds_YP_308667.1_7,NP,nucleocapsid protein,423,negative,0.218,0.974,-,0.002,"A:A:22,A:S:2,A:T:13",1,0.641,A,"A:3081,S:2,?:34,T:273"
GCF_000864105.1_noTerminalStopCodon.part_lcl__NC_007360.1_cds_YP_308667.1_7,NP,nucleocapsid protein,424,negative,0.055,0.571,-,0.003,"T:T:11,?:T:27,A:T:3,N:T:1,I:T:1",1,0.667,T,"T:3351,?:33,A:4,N:1,I:1"
GCF_000864105.1_noTerminalStopCodon.part_lcl__NC_007360.1_cds_YP_308667.1_7,NP,nucleocapsid protein,425,negative,0,1.012,-,0,"I:I:17,?:I:27,I:V:1",1,0.667,I,"I:3356,?:33,V:1"
GCF_000864105.1_noTerminalStopCodon.part_lcl__NC_007360.1_cds_YP_308667.1_7,NP,nucleocapsid protein,426,neutral,0.037,0.037,-,1,"I:M:2,?:M:28,L:M:1",1,0.644,M,"M:3349,I:2,?:35,L:4"
GCF_000864105.1_noTerminalStopCodon.part_lcl__NC_007360.1_cds_YP_308667.1_7,NP,nucleocapsid protein,427,negative,0,1.332,-,0,A:A:29,1,0.667,A,"A:3355,?:35"
GCF_000864105.1_noTerminalStopCodon.part_lcl__NC_007360.1_cds_YP_308667.1_7,NP,nucleocapsid protein,428,negative,0.108,1.061,-,0,"A:A:23,A:S:1,A:V:1,A:T:1",1,0.667,A,"A:3350,?:35,S:2,V:2,T:1"
GCF_000864105.1_noTerminalStopCodon.part_lcl__NC_007360.1_cds_YP_308667.1_7,NP,nucleocapsid protein,429,negative,0,1.189,-,0,"F:F:16,?:F:29,F:L:1",1,0.667,F,"F:3354,?:35,L:1"
GCF_000864105.1_noTerminalStopCodon.part_lcl__NC_007360.1_cds_YP_308667.1_7,NP,nucleocapsid protein,430,negative,0.446,1.102,-,0.02,"S:T:3,T:T:24,?:T:29,A:T:15,M:T:2,K:T:1,I:T:1",1,0.363,T,"T:3309,S:3,?:35,A:37,M:2,K:1,I:3"
GCF_000864105.1_noTerminalStopCodon.part_lcl__NC_007360.1_cds_YP_308667.1_7,NP,nucleocapsid protein,431,negative,0,1.313,-,0,G:G:28,1,0.667,G,"G:3355,?:35"
GCF_000864105.1_noTerminalStopCodon.part_lcl__NC_007360.1_cds_YP_308667.1_7,NP,nucleocapsid protein,432,negative,0.192,1.68,-,0,"N:N:23,D:N:2,?:N:29,N:S:8,N:T:1",1,0.667,N,"N:3317,D:2,?:35,S:35,T:1"
GCF_000864105.1_noTerminalStopCodon.part_lcl__NC_007360.1_cds_YP_308667.1_7,NP,nucleocapsid protein,433,negative,0.221,0.8,-,0.012,"N:T:3,I:T:7,?:T:29,T:T:14,A:T:8,S:T:1",1,0.667,T,"T:3286,N:4,I:7,?:35,A:57,S:1"
GCF_000864105.1_noTerminalStopCodon.part_lcl__NC_007360.1_cds_YP_308667.1_7,NP,nucleocapsid protein,434,negative,0,1.766,-,0,"E:E:30,E:G:1,D:E:1",1,0.667,E,"E:3353,?:35,G:1,D:1"
GCF_000864105.1_noTerminalStopCodon.part_lcl__NC_007360.1_cds_YP_308667.1_7,NP,nucleocapsid protein,435,negative,0,1.162,-,0,G:G:22,1,0.667,G,"G:3355,?:35"
GCF_000864105.1_noTerminalStopCodon.part_lcl__NC_007360.1_cds_YP_308667.1_7,NP,nucleocapsid protein,436,negative,0,0.951,-,0,"?:R:29,R:R:18",1,0.667,R,"R:3355,?:35"
GCF_000864105.1_noTerminalStopCodon.part_lcl__NC_007360.1_cds_YP_308667.1_7,NP,nucleocapsid protein,437,negative,0.166,1.012,-,0,"T:T:21,?:T:29,I:T:3,N:T:1,S:T:1",1,0.667,T,"T:3347,?:35,I:4,N:2,S:2"
GCF_000864105.1_noTerminalStopCodon.part_lcl__NC_007360.1_cds_YP_308667.1_7,NP,nucleocapsid protein,438,negative,0,0.864,-,0,"S:S:17,?:S:29,F:S:1",1,0.667,S,"S:3354,?:35,F:1"
GCF_000864105.1_noTerminalStopCodon.part_lcl__NC_007360.1_cds_YP_308667.1_7,NP,nucleocapsid protein,439,negative,0,1.055,-,0,D:D:15,1,0.667,D,"D:3355,?:35"
GCF_000864105.1_noTerminalStopCodon.part_lcl__NC_007360.1_cds_YP_308667.1_7,NP,nucleocapsid protein,440,neutral,0,0.215,-,1,?:M:29,1,0.667,M,"M:3355,?:35"
GCF_000864105.1_noTerminalStopCodon.part_lcl__NC_007360.1_cds_YP_308667.1_7,NP,nucleocapsid protein,441,negative,0,0.912,-,0,"?:R:29,R:R:19",1,0.667,R,"R:3354,?:36"
GCF_000864105.1_noTerminalStopCodon.part_lcl__NC_007360.1_cds_YP_308667.1_7,NP,nucleocapsid protein,442,negative,0,0.727,-,0,"T:T:13,?:T:29,K:T:1",1,0.667,T,"T:3354,?:35,K:1"
GCF_000864105.1_noTerminalStopCodon.part_lcl__NC_007360.1_cds_YP_308667.1_7,NP,nucleocapsid protein,443,negative,0,0.824,-,0,E:E:15,1,0.667,E,"E:3354,?:36"
GCF_000864105.1_noTerminalStopCodon.part_lcl__NC_007360.1_cds_YP_308667.1_7,NP,nucleocapsid protein,444,negative,0,0.86,-,0,"I:I:16,?:I:29,I:V:1",1,0.667,I,"I:3354,?:35,V:1"
GCF_000864105.1_noTerminalStopCodon.part_lcl__NC_007360.1_cds_YP_308667.1_7,NP,nucleocapsid protein,445,negative,0,0.799,-,0,"I:I:4,?:I:29,I:M:1",1,0.667,I,"I:3353,?:36,M:1"
GCF_000864105.1_noTerminalStopCodon.part_lcl__NC_007360.1_cds_YP_308667.1_7,NP,nucleocapsid protein,446,negative,0.309,1.161,-,0.001,"R:S:2,K:R:11,?:R:29,G:R:1,R:R:23,K:K:1",1,0.443,R,"R:3299,S:2,K:52,?:35,G:2"
GCF_000864105.1_noTerminalStopCodon.part_lcl__NC_007360.1_cds_YP_308667.1_7,NP,nucleocapsid protein,447,neutral,0.037,0,-,0.927,"?:M:29,I:M:2,M:V:1,L:M:1",1,0.632,M,"M:3344,?:35,I:2,V:1,L:8"
GCF_000864105.1_noTerminalStopCodon.part_lcl__NC_007360.1_cds_YP_308667.1_7,NP,nucleocapsid protein,448,neutral,0,0.215,-,1,?:M:29,1,0.667,M,"M:3353,?:37"
GCF_000864105.1_noTerminalStopCodon.part_lcl__NC_007360.1_cds_YP_308667.1_7,NP,nucleocapsid protein,449,negative,0,0.9,-,0,E:E:15,1,0.667,E,"E:3351,?:39"
GCF_000864105.1_noTerminalStopCodon.part_lcl__NC_007360.1_cds_YP_308667.1_7,NP,nucleocapsid protein,450,neutral,0.36,0.576,-,0.366,"N:S:17,?:N:7,N:N:2,I:N:1,C:S:1,G:S:5,R:S:1,?:S:24,S:S:6",1,0.667,N,"N:2084,S:1258,?:37,I:1,C:4,G:5,R:1"
GCF_000864105.1_noTerminalStopCodon.part_lcl__NC_007360.1_cds_YP_308667.1_7,NP,nucleocapsid protein,451,negative,0.108,0.469,-,0.034,"A:A:9,A:T:3,A:V:1,A:S:2",1,0.667,A,"A:3343,T:7,?:37,V:1,S:2"
GCF_000864105.1_noTerminalStopCodon.part_lcl__NC_007360.1_cds_YP_308667.1_7,NP,nucleocapsid protein,452,neutral,0.511,0.775,-,0.317,"K:R:35,R:R:12,?:R:24,?:K:7,Q:R:1,K:K:1,R:S:1",1,0.667,R,"R:3123,K:224,?:37,Q:1,S:5"
GCF_000864105.1_noTerminalStopCodon.part_lcl__NC_007360.1_cds_YP_308667.1_7,NP,nucleocapsid protein,453,neutral,0.201,0.341,-,0.432,"?:P:30,P:P:7,P:S:7,A:P:2,P:T:1",1,0.567,P,"P:3336,?:37,S:12,A:4,T:1"
GCF_000864105.1_noTerminalStopCodon.part_lcl__NC_007360.1_cds_YP_308667.1_7,NP,nucleocapsid protein,454,negative,0.099,0.533,-,0.014,"E:G:4,E:E:9,E:K:2,D:E:3",1,0.667,E,"E:3341,G:5,?:38,K:2,D:4"
GCF_000864105.1_noTerminalStopCodon.part_lcl__NC_007360.1_cds_YP_308667.1_7,NP,nucleocapsid protein,455,negative,0,0.285,-,0.007,"D:N:1,D:D:4,D:E:5",1,0.667,D,"D:3345,N:1,?:39,E:5"
GCF_000864105.1_noTerminalStopCodon.part_lcl__NC_007360.1_cds_YP_308667.1_7,NP,nucleocapsid protein,456,neutral,0.169,0.041,-,0.179,"L:V:7,M:V:6,V:V:1,A:V:4",1,0.177,V,"V:3327,L:7,?:38,M:14,A:4"
GCF_000864105.1_noTerminalStopCodon.part_lcl__NC_007360.1_cds_YP_308667.1_7,NP,nucleocapsid protein,457,negative,0,0.869,-,0,"S:S:17,?:S:32",1,0.667,S,"S:3352,?:38"
GCF_000864105.1_noTerminalStopCodon.part_lcl__NC_007360.1_cds_YP_308667.1_7,NP,nucleocapsid protein,458,negative,0,0.206,-,0.034,"F:F:3,?:F:32",1,0.667,F,"F:3352,?:38"
GCF_000864105.1_noTerminalStopCodon.part_lcl__NC_007360.1_cds_YP_308667.1_7,NP,nucleocapsid protein,459,negative,0,1.065,-,0,"Q:Q:22,?:Q:32,Q:R:1,H:Q:1",1,0.667,Q,"Q:3350,?:38,R:1,H:1"
GCF_000864105.1_noTerminalStopCodon.part_lcl__NC_007360.1_cds_YP_308667.1_7,NP,nucleocapsid protein,460,negative,0,0.663,-,0,G:G:16,1,0.667,G,"G:3352,?:38"
GCF_000864105.1_noTerminalStopCodon.part_lcl__NC_007360.1_cds_YP_308667.1_7,NP,nucleocapsid protein,461,neutral,0,0.136,-,0.074,"R:R:4,?:R:29",1,0.667,R,"R:3353,?:37"
GCF_000864105.1_noTerminalStopCodon.part_lcl__NC_007360.1_cds_YP_308667.1_7,NP,nucleocapsid protein,462,negative,0,0.601,-,0,G:G:13,1,0.667,G,"G:3355,?:35"
GCF_000864105.1_noTerminalStopCodon.part_lcl__NC_007360.1_cds_YP_308667.1_7,NP,nucleocapsid protein,463,negative,0,0.362,-,0.003,"A:V:2,V:V:7",1,0.667,V,"V:3349,A:2,?:39"
GCF_000864105.1_noTerminalStopCodon.part_lcl__NC_007360.1_cds_YP_308667.1_7,NP,nucleocapsid protein,464,neutral,0,0.138,-,0.083,"?:F:31,F:F:2,F:L:1",1,0.667,F,"F:3352,?:37,L:1"
GCF_000864105.1_noTerminalStopCodon.part_lcl__NC_007360.1_cds_YP_308667.1_7,NP,nucleocapsid protein,465,neutral,0,0,-,1,E:G:1,1,0.667,E,"E:3352,?:37,G:1"
GCF_000864105.1_noTerminalStopCodon.part_lcl__NC_007360.1_cds_YP_308667.1_7,NP,nucleocapsid protein,466,negative,0.141,0.814,-,0.004,"L:L:16,I:L:2,?:L:31,F:L:6",1,0.667,L,"L:3341,I:2,?:39,F:8"
GCF_000864105.1_noTerminalStopCodon.part_lcl__NC_007360.1_cds_YP_308667.1_7,NP,nucleocapsid protein,467,negative,0,0.79,-,0,"S:S:19,?:S:32,P:S:1",1,0.667,S,"S:3351,?:38,P:1"
GCF_000864105.1_noTerminalStopCodon.part_lcl__NC_007360.1_cds_YP_308667.1_7,NP,nucleocapsid protein,468,negative,0,0.417,-,0.001,D:D:6,1,0.667,D,"D:3352,?:38"
GCF_000864105.1_noTerminalStopCodon.part_lcl__NC_007360.1_cds_YP_308667.1_7,NP,nucleocapsid protein,469,neutral,0,0.117,-,0.077,"E:G:1,E:E:2",1,0.667,E,"E:3351,?:38,G:1"
GCF_000864105.1_noTerminalStopCodon.part_lcl__NC_007360.1_cds_YP_308667.1_7,NP,nucleocapsid protein,470,neutral,0,0.046,-,0.258,"?:K:31,K:N:1,E:K:1,K:K:1",1,0.667,K,"K:3351,?:37,N:1,E:1"
GCF_000864105.1_noTerminalStopCodon.part_lcl__NC_007360.1_cds_YP_308667.1_7,NP,nucleocapsid protein,471,negative,0,0.462,-,0,A:A:10,1,0.667,A,"A:3353,?:37"
GCF_000864105.1_noTerminalStopCodon.part_lcl__NC_007360.1_cds_YP_308667.1_7,NP,nucleocapsid protein,472,neutral,0.059,0,-,0.18,"?:T:31,A:T:4,R:T:1,S:T:1",1,0.193,T,"T:3346,?:37,A:5,R:1,S:1"
GCF_000864105.1_noTerminalStopCodon.part_lcl__NC_007360.1_cds_YP_308667.1_7,NP,nucleocapsid protein,473,neutral,0.145,0,-,0.074,"?:N:37,N:S:11,D:N:2,N:T:1",1,0.018,N,"N:3319,?:43,S:18,D:9,T:1"
GCF_000864105.1_noTerminalStopCodon.part_lcl__NC_007360.1_cds_YP_308667.1_7,NP,nucleocapsid protein,474,neutral,0,0.163,-,0.05,"?:P:38,P:S:2,P:P:4",1,0.667,P,"P:3344,?:44,S:2"
GCF_000864105.1_noTerminalStopCodon.part_lcl__NC_007360.1_cds_YP_308667.1_7,NP,nucleocapsid protein,475,neutral,0.17,0.053,-,0.274,"?:I:39,I:V:7,I:I:1",1,0.25,I,"I:3330,?:47,V:13"
GCF_000864105.1_noTerminalStopCodon.part_lcl__NC_007360.1_cds_YP_308667.1_7,NP,nucleocapsid protein,476,neutral,0,0.041,-,0.296,V:V:1,1,0.667,V,"V:3343,?:47"
GCF_000864105.1_noTerminalStopCodon.part_lcl__NC_007360.1_cds_YP_308667.1_7,NP,nucleocapsid protein,477,negative,0,0.31,-,0.009,"?:P:42,P:P:6",1,0.667,P,"P:3342,?:48"
GCF_000864105.1_noTerminalStopCodon.part_lcl__NC_007360.1_cds_YP_308667.1_7,NP,nucleocapsid protein,478,negative,0,0.32,-,0.008,"?:S:42,S:S:6,F:S:2",1,0.667,S,"S:3340,?:48,F:2"
GCF_000864105.1_noTerminalStopCodon.part_lcl__NC_007360.1_cds_YP_308667.1_7,NP,nucleocapsid protein,479,neutral,0,0.071,-,0.213,"?:F:42,F:L:3,F:F:1,F:V:1",1,0.667,F,"F:3337,?:49,L:3,V:1"
GCF_000864105.1_noTerminalStopCodon.part_lcl__NC_007360.1_cds_YP_308667.1_7,NP,nucleocapsid protein,480,neutral,0.047,0.257,-,0.098,"D:E:1,D:D:3,D:N:2,D:G:1",1,0.667,D,"D:3329,E:9,?:49,N:2,G:1"
GCF_000864105.1_noTerminalStopCodon.part_lcl__NC_007360.1_cds_YP_308667.1_7,NP,nucleocapsid protein,481,negative,0,1111.313,-,0,"?:M:44,I:M:3,L:M:3,M:V:1,H:M:1",1,0.667,M,"M:3332,?:50,I:3,L:3,V:1,H:1"
GCF_000864105.1_noTerminalStopCodon.part_lcl__NC_007360.1_cds_YP_308667.1_7,NP,nucleocapsid protein,482,negative,0.14,1.096,-,0,"S:S:9,N:S:19,N:N:5,?:N:33,?:S:12,G:S:2,E:N:1",1,0.667,S,"S:2316,N:1019,?:52,G:2,E:1"
GCF_000864105.1_noTerminalStopCodon.part_lcl__NC_007360.1_cds_YP_308667.1_7,NP,nucleocapsid protein,483,negative,0.048,0.906,-,0,"?:N:47,N:N:12,D:N:1,K:N:2,N:Y:1",1,0.667,N,"N:3320,?:53,D:1,K:15,Y:1"
GCF_000864105.1_noTerminalStopCodon.part_lcl__NC_007360.1_cds_YP_308667.1_7,NP,nucleocapsid protein,484,negative,0,0.901,-,0,E:E:15,1,0.667,E,"E:3334,?:56"
GCF_000864105.1_noTerminalStopCodon.part_lcl__NC_007360.1_cds_YP_308667.1_7,NP,nucleocapsid protein,485,negative,0,0.992,-,0,"G:G:21,G:R:1",1,0.667,G,"G:3326,?:63,R:1"
GCF_000864105.1_noTerminalStopCodon.part_lcl__NC_007360.1_cds_YP_308667.1_7,NP,nucleocapsid protein,486,neutral,0,0.155,-,0.063,"S:S:3,?:S:61",1,0.667,S,"S:3322,?:68"
GCF_000864105.1_noTerminalStopCodon.part_lcl__NC_007360.1_cds_YP_308667.1_7,NP,nucleocapsid protein,487,negative,0,0.509,-,0.001,"?:Y:65,Y:Y:7",1,0.667,Y,"Y:3317,?:73"
GCF_000864105.1_noTerminalStopCodon.part_lcl__NC_007360.1_cds_YP_308667.1_7,NP,nucleocapsid protein,488,neutral,0.062,0.07,-,0.931,"?:F:74,F:S:2",1,0.655,F,"F:3303,?:84,S:3"
GCF_000864105.1_noTerminalStopCodon.part_lcl__NC_007360.1_cds_YP_308667.1_7,NP,nucleocapsid protein,489,negative,0,0.566,-,0,"F:F:8,?:F:79",1,0.667,F,"F:3300,?:90"
GCF_000864105.1_noTerminalStopCodon.part_lcl__NC_007360.1_cds_YP_308667.1_7,NP,nucleocapsid protein,490,neutral,0,0.092,-,0.113,"G:G:1,E:G:1,G:R:1",1,0.667,G,"G:3298,?:90,E:1,R:1"
GCF_000864105.1_noTerminalStopCodon.part_lcl__NC_007360.1_cds_YP_308667.1_7,NP,nucleocapsid protein,491,neutral,0,0,-,1,NA,1,1,D,"D:3298,?:92"
GCF_000864105.1_noTerminalStopCodon.part_lcl__NC_007360.1_cds_YP_308667.1_7,NP,nucleocapsid protein,492,neutral,0.048,0,-,0.313,"?:N:84,N:S:6,D:N:1,K:N:1,H:N:2",1,0.304,N,"N:3278,?:101,S:7,D:1,K:1,H:2"
GCF_000864105.1_noTerminalStopCodon.part_lcl__NC_007360.1_cds_YP_308667.1_7,NP,nucleocapsid protein,493,negative,0,0.479,-,0,A:A:10,1,0.667,A,"A:3285,?:105"
GCF_000864105.1_noTerminalStopCodon.part_lcl__NC_007360.1_cds_YP_308667.1_7,NP,nucleocapsid protein,494,negative,0,0.189,-,0.023,E:E:4,1,0.667,E,"E:3274,?:116"
GCF_000864105.1_noTerminalStopCodon.part_lcl__NC_007360.1_cds_YP_308667.1_7,NP,nucleocapsid protein,495,negative,0.156,1.165,-,0,"E:E:20,D:E:2,E:R:3,?:R:6",1,0,E,"E:3252,D:3,?:130,R:5"
GCF_000864105.1_noTerminalStopCodon.part_lcl__NC_007360.1_cds_YP_308667.1_7,NP,nucleocapsid protein,496,negative,0.135,2.594,-,0,"F:Y:4,?:Y:101,Y:Y:33,H:Y:1,?:F:2",1,0.667,Y,"Y:3233,F:18,?:138,H:1"
GCF_000864105.1_noTerminalStopCodon.part_lcl__NC_007360.1_cds_YP_308667.1_7,NP,nucleocapsid protein,497,negative,0.065,0.677,-,0.002,"D:V:1,D:D:8,D:Y:1,D:E:3,E:E:1",1,0.667,D,"V:1,D:3239,?:142,Y:1,E:7"
GCF_000864105.1_noTerminalStopCodon.part_lcl__NC_007360.1_cds_YP_308667.1_7,NP,nucleocapsid protein,498,neutral,0.195,0.484,-,0.151,"?:N:113,N:S:13,N:N:6,I:N:1,N:T:2,H:N:1",1,0.667,N,"N:3158,?:149,S:79,I:1,T:2,H:1"
GCF_000864105.1_noTerminalStopCodon.part_lcl__NC_007361.1_cds_YP_308668.1_8,NA,neuraminidase,1,neutral,0,0,-,1,NA,1,1,M,"M:3871,?:176"
GCF_000864105.1_noTerminalStopCodon.part_lcl__NC_007361.1_cds_YP_308668.1_8,NA,neuraminidase,2,neutral,0.131,0.278,-,0.336,"E:N:1,D:N:2,N:Y:6,N:N:4,M:N:1,N:V:1,H:N:1,N:S:2",1,0.006,N,"N:3870,?:145,E:6,D:2,Y:6,M:1,V:1,H:1,S:15"
GCF_000864105.1_noTerminalStopCodon.part_lcl__NC_007361.1_cds_YP_308668.1_8,NA,neuraminidase,3,negative,0.039,0.334,-,0.011,"P:S:6,P:Q:1,P:T:1,P:P:10",1,0.667,P,"?:120,P:3914,S:11,Q:1,T:1"
GCF_000864105.1_noTerminalStopCodon.part_lcl__NC_007361.1_cds_YP_308668.1_8,NA,neuraminidase,4,negative,0,1.165,-,0,"N:N:14,N:S:3,N:Y:1,L:N:1,D:N:1",1,0.667,N,"N:3935,?:106,S:3,Y:1,L:1,D:1"
GCF_000864105.1_noTerminalStopCodon.part_lcl__NC_007361.1_cds_YP_308668.1_8,NA,neuraminidase,5,negative,0.099,1.829,-,0,"Q:Q:30,K:Q:2,L:Q:1,Q:R:2,Q:S:1",1,0.463,Q,"Q:3926,?:104,K:9,L:1,R:6,S:1"
GCF_000864105.1_noTerminalStopCodon.part_lcl__NC_007361.1_cds_YP_308668.1_8,NA,neuraminidase,6,negative,0.141,0.685,-,0.006,"K:K:12,K:R:9,K:Q:1,K:L:1,K:T:1,R:R:3",1,0.235,K,"K:3676,R:276,?:92,Q:1,L:1,T:1"
GCF_000864105.1_noTerminalStopCodon.part_lcl__NC_007361.1_cds_YP_308668.1_8,NA,neuraminidase,7,neutral,0.224,0.094,-,0.459,"I:T:14,I:M:5,I:V:4,I:I:3,I:L:1",1,0.076,I,"I:3925,T:17,?:91,M:7,V:6,L:1"
GCF_000864105.1_noTerminalStopCodon.part_lcl__NC_007361.1_cds_YP_308668.1_8,NA,neuraminidase,8,neutral,0.643,0.634,-,0.973,"A:T:2,I:T:15,I:M:7,I:I:8,A:I:1,I:V:11,V:V:2,L:V:1,M:V:1,T:T:2",1,0.548,T,"T:2416,A:4,?:87,I:1262,M:51,V:225,L:2"
GCF_000864105.1_noTerminalStopCodon.part_lcl__NC_007361.1_cds_YP_308668.1_8,NA,neuraminidase,9,negative,0.234,0.815,-,0.009,"T:T:19,I:T:7,A:T:10,N:T:1,C:T:1,A:A:1",1,0.187,T,"T:3764,?:84,I:10,A:187,N:1,C:1"
GCF_000864105.1_noTerminalStopCodon.part_lcl__NC_007361.1_cds_YP_308668.1_8,NA,neuraminidase,10,negative,0.086,0.835,-,0,"I:I:11,I:T:5,F:I:1,I:L:1,I:M:1,T:T:2",1,0.44,I,"I:3705,?:78,T:261,F:1,L:1,M:1"
GCF_000864105.1_noTerminalStopCodon.part_lcl__NC_007361.1_cds_YP_308668.1_8,NA,neuraminidase,11,negative,0.038,1.524,-,0,"G:G:33,G:S:1,A:G:1",1,0.306,G,"G:3972,?:72,S:1,A:2"
GCF_000864105.1_noTerminalStopCodon.part_lcl__NC_007361.1_cds_YP_308668.1_8,NA,neuraminidase,12,negative,0,0.279,-,0.011,"S:S:6,A:S:1,S:T:2,L:S:7,P:S:1",1,0.667,S,"S:3966,?:70,A:1,T:2,L:7,P:1"
GCF_000864105.1_noTerminalStopCodon.part_lcl__NC_007361.1_cds_YP_308668.1_8,NA,neuraminidase,13,neutral,0.518,0.694,-,0.483,"I:V:18,I:T:7,I:I:14,F:I:1,V:V:3,A:V:1",1,0.178,I,"I:3687,V:281,?:67,T:10,F:1,A:1"
GCF_000864105.1_noTerminalStopCodon.part_lcl__NC_007361.1_cds_YP_308668.1_8,NA,neuraminidase,14,negative,0.16,2.538,-,0,"C:R:2,C:C:29,C:S:3,S:S:1,G:S:1",1,0.667,C,"C:3979,R:2,?:59,S:6,G:1"
GCF_000864105.1_noTerminalStopCodon.part_lcl__NC_007361.1_cds_YP_308668.1_8,NA,neuraminidase,15,neutral,0.103,3.191,-,0.111,"M:V:6,I:M:6,L:M:2",1,0.667,M,"M:3968,V:7,?:58,I:11,L:3"
GCF_000864105.1_noTerminalStopCodon.part_lcl__NC_007361.1_cds_YP_308668.1_8,NA,neuraminidase,16,positive,1.667,0.637,-,0.003,"A:V:48,I:V:19,V:V:11,A:A:3,A:G:1,G:G:1,A:T:1,I:M:1,I:T:2,E:V:1,G:V:4",1,0.002,V,"V:3734,A:103,?:58,I:124,G:8,T:18,M:1,E:1"
GCF_000864105.1_noTerminalStopCodon.part_lcl__NC_007361.1_cds_YP_308668.1_8,NA,neuraminidase,17,neutral,0.58,0.593,-,0.961,"I:T:10,I:V:4,I:I:7,I:M:3,I:L:1,L:L:3,T:T:1",1,0.275,I,"I:3734,T:171,V:69,?:56,M:13,L:4"
GCF_000864105.1_noTerminalStopCodon.part_lcl__NC_007361.1_cds_YP_308668.1_8,NA,neuraminidase,18,negative,0.107,0.892,-,0,"G:G:20,G:T:1,G:V:1,G:S:1,G:R:1",1,0.667,G,"G:3989,?:53,T:1,V:2,S:1,R:1"
GCF_000864105.1_noTerminalStopCodon.part_lcl__NC_007361.1_cds_YP_308668.1_8,NA,neuraminidase,19,positive,0.862,0.196,-,0.031,"I:T:34,I:I:3,I:V:14,V:V:2,I:L:1,I:M:11,A:V:1,A:T:1",1,0.019,I,"I:3756,T:96,?:48,V:86,L:1,M:51,A:9"
GCF_000864105.1_noTerminalStopCodon.part_lcl__NC_007361.1_cds_YP_308668.1_8,NA,neuraminidase,20,neutral,1.07,1.053,-,0.962,"I:V:21,A:V:14,F:V:6,G:V:3,I:I:2,V:V:18,L:V:2,A:A:1,T:V:1",1,0.556,V,"V:3404,I:525,A:56,?:49,F:7,G:3,L:2,T:1"
GCF_000864105.1_noTerminalStopCodon.part_lcl__NC_007361.1_cds_YP_308668.1_8,NA,neuraminidase,21,negative,0.075,0.851,-,0,"S:S:15,N:S:7,G:S:2,L:S:1",1,0.667,S,"S:3974,?:48,N:8,G:16,L:1"
GCF_000864105.1_noTerminalStopCodon.part_lcl__NC_007361.1_cds_YP_308668.1_8,NA,neuraminidase,22,negative,0.077,1.942,-,0,"L:L:47,L:S:2,L:V:1,L:P:1,L:N:1,F:L:1,L:M:1",1,0.667,L,"L:3993,?:46,S:2,V:2,P:1,N:1,F:1,M:1"
GCF_000864105.1_noTerminalStopCodon.part_lcl__NC_007361.1_cds_YP_308668.1_8,NA,neuraminidase,23,negative,0.342,1.91,-,0.036,"M:V:11,I:M:12,L:M:5,M:T:5,V:V:3,L:V:1,L:L:3,M:S:1",1,0.667,M,"M:3772,V:197,I:12,?:48,L:11,T:6,S:1"
GCF_000864105.1_noTerminalStopCodon.part_lcl__NC_007361.1_cds_YP_308668.1_8,NA,neuraminidase,24,negative,0.07,1.283,-,0,"L:M:3,L:L:39,I:L:1,L:S:1,F:L:1,L:P:1",1,0.397,L,"L:3992,M:3,?:47,I:1,S:1,F:2,P:1"
GCF_000864105.1_noTerminalStopCodon.part_lcl__NC_007361.1_cds_YP_308668.1_8,NA,neuraminidase,25,negative,0.051,0.779,-,0,"H:Q:2,G:Q:1,Q:Q:12,L:Q:1,Q:R:1",1,0.667,Q,"Q:3997,?:44,H:3,G:1,L:1,R:1"
GCF_000864105.1_noTerminalStopCodon.part_lcl__NC_007361.1_cds_YP_308668.1_8,NA,neuraminidase,26,neutral,0.362,0.468,-,0.621,"I:T:3,I:I:6,I:V:15,A:I:1,V:V:1",1,0.667,I,"I:3677,T:6,?:44,V:318,A:2"
GCF_000864105.1_noTerminalStopCodon.part_lcl__NC_007361.1_cds_YP_308668.1_8,NA,neuraminidase,27,negative,0.162,0.735,-,0.002,"G:G:16,A:G:1,A:T:1,A:V:1,A:A:1",1,0.667,G,"G:4005,T:1,V:2,?:38,A:1"
GCF_000864105.1_noTerminalStopCodon.part_lcl__NC_007361.1_cds_YP_308668.1_8,NA,neuraminidase,28,negative,0.072,0.765,-,0,"N:N:14,N:S:5,S:S:2",1,0.667,N,"N:4000,S:9,?:38"
GCF_000864105.1_noTerminalStopCodon.part_lcl__NC_007361.1_cds_YP_308668.1_8,NA,neuraminidase,29,neutral,0.735,0.693,-,0.918,"I:I:4,I:V:1,I:L:2,I:T:13,I:M:16,M:V:1,I:R:1,L:M:1",1,0.586,I,"I:3418,V:2,L:10,T:22,?:39,M:555,R:1"
GCF_000864105.1_noTerminalStopCodon.part_lcl__NC_007361.1_cds_YP_308668.1_8,NA,neuraminidase,30,negative,0.042,0.885,-,0,"I:I:19,I:V:10,C:I:1,I:L:1,I:T:4",1,0.667,I,"I:3991,V:12,C:1,?:38,L:1,T:4"
GCF_000864105.1_noTerminalStopCodon.part_lcl__NC_007361.1_cds_YP_308668.1_8,NA,neuraminidase,31,negative,0.069,0.535,-,0.01,"L:S:5,S:S:13,G:S:1,P:S:4",1,0.667,S,"S:3997,L:6,?:39,G:1,P:4"
GCF_000864105.1_noTerminalStopCodon.part_lcl__NC_007361.1_cds_YP_308668.1_8,NA,neuraminidase,32,neutral,0.135,0.391,-,0.192,"I:I:5,I:M:5,I:L:4,I:T:8,I:V:1",1,0.667,I,"I:3971,M:21,?:36,L:10,T:8,V:1"
GCF_000864105.1_noTerminalStopCodon.part_lcl__NC_007361.1_cds_YP_308668.1_8,NA,neuraminidase,33,negative,0.255,9.989,-,0.017,"N:W:1,L:W:1,L:L:1",1,0.667,W,"W:4000,?:37,N:1,L:9"
GCF_000864105.1_noTerminalStopCodon.part_lcl__NC_007361.1_cds_YP_308668.1_8,NA,neuraminidase,34,neutral,1.064,0.895,-,0.604,"I:V:34,V:V:15,F:V:3,A:V:14,I:I:1,?:V:1,L:V:2,G:V:1",1,0.387,V,"V:3881,I:100,F:3,?:38,A:20,L:2,G:3"
GCF_000864105.1_noTerminalStopCodon.part_lcl__NC_007361.1_cds_YP_308668.1_8,NA,neuraminidase,35,negative,0.483,1.468,-,0.003,"S:S:20,I:S:7,G:S:4,N:S:14,N:N:1,C:S:2,H:N:1,R:S:1",1,0.439,S,"S:3922,I:8,?:36,G:6,N:71,C:2,H:1,R:1"
GCF_000864105.1_noTerminalStopCodon.part_lcl__NC_007361.1_cds_YP_308668.1_8,NA,neuraminidase,36,negative,0.23,0.749,-,0.028,"H:H:8,H:P:2,H:L:2,H:Q:4,Q:Q:2,H:R:1",1,0.62,H,"H:3799,P:4,L:2,?:36,Q:204,R:2"
GCF_000864105.1_noTerminalStopCodon.part_lcl__NC_007361.1_cds_YP_308668.1_8,NA,neuraminidase,37,neutral,0.31,0.39,-,0.717,"L:S:3,S:T:4,S:Y:1,V:Y:1,H:Y:1,S:S:7,P:S:6",1,0.649,S,"S:3992,L:3,T:4,Y:1,V:2,?:35,H:1,P:9"
GCF_000864105.1_noTerminalStopCodon.part_lcl__NC_007361.1_cds_YP_308668.1_8,NA,neuraminidase,38,neutral,0.309,0.782,-,0.069,"I:T:6,I:V:5,I:I:11,I:N:1,N:N:1,L:N:1,N:Y:1,I:L:3,F:I:3,F:L:3,F:F:1",1,0.667,I,"I:3740,T:7,V:5,?:34,N:1,L:11,Y:1,F:248"
GCF_000864105.1_noTerminalStopCodon.part_lcl__NC_007361.1_cds_YP_308668.1_8,NA,neuraminidase,39,negative,0.476,1.109,-,0.043,"Q:Q:19,Q:R:6,A:Q:1,K:Q:2,H:Q:3,L:Q:2,H:R:1,H:Y:1",1,0.344,Q,"Q:3709,R:144,A:2,?:34,K:4,H:140,L:13,Y:1"
GCF_000864105.1_noTerminalStopCodon.part_lcl__NC_007361.1_cds_YP_308668.1_8,NA,neuraminidase,40,neutral,0.462,0.24,-,0.23,"I:T:8,T:T:5,R:T:3,A:T:7,M:T:1,M:V:1,L:M:1,P:T:1,K:T:2",1,0.188,T,"T:3956,I:20,R:9,A:8,V:1,L:2,?:28,M:1,P:1,K:21"
GCF_000864105.1_noTerminalStopCodon.part_lcl__NC_007361.1_cds_YP_308668.1_8,NA,neuraminidase,41,negative,0.534,1.211,-,0.021,"G:G:23,G:R:17,E:G:13,G:V:1,R:R:5,K:R:2,G:W:1",1,0.332,G,"G:3663,R:309,E:37,?:29,V:6,K:2,W:1"
GCF_000864105.1_noTerminalStopCodon.part_lcl__NC_007361.1_cds_YP_308668.1_8,NA,neuraminidase,42,negative,0.82,2.048,-,0.004,"K:N:5,N:S:8,N:N:20,N:T:4,S:S:3,D:N:9,H:N:1,N:V:1,V:V:1,F:V:4,F:L:1,F:S:1,F:N:2,F:F:1,A:V:4,I:V:1,I:N:1",1,0.017,N,"N:3697,K:13,S:37,T:6,?:30,D:10,H:2,V:36,F:198,L:1,A:15,I:2"
GCF_000864105.1_noTerminalStopCodon.part_lcl__NC_007361.1_cds_YP_308668.1_8,NA,neuraminidase,43,negative,0.461,1.137,-,0.034,"K:Q:4,Q:Q:18,H:Q:6,Q:S:1,A:Q:1,L:Q:2,Q:R:3",1,0.667,Q,"Q:3966,K:6,H:8,?:30,S:2,A:1,L:13,R:21"
GCF_000864105.1_noTerminalStopCodon.part_lcl__NC_007361.1_cds_YP_308668.1_8,NA,neuraminidase,44,neutral,1.153,0.728,-,0.191,"H:Y:22,C:Y:4,N:Y:1,Y:Y:6,H:N:6,D:N:1,N:S:1,N:N:1,N:T:2,E:N:1,N:P:1,H:H:5,H:R:10,C:R:3,C:C:1,R:R:1,H:Q:1,S:Y:1",1,0.132,Y,"Y:2587,H:957,C:89,N:254,?:36,D:4,S:4,T:2,E:2,P:1,R:106,Q:5"
GCF_000864105.1_noTerminalStopCodon.part_lcl__NC_007361.1_cds_YP_308668.1_8,NA,neuraminidase,45,negative,0.494,1.309,-,0.018,"H:Q:9,K:Q:4,Q:Q:15,Q:R:5,P:Q:2,H:H:6,H:Y:2,H:R:2,H:P:1,H:N:1,N:S:1,N:N:1,N:T:1,L:Q:1",1,0.667,Q,"Q:3775,H:188,K:15,R:9,P:3,?:35,Y:15,S:1,N:2,T:1,L:3"
GCF_000864105.1_noTerminalStopCodon.part_lcl__NC_007361.1_cds_YP_308668.1_8,NA,neuraminidase,46,neutral,1.413,0.764,-,0.066,"L:P:4,P:S:14,H:P:5,P:P:8,N:P:1,E:N:1,N:V:1,A:P:2,A:V:4,A:G:1,A:T:8,T:T:2,I:T:1,T:V:1,P:T:2,A:A:3,A:D:3,A:S:5,D:N:1,D:E:1,D:G:1",1,0.045,P,"P:2816,L:4,S:77,H:6,?:38,E:2,N:5,V:64,A:585,G:3,T:392,I:8,D:47"
GCF_000864105.1_noTerminalStopCodon.part_lcl__NC_007361.1_cds_YP_308668.1_8,NA,neuraminidase,47,neutral,0.338,0.782,-,0.073,"E:G:19,E:E:11,D:E:5,E:K:6,E:Q:1,G:G:1,A:E:1",1,0.667,E,"E:3898,G:91,D:8,K:10,?:38,Q:1,A:1"
GCF_000864105.1_noTerminalStopCodon.part_lcl__NC_007361.1_cds_YP_308668.1_8,NA,neuraminidase,48,neutral,0.33,0.414,-,0.667,"P:Q:3,P:S:4,P:T:9,T:T:5,K:T:1,I:T:1,I:I:2,P:P:6,A:P:1,L:P:4",1,0.667,P,"P:3636,Q:3,S:5,T:275,?:109,K:1,I:3,A:11,L:4"
GCF_000864105.1_noTerminalStopCodon.part_lcl__NC_007361.1_cds_YP_308668.1_8,NA,neuraminidase,49,neutral,0.466,0.302,-,0.579,"C:C:4,C:P:1,C:N:1,N:T:1,C:T:1,C:F:3,C:Y:2,C:S:1",0.3011736330022923,0,C,"C:2903,?:1131,P:1,T:5,N:1,F:3,Y:2,S:1"
GCF_000864105.1_noTerminalStopCodon.part_lcl__NC_007361.1_cds_YP_308668.1_8,NA,neuraminidase,50,negative,0.637,2.076,-,0.012,"N:N:13,K:N:5,N:S:7,I:N:1,N:R:2",1,0.24,N,"N:2891,K:10,S:8,?:1131,I:1,R:6"
GCF_000864105.1_noTerminalStopCodon.part_lcl__NC_007361.1_cds_YP_308668.1_8,NA,neuraminidase,51,neutral,0.287,0.123,-,0.425,"K:Q:3,Q:Q:1,M:Q:1,M:N:1,G:M:1,Q:R:2",1,0.355,Q,"Q:2900,K:3,?:1137,N:1,G:2,M:1,R:3"
GCF_000864105.1_noTerminalStopCodon.part_lcl__NC_007361.1_cds_YP_308668.1_8,NA,neuraminidase,52,neutral,0.376,0.432,-,0.822,"R:S:4,N:S:6,S:S:3,N:N:1,N:T:1,G:S:1",1,0.667,S,"S:2890,R:5,N:10,?:1139,T:2,G:1"
GCF_000864105.1_noTerminalStopCodon.part_lcl__NC_007361.1_cds_YP_308668.1_8,NA,neuraminidase,53,negative,0.072,0.682,-,0.012,"I:T:7,I:I:10,I:V:4,A:V:1,G:I:1,F:I:2,I:S:1",1,0.667,I,"I:2700,T:7,V:194,?:1141,A:1,G:1,F:2,S:1"
GCF_000864105.1_noTerminalStopCodon.part_lcl__NC_007361.1_cds_YP_308668.1_8,NA,neuraminidase,54,negative,0.135,1.114,-,0.003,"I:V:7,I:I:5,I:T:11",1,0.667,I,"I:2886,V:8,T:12,?:1141"
GCF_000864105.1_noTerminalStopCodon.part_lcl__NC_007361.1_cds_YP_308668.1_8,NA,neuraminidase,55,negative,0.341,1.125,-,0.024,"N:T:3,T:T:14,I:T:4,A:T:4,N:N:2,N:R:1",1,0.667,T,"T:2812,N:4,I:4,A:84,?:1141,R:2"
GCF_000864105.1_noTerminalStopCodon.part_lcl__NC_007361.1_cds_YP_308668.1_8,NA,neuraminidase,56,neutral,0.274,0.713,-,0.214,"H:Y:4,N:Y:1,Y:Y:4,G:Y:1,E:G:1,S:Y:1",1,0.342,Y,"Y:2898,H:4,N:1,?:1141,E:2,S:1"
GCF_000864105.1_noTerminalStopCodon.part_lcl__NC_007361.1_cds_YP_308668.1_8,NA,neuraminidase,57,negative,0.368,1.439,-,0.012,"E:E:13,E:G:8,E:K:5,E:Y:2,E:T:1,E:V:2",1,0.038,E,"E:2886,G:9,?:1140,K:6,Y:3,T:1,V:2"
GCF_000864105.1_noTerminalStopCodon.part_lcl__NC_007361.1_cds_YP_308668.1_8,NA,neuraminidase,58,negative,0,0.961,-,0,"N:N:11,N:T:1,D:N:1,K:N:1",1,0.667,N,"N:2903,?:1141,T:1,D:1,K:1"
GCF_000864105.1_noTerminalStopCodon.part_lcl__NC_007361.1_cds_YP_308668.1_8,NA,neuraminidase,59,neutral,0.213,0.74,-,0.067,"K:N:2,N:N:7,E:N:2,N:T:1,N:Y:1,D:N:1,N:S:2",1,0.109,N,"N:2897,K:2,?:1140,E:3,T:1,Y:1,D:1,S:2"
GCF_000864105.1_noTerminalStopCodon.part_lcl__NC_007361.1_cds_YP_308668.1_8,NA,neuraminidase,60,negative,0.15,1.05,-,0.004,"T:T:14,I:T:2,G:T:2,N:T:1",1,0.032,T,"T:2902,I:2,?:1140,G:2,N:1"
GCF_000864105.1_noTerminalStopCodon.part_lcl__NC_007361.1_cds_YP_308668.1_8,NA,neuraminidase,61,negative,0.495,12.843,-,0.025,"L:W:1,F:W:1,I:W:1,I:I:2,I:V:1",1,0.667,W,"W:2900,L:1,?:1140,F:1,V:2,I:3"
GCF_000864105.1_noTerminalStopCodon.part_lcl__NC_007361.1_cds_YP_308668.1_8,NA,neuraminidase,62,neutral,0.566,1.06,-,0.207,"V:V:14,I:V:8,L:V:1,C:V:1,C:C:1,C:R:1,C:N:1",1,0.17,V,"V:2854,?:1140,I:46,L:2,R:2,C:2,N:1"
GCF_000864105.1_noTerminalStopCodon.part_lcl__NC_007361.1_cds_YP_308668.1_8,NA,neuraminidase,63,negative,0.111,0.878,-,0.01,"N:N:5,K:N:1,I:K:1",1,0.667,N,"N:2903,?:1140,I:2,K:2"
GCF_000864105.1_noTerminalStopCodon.part_lcl__NC_007361.1_cds_YP_308668.1_8,NA,neuraminidase,64,negative,0.769,2.061,-,0.029,"Q:Q:18,H:Q:2,Q:R:2,Q:V:1,G:Q:1,E:G:1,N:Q:1,L:Q:2",1,0.667,Q,"Q:2887,?:1141,H:2,R:7,V:1,E:2,G:2,N:1,L:4"
GCF_000864105.1_noTerminalStopCodon.part_lcl__NC_007361.1_cds_YP_308668.1_8,NA,neuraminidase,65,negative,0.128,1.528,-,0,"A:T:1,A:A:1,T:T:18,K:T:1,M:T:1",1,0.158,T,"T:2902,A:2,?:1140,K:2,M:1"
GCF_000864105.1_noTerminalStopCodon.part_lcl__NC_007361.1_cds_YP_308668.1_8,NA,neuraminidase,66,neutral,0.577,0.518,-,0.88,"F:Y:2,Y:Y:3,H:Y:2,N:Y:2,I:N:1,I:V:1,N:Q:1",1,0.574,Y,"Y:2900,F:3,?:1135,H:2,N:2,V:2,I:2,Q:1"
GCF_000864105.1_noTerminalStopCodon.part_lcl__NC_007361.1_cds_YP_308668.1_8,NA,neuraminidase,67,neutral,0.595,0.736,-,0.688,"V:V:8,I:V:10,F:V:4,I:I:2,I:L:1,T:V:1,N:V:1,L:V:1,A:V:2",1,0.279,V,"V:2155,I:747,F:4,?:1132,L:4,T:2,N:1,A:2"
GCF_000864105.1_noTerminalStopCodon.part_lcl__NC_007361.1_cds_YP_308668.1_8,NA,neuraminidase,68,neutral,0.993,0.538,-,0.251,"N:S:5,H:N:2,K:N:3,N:N:5,N:Q:1,N:R:1,Q:R:1,N:T:1,S:T:2,E:S:1,D:E:1,N:Y:1",1,0,N,"N:2761,S:201,H:3,K:3,?:1062,Q:3,R:2,E:1,D:1,T:2,Y:8"
GCF_000864105.1_noTerminalStopCodon.part_lcl__NC_007361.1_cds_YP_308668.1_8,NA,neuraminidase,69,neutral,0.441,0.497,-,0.805,"I:I:11,F:I:2,I:N:1,E:I:1,E:W:1,I:V:6,I:T:3,I:S:1",1,0.23,I,"I:3986,?:37,F:2,N:1,W:2,E:2,V:10,T:6,S:1"
GCF_000864105.1_noTerminalStopCodon.part_lcl__NC_007361.1_cds_YP_308668.1_8,NA,neuraminidase,70,neutral,0.669,0.697,-,0.919,"R:S:6,N:S:15,S:S:7,N:N:2,N:Y:2,Y:Y:1,N:T:1,I:S:5,K:R:4,R:R:2,G:R:5,I:R:1,N:R:2,S:T:1,G:S:1",1,0.624,S,"S:2950,R:619,N:381,?:38,Y:5,T:2,I:29,K:13,G:10"
GCF_000864105.1_noTerminalStopCodon.part_lcl__NC_007361.1_cds_YP_308668.1_8,NA,neuraminidase,71,negative,0.25,1.948,-,0,"N:T:3,N:S:7,N:N:22,D:N:6,N:Y:3,K:N:1,S:S:2",1,0.357,N,"N:3547,T:3,?:31,S:456,D:6,Y:3,K:1"
GCF_000864105.1_noTerminalStopCodon.part_lcl__NC_007361.1_cds_YP_308668.1_8,NA,neuraminidase,72,negative,0.372,1.344,-,0.001,"T:T:29,N:T:4,I:T:12,E:T:2,A:T:10,A:A:1,S:T:1",1,0.004,T,"T:3952,N:5,I:13,?:30,E:2,A:44,S:1"
GCF_000864105.1_noTerminalStopCodon.part_lcl__NC_007361.1_cds_YP_308668.1_8,NA,neuraminidase,73,negative,0.341,1.272,-,0.003,"I:N:3,N:N:15,N:T:3,N:Y:2,D:N:6,S:T:1,K:N:5,N:S:5,K:K:2",1,0.061,N,"N:3811,I:5,?:26,T:4,Y:3,D:9,S:8,K:181"
GCF_000864105.1_noTerminalStopCodon.part_lcl__NC_007361.1_cds_YP_308668.1_8,NA,neuraminidase,74,neutral,0.945,1.156,-,0.593,"F:L:11,F:F:11,L:L:1,I:L:1,I:I:1,I:V:1,V:V:1,F:Y:2,F:S:10,C:F:3,F:P:3,P:P:1,F:V:2,C:C:1",1,0.002,F,"F:3674,L:215,?:27,I:2,V:6,Y:2,S:24,C:61,P:36"
GCF_000864105.1_noTerminalStopCodon.part_lcl__NC_007361.1_cds_YP_308668.1_8,NA,neuraminidase,75,neutral,0.941,1.227,-,0.44,"L:L:15,L:P:16,I:L:8,I:I:3,I:V:1,I:N:1,I:R:1,R:V:1,F:L:8,L:R:1,H:P:1,H:L:2",1,0.165,L,"L:3698,P:66,I:220,?:25,V:4,N:1,R:6,F:13,H:14"
GCF_000864105.1_noTerminalStopCodon.part_lcl__NC_007361.1_cds_YP_308668.1_8,NA,neuraminidase,76,neutral,1.15,0.756,-,0.24,"A:G:2,A:V:3,A:T:21,A:A:6,T:T:7,A:P:1,A:S:4,A:I:1,E:I:1,I:I:2,I:V:1,T:V:1,N:T:2,I:T:3",1,0.086,A,"A:2732,G:6,V:9,T:1256,?:26,P:1,S:6,E:1,I:8,N:2"
GCF_000864105.1_noTerminalStopCodon.part_lcl__NC_007361.1_cds_YP_308668.1_8,NA,neuraminidase,77,negative,0.63,2.006,-,0,"A:E:1,E:G:11,E:K:13,D:E:12,E:E:33,E:P:2,E:N:1,?:E:1,K:R:1",1,0.035,E,"E:3920,A:1,G:39,K:14,?:29,D:39,P:3,N:1,R:1"
GCF_000864105.1_noTerminalStopCodon.part_lcl__NC_007361.1_cds_YP_308668.1_8,NA,neuraminidase,78,negative,0.395,1.56,-,0,"Q:Q:9,Q:R:1,H:Q:3,K:Q:4,P:Q:1,H:K:1,K:N:7,N:N:11,N:S:3,K:K:6,K:R:2,D:N:3,N:T:4,N:Q:2,L:Q:1",1,0.583,Q,"Q:2883,R:3,H:5,K:534,?:25,P:1,N:580,S:6,D:3,T:6,L:1"
GCF_000864105.1_noTerminalStopCodon.part_lcl__NC_007361.1_cds_YP_308668.1_8,NA,neuraminidase,79,neutral,1.159,0.6,-,0.075,"A:A:10,A:T:27,A:V:10,A:S:3,V:W:1,A:E:1,A:D:2",1,0.055,A,"A:3913,T:86,V:17,S:3,?:23,W:2,E:1,D:2"
GCF_000864105.1_noTerminalStopCodon.part_lcl__NC_007361.1_cds_YP_308668.1_8,NA,neuraminidase,80,negative,0.498,1.39,-,0.006,"V:V:25,I:V:7,T:V:3,P:V:1,N:T:1,E:V:2,G:V:3,M:V:5,A:V:9,A:A:2,L:V:1,D:G:1",1,0.667,V,"V:3962,I:13,T:4,P:1,N:2,E:2,?:21,G:19,M:5,A:16,L:1,D:1"
GCF_000864105.1_noTerminalStopCodon.part_lcl__NC_007361.1_cds_YP_308668.1_8,NA,neuraminidase,81,negative,0.672,1.381,-,0.039,"I:T:10,N:T:3,T:T:7,S:T:1,A:T:16,A:D:2,D:G:2,D:Y:1,D:N:1,A:V:4,A:A:16,A:E:1,E:Q:1,E:E:1,A:I:1,A:N:1,I:V:1",1,0.667,T,"T:2685,I:12,N:8,S:1,A:1106,D:172,G:2,Y:1,V:32,Q:1,E:5,?:22"
GCF_000864105.1_noTerminalStopCodon.part_lcl__NC_007361.1_cds_YP_308668.1_8,NA,neuraminidase,82,neutral,0.806,1.315,-,0.174,"S:S:26,P:S:16,L:S:8,M:P:1,G:M:1,M:R:1,L:L:1,A:S:1",1,0.667,S,"S:3796,P:202,L:16,M:1,G:4,R:1,?:26,A:1"
GCF_000864105.1_noTerminalStopCodon.part_lcl__NC_007361.1_cds_YP_308668.1_8,NA,neuraminidase,83,neutral,1.223,1.027,-,0.573,"V:V:19,I:V:19,A:V:24,L:V:7,K:V:1,A:I:1,I:I:1,I:L:1,A:T:2,A:A:1,E:V:1",1,0.114,V,"V:3841,I:57,A:108,L:10,K:2,?:22,T:6,E:1"
GCF_000864105.1_noTerminalStopCodon.part_lcl__NC_007361.1_cds_YP_308668.1_8,NA,neuraminidase,84,positive,1.174,0.22,-,0,"I:T:10,K:T:8,R:T:2,A:T:16,A:S:1,H:T:1,H:H:1,H:Y:1,F:H:1,T:T:3,I:M:1,T:V:1,P:T:1",1,0,T,"T:3611,I:38,K:140,R:4,A:221,S:1,H:1,Y:4,F:1,?:22,M:1,V:1,P:2"
GCF_000864105.1_noTerminalStopCodon.part_lcl__NC_007361.1_cds_YP_308668.1_8,NA,neuraminidase,85,negative,0.341,1.418,-,0.002,"L:L:34,F:L:5,L:P:2,I:L:10,L:Y:1",1,0.667,L,"L:3981,F:18,P:2,I:23,Y:1,?:22"
GCF_000864105.1_noTerminalStopCodon.part_lcl__NC_007361.1_cds_YP_308668.1_8,NA,neuraminidase,86,negative,0.536,1.55,-,0.001,"A:E:3,A:V:10,A:A:35,A:S:3,A:N:1,N:N:2,A:T:13,K:T:1,A:M:2",1,0.667,A,"A:3941,E:3,V:19,S:8,N:5,T:44,?:24,K:1,M:2"
GCF_000864105.1_noTerminalStopCodon.part_lcl__NC_007361.1_cds_YP_308668.1_8,NA,neuraminidase,87,negative,0.075,0.898,-,0,"G:G:21,G:S:1,N:S:1,L:S:1",1,0.667,G,"G:4019,?:22,S:1,N:4,L:1"
GCF_000864105.1_noTerminalStopCodon.part_lcl__NC_007361.1_cds_YP_308668.1_8,NA,neuraminidase,88,negative,0.296,1.231,-,0.002,"N:N:15,N:S:10,I:N:2,G:N:1,N:T:2,T:T:1,H:N:1,K:N:2,N:Y:1,D:N:1",1,0.667,N,"N:3981,S:24,I:2,G:1,T:14,H:1,?:20,K:2,Y:1,D:1"
GCF_000864105.1_noTerminalStopCodon.part_lcl__NC_007361.1_cds_YP_308668.1_8,NA,neuraminidase,89,negative,0.185,0.591,-,0.05,"S:S:13,K:S:1,E:K:1,K:K:1,S:T:1",1,0.379,S,"S:4021,K:2,E:4,?:19,T:1"
GCF_000864105.1_noTerminalStopCodon.part_lcl__NC_007361.1_cds_YP_308668.1_8,NA,neuraminidase,90,negative,0.34,1.344,-,0.002,"S:S:20,S:Y:2,P:S:9,F:S:1,D:P:1,P:P:4,P:T:2,H:P:1,S:T:1",1,0.667,S,"S:3797,Y:2,P:214,F:1,D:1,?:20,T:11,H:1"
GCF_000864105.1_noTerminalStopCodon.part_lcl__NC_007361.1_cds_YP_308668.1_8,NA,neuraminidase,91,negative,0.045,0.411,-,0.008,"L:L:11,I:L:1,L:P:2",1,0.667,L,"L:4022,I:4,?:19,P:2"
GCF_000864105.1_noTerminalStopCodon.part_lcl__NC_007361.1_cds_YP_308668.1_8,NA,neuraminidase,92,negative,0,0.788,-,0,"C:C:15,C:R:1",1,0.667,C,"C:4027,?:19,R:1"
GCF_000864105.1_noTerminalStopCodon.part_lcl__NC_007361.1_cds_YP_308668.1_8,NA,neuraminidase,93,negative,0.244,0.895,-,0.004,"P:S:13,P:P:20,D:P:1,D:E:1,P:R:1,H:P:2,P:T:1,L:P:1",1,0.305,P,"P:3988,S:31,D:4,E:1,R:1,?:18,H:2,T:1,L:1"
GCF_000864105.1_noTerminalStopCodon.part_lcl__NC_007361.1_cds_YP_308668.1_8,NA,neuraminidase,94,negative,0.428,1.371,-,0.003,"I:V:19,I:I:18,I:T:5,V:V:4",1,0.329,I,"I:3959,V:64,T:5,?:19"
GCF_000864105.1_noTerminalStopCodon.part_lcl__NC_007361.1_cds_YP_308668.1_8,NA,neuraminidase,95,negative,0.235,0.818,-,0.011,"G:S:2,N:S:6,I:S:2,K:S:1,K:K:1,K:N:2,S:S:6,R:S:4,K:R:2,R:R:4,R:W:1,N:N:2,N:T:1",1,0.667,S,"S:3123,G:10,N:140,I:2,K:200,R:548,?:22,W:1,T:1"
GCF_000864105.1_noTerminalStopCodon.part_lcl__NC_007361.1_cds_YP_308668.1_8,NA,neuraminidase,96,negative,0,1.646,-,0,"G:G:38,G:S:1",1,0.667,G,"G:4030,S:1,?:16"
GCF_000864105.1_noTerminalStopCodon.part_lcl__NC_007361.1_cds_YP_308668.1_8,NA,neuraminidase,97,neutral,0.166,0,-,0.74,"F:W:1,R:W:1",1,0.173,W,"W:4028,F:4,?:14,R:1"
GCF_000864105.1_noTerminalStopCodon.part_lcl__NC_007361.1_cds_YP_308668.1_8,NA,neuraminidase,98,negative,0,0.958,-,0,"A:A:19,A:V:3,A:H:1",1,0.667,A,"A:4029,V:3,H:1,?:14"
GCF_000864105.1_noTerminalStopCodon.part_lcl__NC_007361.1_cds_YP_308668.1_8,NA,neuraminidase,99,neutral,0.623,0.728,-,0.719,"I:V:20,I:M:1,I:P:2,V:V:9,A:V:2,I:T:1,I:L:1",1,0.615,I,"I:2952,V:1071,M:1,P:5,?:13,A:3,T:1,L:1"
GCF_000864105.1_noTerminalStopCodon.part_lcl__NC_007361.1_cds_YP_308668.1_8,NA,neuraminidase,100,neutral,0.32,0.505,-,0.385,"H:Y:18,Y:Y:4,N:Y:2,L:Y:1,L:L:2,F:L:1,H:N:3,H:H:4,R:Y:1",1,0.667,Y,"Y:3217,H:803,N:6,L:2,F:4,?:14,R:1"
GCF_000864105.1_noTerminalStopCodon.part_lcl__NC_007361.1_cds_YP_308668.1_8,NA,neuraminidase,101,negative,0.087,2.03,-,0,"S:S:30,G:S:2,I:S:1,L:S:1",1,0.52,S,"S:4029,G:2,?:14,I:1,L:1"
GCF_000864105.1_noTerminalStopCodon.part_lcl__NC_007361.1_cds_YP_308668.1_8,NA,neuraminidase,102,negative,0,1.183,-,0,"K:K:23,K:R:1,K:N:2",1,0.667,K,"K:4031,?:13,R:1,N:2"
GCF_000864105.1_noTerminalStopCodon.part_lcl__NC_007361.1_cds_YP_308668.1_8,NA,neuraminidase,103,negative,0,0.55,-,0,"D:D:15,D:G:1,D:I:1",1,0.667,D,"D:4033,G:1,?:12,I:1"
GCF_000864105.1_noTerminalStopCodon.part_lcl__NC_007361.1_cds_YP_308668.1_8,NA,neuraminidase,104,negative,0,1.436,-,0,"N:N:27,D:N:1,N:S:1",1,0.667,N,"N:4032,D:1,?:13,S:1"
GCF_000864105.1_noTerminalStopCodon.part_lcl__NC_007361.1_cds_YP_308668.1_8,NA,neuraminidase,105,negative,0.338,1.331,-,0.001,"G:S:18,D:G:1,G:G:14,A:G:1,I:S:1,N:S:7,S:S:8,C:G:1",1,0.153,G,"G:2928,S:1065,?:13,D:1,A:1,I:1,N:37,C:1"
GCF_000864105.1_noTerminalStopCodon.part_lcl__NC_007361.1_cds_YP_308668.1_8,NA,neuraminidase,106,negative,0.174,0.927,-,0.007,"I:V:9,I:M:2,I:I:10,I:L:2,I:K:1,I:T:2",1,0.099,I,"I:3950,V:67,?:14,M:2,L:2,K:10,T:2"
GCF_000864105.1_noTerminalStopCodon.part_lcl__NC_007361.1_cds_YP_308668.1_8,NA,neuraminidase,107,negative,0,1.438,-,0,R:R:28,1,0.667,R,"R:4035,?:12"
GCF_000864105.1_noTerminalStopCodon.part_lcl__NC_007361.1_cds_YP_308668.1_8,NA,neuraminidase,108,negative,0.041,0.821,-,0,"I:L:1,I:I:14,I:V:6,I:M:1,I:T:1",1,0.667,I,"I:4022,L:1,V:9,M:1,?:13,T:1"
GCF_000864105.1_noTerminalStopCodon.part_lcl__NC_007361.1_cds_YP_308668.1_8,NA,neuraminidase,109,negative,0,1.413,-,0,"G:G:30,G:V:1",1,0.667,G,"G:4033,V:1,?:13"
GCF_000864105.1_noTerminalStopCodon.part_lcl__NC_007361.1_cds_YP_308668.1_8,NA,neuraminidase,110,negative,0,0.817,-,0,"S:S:23,F:S:3,E:S:1,S:T:1",1,0.667,S,"S:4029,F:3,E:1,?:13,T:1"
GCF_000864105.1_noTerminalStopCodon.part_lcl__NC_007361.1_cds_YP_308668.1_8,NA,neuraminidase,111,negative,0.208,2.502,-,0,"K:K:39,K:R:13,R:R:5,D:R:1,?:K:1,K:N:1",1,0.667,K,"K:3825,R:208,D:1,?:12,N:1"
GCF_000864105.1_noTerminalStopCodon.part_lcl__NC_007361.1_cds_YP_308668.1_8,NA,neuraminidase,112,negative,0,0.554,-,0,"G:G:12,A:G:1,E:G:1,G:R:2,G:V:1",1,0.667,G,"G:4028,A:1,E:1,?:14,R:2,V:1"
GCF_000864105.1_noTerminalStopCodon.part_lcl__NC_007361.1_cds_YP_308668.1_8,NA,neuraminidase,113,negative,0.037,0.279,-,0.042,"D:D:4,D:E:1,D:H:1,D:N:1",1,0.667,D,"D:4026,E:1,H:5,?:14,N:1"
GCF_000864105.1_noTerminalStopCodon.part_lcl__NC_007361.1_cds_YP_308668.1_8,NA,neuraminidase,114,negative,0.04,0.866,-,0,"V:V:21,I:V:1,I:I:1,E:V:1",1,0.667,V,"V:4026,I:5,?:15,E:1"
GCF_000864105.1_noTerminalStopCodon.part_lcl__NC_007361.1_cds_YP_308668.1_8,NA,neuraminidase,115,negative,0,0.584,-,0,"F:F:7,F:L:2,F:P:1",1,0.667,F,"F:4030,L:2,?:14,P:1"
GCF_000864105.1_noTerminalStopCodon.part_lcl__NC_007361.1_cds_YP_308668.1_8,NA,neuraminidase,116,negative,0.126,0.671,-,0.005,"V:V:17,I:V:14,A:V:4,F:V:1,G:V:1",1,0.22,V,"V:3993,I:33,A:5,F:1,?:14,G:1"
GCF_000864105.1_noTerminalStopCodon.part_lcl__NC_007361.1_cds_YP_308668.1_8,NA,neuraminidase,117,negative,0.152,0.592,-,0.034,"I:V:6,I:L:4,I:M:8,I:I:10,I:T:2,?:I:1",1,0.179,I,"I:4003,V:7,L:9,M:11,T:2,?:15"
GCF_000864105.1_noTerminalStopCodon.part_lcl__NC_007361.1_cds_YP_308668.1_8,NA,neuraminidase,118,negative,0,0.857,-,0,"G:R:1,R:R:18",1,0.667,R,"R:4031,G:1,?:15"
GCF_000864105.1_noTerminalStopCodon.part_lcl__NC_007361.1_cds_YP_308668.1_8,NA,neuraminidase,119,negative,0,1.273,-,0,"E:E:25,E:Q:1",1,0.667,E,"E:4031,?:15,Q:1"
GCF_000864105.1_noTerminalStopCodon.part_lcl__NC_007361.1_cds_YP_308668.1_8,NA,neuraminidase,120,negative,0,2.263,-,0,"A:P:1,P:P:50,P:Q:1,L:P:1,P:T:1",1,0.667,P,"P:4027,A:1,Q:1,L:1,T:1,?:16"
GCF_000864105.1_noTerminalStopCodon.part_lcl__NC_007361.1_cds_YP_308668.1_8,NA,neuraminidase,121,negative,0,0.236,-,0.01,"F:S:1,F:F:6,F:Y:1,F:P:1",1,0.667,F,"F:4029,S:1,Y:1,?:15,P:1"
GCF_000864105.1_noTerminalStopCodon.part_lcl__NC_007361.1_cds_YP_308668.1_8,NA,neuraminidase,122,negative,0.085,0.973,-,0,"I:I:21,I:V:6,I:T:2,I:L:1",1,0.667,I,"I:4014,V:14,T:2,L:1,?:16"
GCF_000864105.1_noTerminalStopCodon.part_lcl__NC_007361.1_cds_YP_308668.1_8,NA,neuraminidase,123,negative,0,0.665,-,0,"S:S:16,P:S:2",1,0.667,S,"S:4030,?:15,P:2"
GCF_000864105.1_noTerminalStopCodon.part_lcl__NC_007361.1_cds_YP_308668.1_8,NA,neuraminidase,124,negative,0,0.659,-,0,C:C:13,1,0.667,C,"C:4033,?:14"
GCF_000864105.1_noTerminalStopCodon.part_lcl__NC_007361.1_cds_YP_308668.1_8,NA,neuraminidase,125,negative,0,1.189,-,0,"S:S:28,D:S:1,P:S:1",1,0.667,S,"S:4032,D:1,P:1,?:13"
GCF_000864105.1_noTerminalStopCodon.part_lcl__NC_007361.1_cds_YP_308668.1_8,NA,neuraminidase,126,negative,0.154,1.205,-,0,"H:H:21,H:Q:8,H:N:8,H:I:1,H:P:1,P:P:1",1,0.667,H,"H:4000,Q:9,N:19,I:1,P:5,?:13"
GCF_000864105.1_noTerminalStopCodon.part_lcl__NC_007361.1_cds_YP_308668.1_8,NA,neuraminidase,127,neutral,0.65,1.085,-,0.228,"L:L:28,L:V:3,L:S:5,L:M:4,L:Q:1",1,0.667,L,"L:3958,V:6,S:10,M:64,Q:1,?:8"
GCF_000864105.1_noTerminalStopCodon.part_lcl__NC_007361.1_cds_YP_308668.1_8,NA,neuraminidase,128,negative,0,0.967,-,0,"E:G:3,E:E:15,E:S:1,D:E:2",1,0.667,E,"E:4032,?:9,G:3,S:1,D:2"
GCF_000864105.1_noTerminalStopCodon.part_lcl__NC_007361.1_cds_YP_308668.1_8,NA,neuraminidase,129,negative,0,0.571,-,0,C:C:14,1,0.667,C,"C:4040,?:7"
GCF_000864105.1_noTerminalStopCodon.part_lcl__NC_007361.1_cds_YP_308668.1_8,NA,neuraminidase,130,negative,0,1.02,-,0,"R:R:20,K:R:1",1,0.667,R,"R:4038,K:1,?:8"
GCF_000864105.1_noTerminalStopCodon.part_lcl__NC_007361.1_cds_YP_308668.1_8,NA,neuraminidase,131,negative,0.042,1.351,-,0,"T:T:28,I:T:3,M:T:1,S:T:1",1,0.464,T,"T:4032,I:4,M:1,?:9,S:1"
GCF_000864105.1_noTerminalStopCodon.part_lcl__NC_007361.1_cds_YP_308668.1_8,NA,neuraminidase,132,negative,0,0.595,-,0,"F:F:11,F:L:2,F:Y:1,F:I:1",1,0.667,F,"F:4036,L:2,Y:1,I:1,?:7"
GCF_000864105.1_noTerminalStopCodon.part_lcl__NC_007361.1_cds_YP_308668.1_8,NA,neuraminidase,133,negative,0.102,1.918,-,0,"F:F:28,A:F:1,F:L:6,F:S:1,F:P:1",1,0.431,F,"F:4028,A:1,L:9,S:2,P:1,?:6"
GCF_000864105.1_noTerminalStopCodon.part_lcl__NC_007361.1_cds_YP_308668.1_8,NA,neuraminidase,134,negative,0,1.352,-,0,"L:L:44,L:M:2,I:L:1,L:P:1",1,0.667,L,"L:4037,M:2,I:1,P:1,?:6"
GCF_000864105.1_noTerminalStopCodon.part_lcl__NC_007361.1_cds_YP_308668.1_8,NA,neuraminidase,135,negative,0,1.012,-,0,"T:T:23,S:T:1,A:T:4",1,0.667,T,"T:4036,S:1,A:4,?:6"
GCF_000864105.1_noTerminalStopCodon.part_lcl__NC_007361.1_cds_YP_308668.1_8,NA,neuraminidase,136,negative,0.259,0.877,-,0.014,"Q:Q:16,H:Q:12",1,0.422,Q,"Q:4015,H:25,?:7"
GCF_000864105.1_noTerminalStopCodon.part_lcl__NC_007361.1_cds_YP_308668.1_8,NA,neuraminidase,137,negative,0,1.075,-,0,G:G:25,1,0.667,G,"G:4041,?:6"
GCF_000864105.1_noTerminalStopCodon.part_lcl__NC_007361.1_cds_YP_308668.1_8,NA,neuraminidase,138,negative,0.118,1.511,-,0,"A:A:31,A:T:9,A:S:1,S:S:1,A:V:2",1,0.267,A,"A:4017,?:8,T:16,S:4,V:2"
GCF_000864105.1_noTerminalStopCodon.part_lcl__NC_007361.1_cds_YP_308668.1_8,NA,neuraminidase,139,negative,0,1.585,-,0,"L:L:45,L:M:1,L:T:1,L:P:1",1,0.667,L,"L:4038,M:1,T:1,P:1,?:6"
GCF_000864105.1_noTerminalStopCodon.part_lcl__NC_007361.1_cds_YP_308668.1_8,NA,neuraminidase,140,negative,0.063,1.048,-,0,"L:L:41,L:M:3,I:M:1,F:L:1,L:V:1,L:P:1",1,0.324,L,"L:4013,M:24,I:1,F:1,V:1,P:1,?:6"
GCF_000864105.1_noTerminalStopCodon.part_lcl__NC_007361.1_cds_YP_308668.1_8,NA,neuraminidase,141,negative,0,0.628,-,0,"N:N:8,D:N:3,N:S:3,N:R:1,K:N:2",1,0.667,N,"N:4031,D:3,S:3,R:1,K:2,?:7"
GCF_000864105.1_noTerminalStopCodon.part_lcl__NC_007361.1_cds_YP_308668.1_8,NA,neuraminidase,142,negative,0.033,0.885,-,0,"D:D:19,D:N:1,D:G:3",1,0.667,D,"D:4034,?:8,N:2,G:3"
GCF_000864105.1_noTerminalStopCodon.part_lcl__NC_007361.1_cds_YP_308668.1_8,NA,neuraminidase,143,negative,0.076,1.316,-,0,"K:R:6,K:K:21,K:N:5,E:K:2",1,0.463,K,"K:4023,R:6,N:9,E:2,?:7"
GCF_000864105.1_noTerminalStopCodon.part_lcl__NC_007361.1_cds_YP_308668.1_8,NA,neuraminidase,144,negative,0.033,1.321,-,0,"H:H:22,H:Q:2",1,0.46,H,"H:4034,Q:5,?:8"
GCF_000864105.1_noTerminalStopCodon.part_lcl__NC_007361.1_cds_YP_308668.1_8,NA,neuraminidase,145,negative,0,0.819,-,0,"S:Y:1,S:S:20,A:S:1,P:S:1",1,0.667,S,"S:4036,Y:1,A:1,?:8,P:1"
GCF_000864105.1_noTerminalStopCodon.part_lcl__NC_007361.1_cds_YP_308668.1_8,NA,neuraminidase,146,negative,0,1.928,-,0,"N:N:28,K:N:1,N:S:2",1,0.667,N,"N:4036,K:1,?:8,S:2"
GCF_000864105.1_noTerminalStopCodon.part_lcl__NC_007361.1_cds_YP_308668.1_8,NA,neuraminidase,147,negative,0.113,1.19,-,0,"G:G:31,E:G:9,G:R:6,A:G:1",1,0.511,G,"G:4019,E:11,R:9,A:1,?:7"
GCF_000864105.1_noTerminalStopCodon.part_lcl__NC_007361.1_cds_YP_308668.1_8,NA,neuraminidase,148,negative,0,1.359,-,0,"T:T:30,N:T:1,S:T:1",1,0.667,T,"T:4038,N:1,S:1,?:7"
GCF_000864105.1_noTerminalStopCodon.part_lcl__NC_007361.1_cds_YP_308668.1_8,NA,neuraminidase,149,neutral,0.435,0.68,-,0.308,"V:V:16,F:V:3,I:V:15,G:V:1,F:L:1,A:V:7",1,0.091,V,"V:3950,F:5,I:41,G:1,L:2,A:41,?:7"
GCF_000864105.1_noTerminalStopCodon.part_lcl__NC_007361.1_cds_YP_308668.1_8,NA,neuraminidase,150,negative,0.252,1.18,-,0.001,"K:K:20,E:K:7,K:N:3,H:K:1,K:R:4,K:M:1",1,0.187,K,"K:4011,E:15,N:4,H:1,R:7,?:8,M:1"
GCF_000864105.1_noTerminalStopCodon.part_lcl__NC_007361.1_cds_YP_308668.1_8,NA,neuraminidase,151,negative,0,1.05,-,0,D:D:18,1,0.667,D,"D:4039,?:8"
GCF_000864105.1_noTerminalStopCodon.part_lcl__NC_007361.1_cds_YP_308668.1_8,NA,neuraminidase,152,negative,0,1.221,-,0,R:R:22,1,0.667,R,"R:4040,?:7"
GCF_000864105.1_noTerminalStopCodon.part_lcl__NC_007361.1_cds_YP_308668.1_8,NA,neuraminidase,153,negative,0,0.829,-,0,"S:S:18,G:S:1",1,0.667,S,"S:4039,G:1,?:7"
GCF_000864105.1_noTerminalStopCodon.part_lcl__NC_007361.1_cds_YP_308668.1_8,NA,neuraminidase,154,negative,0,1.716,-,0,"P:P:33,P:S:4",1,0.667,P,"P:4035,S:4,?:8"
GCF_000864105.1_noTerminalStopCodon.part_lcl__NC_007361.1_cds_YP_308668.1_8,NA,neuraminidase,155,negative,0.232,0.857,-,0.009,"F:Y:2,H:Y:14,Y:Y:6,F:F:3,H:H:6,H:L:1",1,0.667,Y,"Y:2922,F:8,H:1109,L:1,?:7"
GCF_000864105.1_noTerminalStopCodon.part_lcl__NC_007361.1_cds_YP_308668.1_8,NA,neuraminidase,156,negative,0,1.544,-,0,"R:R:26,G:R:1",1,0.667,R,"R:4039,G:1,?:7"
GCF_000864105.1_noTerminalStopCodon.part_lcl__NC_007361.1_cds_YP_308668.1_8,NA,neuraminidase,157,negative,0.138,0.932,-,0,"T:T:20,A:T:6",1,0.421,T,"T:4025,?:9,A:13"
GCF_000864105.1_noTerminalStopCodon.part_lcl__NC_007361.1_cds_YP_308668.1_8,NA,neuraminidase,158,negative,0,1.654,-,0,"L:L:47,F:L:1",1,0.667,L,"L:4040,?:6,F:1"
GCF_000864105.1_noTerminalStopCodon.part_lcl__NC_007361.1_cds_YP_308668.1_8,NA,neuraminidase,159,neutral,0,0,-,1,"M:V:2,K:M:1,I:M:1,L:M:1",1,0.667,M,"M:4035,V:2,K:1,I:1,?:7,L:1"
GCF_000864105.1_noTerminalStopCodon.part_lcl__NC_007361.1_cds_YP_308668.1_8,NA,neuraminidase,160,negative,0,0.859,-,0,"S:S:13,R:S:1",1,0.667,S,"S:4040,R:1,?:6"
GCF_000864105.1_noTerminalStopCodon.part_lcl__NC_007361.1_cds_YP_308668.1_8,NA,neuraminidase,161,negative,0.102,1.669,-,0,"C:C:24,C:S:3,C:V:1,C:W:1,C:G:2",1,0.616,C,"C:4031,S:3,V:4,W:1,G:2,?:6"
GCF_000864105.1_noTerminalStopCodon.part_lcl__NC_007361.1_cds_YP_308668.1_8,NA,neuraminidase,162,negative,0.139,1.713,-,0,"P:P:34,P:S:5,L:P:3,E:P:1,P:R:1",1,0.393,P,"P:4019,S:5,L:12,E:5,?:5,R:1"
GCF_000864105.1_noTerminalStopCodon.part_lcl__NC_007361.1_cds_YP_308668.1_8,NA,neuraminidase,163,neutral,0.782,1.028,-,0.433,"V:V:20,M:V:24,L:V:5,A:V:2,I:V:4,I:M:4,I:L:1,I:I:1,I:T:2",1,0.113,V,"V:3698,M:71,L:7,A:3,I:246,T:15,?:7"
GCF_000864105.1_noTerminalStopCodon.part_lcl__NC_007361.1_cds_YP_308668.1_8,NA,neuraminidase,164,negative,0,0.753,-,0,"G:G:14,D:G:1,G:S:2,G:R:1,A:G:1",1,0.667,G,"G:4037,D:1,S:2,R:1,A:1,?:5"
GCF_000864105.1_noTerminalStopCodon.part_lcl__NC_007361.1_cds_YP_308668.1_8,NA,neuraminidase,165,negative,0.135,0.863,-,0.001,"E:E:14,E:Q:1,Q:V:1,E:V:3",0.2101348695040544,0.559,E,"E:4029,V:8,Q:5,?:5"
GCF_000864105.1_noTerminalStopCodon.part_lcl__NC_007361.1_cds_YP_308668.1_8,NA,neuraminidase,166,negative,0.169,1.032,-,0,"A:A:19,A:V:8,A:T:4,A:S:3,A:L:1",1,0.667,A,"A:3981,V:50,T:4,S:7,?:4,L:1"
GCF_000864105.1_noTerminalStopCodon.part_lcl__NC_007361.1_cds_YP_308668.1_8,NA,neuraminidase,167,negative,0.039,1.191,-,0,"P:P:27,P:R:1,P:T:1,L:P:1",1,0.667,P,"P:4037,R:2,T:1,?:6,L:1"
GCF_000864105.1_noTerminalStopCodon.part_lcl__NC_007361.1_cds_YP_308668.1_8,NA,neuraminidase,168,negative,0.119,1.993,-,0,"S:S:47,N:S:2,S:T:1,F:S:1,P:S:1",1,0.626,S,"S:4035,N:4,T:1,F:1,?:5,P:1"
GCF_000864105.1_noTerminalStopCodon.part_lcl__NC_007361.1_cds_YP_308668.1_8,NA,neuraminidase,169,negative,0.087,1.136,-,0,"P:P:25,L:P:2,P:V:1,P:T:1",1,0.667,P,"P:4035,L:2,V:4,?:5,T:1"
GCF_000864105.1_noTerminalStopCodon.part_lcl__NC_007361.1_cds_YP_308668.1_8,NA,neuraminidase,170,negative,0,1.84,-,0,"Y:Y:30,C:Y:2,S:Y:2,H:Y:1",1,0.667,Y,"Y:4037,C:2,S:2,?:5,H:1"
GCF_000864105.1_noTerminalStopCodon.part_lcl__NC_007361.1_cds_YP_308668.1_8,NA,neuraminidase,171,negative,0.073,0.868,-,0,"N:N:14,N:S:2,N:Q:1",1,0.667,N,"N:4036,S:2,Q:4,?:5"
GCF_000864105.1_noTerminalStopCodon.part_lcl__NC_007361.1_cds_YP_308668.1_8,NA,neuraminidase,172,negative,0.082,0.718,-,0.008,"S:S:14,S:T:1,A:S:2,A:A:1,A:V:1,L:S:1",1,0.667,S,"S:4035,T:1,A:4,V:1,?:5,L:1"
GCF_000864105.1_noTerminalStopCodon.part_lcl__NC_007361.1_cds_YP_308668.1_8,NA,neuraminidase,173,negative,0.115,1.273,-,0,"K:R:9,R:R:26,I:R:1,R:S:1",1,0.312,R,"R:4024,K:15,I:1,?:6,S:1"
GCF_000864105.1_noTerminalStopCodon.part_lcl__NC_007361.1_cds_YP_308668.1_8,NA,neuraminidase,174,negative,0,0.4,-,0.002,"F:F:5,F:V:1,F:L:2",1,0.667,F,"F:4038,?:6,V:1,L:2"
GCF_000864105.1_noTerminalStopCodon.part_lcl__NC_007361.1_cds_YP_308668.1_8,NA,neuraminidase,175,negative,0,0.523,-,0,E:E:10,1,0.667,E,"E:4039,?:8"
GCF_000864105.1_noTerminalStopCodon.part_lcl__NC_007361.1_cds_YP_308668.1_8,NA,neuraminidase,176,negative,0.054,0.578,-,0.004,"S:S:11,A:S:1,C:S:1",1,0.667,S,"S:4036,A:3,?:7,C:1"
GCF_000864105.1_noTerminalStopCodon.part_lcl__NC_007361.1_cds_YP_308668.1_8,NA,neuraminidase,177,negative,0,0.678,-,0,"V:V:14,I:V:1",1,0.667,V,"V:4040,?:6,I:1"
GCF_000864105.1_noTerminalStopCodon.part_lcl__NC_007361.1_cds_YP_308668.1_8,NA,neuraminidase,178,negative,0,0.836,-,0,"A:A:15,A:G:2,A:T:1,A:V:1",1,0.667,A,"A:4037,?:6,G:2,T:1,V:1"
GCF_000864105.1_noTerminalStopCodon.part_lcl__NC_007361.1_cds_YP_308668.1_8,NA,neuraminidase,179,neutral,0,0,-,1,V:W:1,1,0.667,W,"W:4041,?:5,V:1"
GCF_000864105.1_noTerminalStopCodon.part_lcl__NC_007361.1_cds_YP_308668.1_8,NA,neuraminidase,180,negative,0,1.179,-,0,"S:S:28,S:W:1",1,0.667,S,"S:4040,?:6,W:1"
GCF_000864105.1_noTerminalStopCodon.part_lcl__NC_007361.1_cds_YP_308668.1_8,NA,neuraminidase,181,negative,0,0.734,-,0,"A:A:17,A:S:1,A:M:1",1,0.667,A,"A:4040,S:1,?:5,M:1"
GCF_000864105.1_noTerminalStopCodon.part_lcl__NC_007361.1_cds_YP_308668.1_8,NA,neuraminidase,182,negative,0.041,0.82,-,0,"S:T:1,T:T:2,R:S:2,S:S:9,H:S:1",1,0.667,S,"S:4034,T:6,R:2,?:4,H:1"
GCF_000864105.1_noTerminalStopCodon.part_lcl__NC_007361.1_cds_YP_308668.1_8,NA,neuraminidase,183,negative,0,0.651,-,0,"A:A:13,A:S:2",1,0.667,A,"A:4041,S:2,?:4"
GCF_000864105.1_noTerminalStopCodon.part_lcl__NC_007361.1_cds_YP_308668.1_8,NA,neuraminidase,184,negative,0,0.786,-,0,"C:C:15,C:V:1",1,0.667,C,"C:4041,?:5,V:1"
GCF_000864105.1_noTerminalStopCodon.part_lcl__NC_007361.1_cds_YP_308668.1_8,NA,neuraminidase,185,negative,0,0.747,-,0,"H:H:9,H:S:1,D:H:1",1,0.667,H,"H:4041,S:1,?:4,D:1"
GCF_000864105.1_noTerminalStopCodon.part_lcl__NC_007361.1_cds_YP_308668.1_8,NA,neuraminidase,186,negative,0,0.821,-,0,"D:D:11,D:N:1",1,0.667,D,"D:4044,?:2,N:1"
GCF_000864105.1_noTerminalStopCodon.part_lcl__NC_007361.1_cds_YP_308668.1_8,NA,neuraminidase,187,negative,0,0.682,-,0,"G:G:21,D:G:1",1,0.667,G,"G:4044,?:2,D:1"
GCF_000864105.1_noTerminalStopCodon.part_lcl__NC_007361.1_cds_YP_308668.1_8,NA,neuraminidase,188,neutral,0.708,0.541,-,0.511,"F:I:3,I:T:16,I:I:8,I:N:2,I:P:1,I:K:1,T:T:5,A:T:3,S:T:3,N:T:2,I:V:2,I:L:1",1,0.349,I,"I:2900,F:6,T:1107,N:16,P:1,K:4,A:3,S:5,?:2,V:2,L:1"
GCF_000864105.1_noTerminalStopCodon.part_lcl__NC_007361.1_cds_YP_308668.1_8,NA,neuraminidase,189,negative,0.247,0.815,-,0.021,"G:S:6,N:S:11,S:S:11,K:S:1,C:S:2,R:S:1",1,0.667,S,"S:3989,G:7,N:42,K:4,C:2,R:1,?:2"
GCF_000864105.1_noTerminalStopCodon.part_lcl__NC_007361.1_cds_YP_308668.1_8,NA,neuraminidase,190,negative,0,50.352,-,0.007,R:W:2,1,0.667,W,"W:4042,R:2,?:3"
GCF_000864105.1_noTerminalStopCodon.part_lcl__NC_007361.1_cds_YP_308668.1_8,NA,neuraminidase,191,negative,0.058,1.097,-,0,"L:L:30,L:M:1",1,0.667,L,"L:4038,M:5,?:4"
GCF_000864105.1_noTerminalStopCodon.part_lcl__NC_007361.1_cds_YP_308668.1_8,NA,neuraminidase,192,neutral,0.225,0.423,-,0.258,"T:T:12,S:T:1,I:T:6,I:V:3",1,0.215,T,"T:3860,S:1,I:176,V:7,?:3"
GCF_000864105.1_noTerminalStopCodon.part_lcl__NC_007361.1_cds_YP_308668.1_8,NA,neuraminidase,193,negative,0,0.793,-,0,"I:I:14,I:V:4,I:L:2,I:M:4",1,0.667,I,"I:4031,V:4,L:2,M:4,?:6"
GCF_000864105.1_noTerminalStopCodon.part_lcl__NC_007361.1_cds_YP_308668.1_8,NA,neuraminidase,194,negative,0,1.374,-,0,"G:G:27,C:G:1,G:S:1",1,0.667,G,"G:4041,C:1,?:4,S:1"
GCF_000864105.1_noTerminalStopCodon.part_lcl__NC_007361.1_cds_YP_308668.1_8,NA,neuraminidase,195,negative,0.178,1.119,-,0,"I:I:16,I:V:10,I:M:1",1,0.667,I,"I:4012,V:31,M:1,?:3"
GCF_000864105.1_noTerminalStopCodon.part_lcl__NC_007361.1_cds_YP_308668.1_8,NA,neuraminidase,196,negative,0.055,0.976,-,0,"S:S:19,S:T:3",1,0.667,S,"S:4038,T:6,?:3"
GCF_000864105.1_noTerminalStopCodon.part_lcl__NC_007361.1_cds_YP_308668.1_8,NA,neuraminidase,197,negative,0,1.401,-,0,G:G:29,1,0.667,G,"G:4044,?:3"
GCF_000864105.1_noTerminalStopCodon.part_lcl__NC_007361.1_cds_YP_308668.1_8,NA,neuraminidase,198,negative,0.039,0.436,-,0.002,"P:S:4,L:P:1,P:P:12,A:P:1",1,0.213,P,"P:4037,S:5,L:1,A:1,?:3"
GCF_000864105.1_noTerminalStopCodon.part_lcl__NC_007361.1_cds_YP_308668.1_8,NA,neuraminidase,199,negative,0.032,0.633,-,0,"D:E:1,D:D:14,D:N:3,D:Y:1,D:G:1,D:H:1",1,0.386,D,"D:4037,E:2,N:3,Y:1,G:1,H:1,?:2"
GCF_000864105.1_noTerminalStopCodon.part_lcl__NC_007361.1_cds_YP_308668.1_8,NA,neuraminidase,200,negative,0.311,1.109,-,0.005,"N:S:12,N:N:15,D:N:6",1,0.445,N,"N:3976,S:61,D:7,?:3"
GCF_000864105.1_noTerminalStopCodon.part_lcl__NC_007361.1_cds_YP_308668.1_8,NA,neuraminidase,201,negative,0.341,0.894,-,0.022,"G:G:19,E:G:16,G:M:1,G:K:1,K:T:1,K:N:1,A:G:1,G:R:2",1,0.667,G,"G:3992,E:41,M:1,T:1,K:4,N:1,A:1,?:3,R:3"
GCF_000864105.1_noTerminalStopCodon.part_lcl__NC_007361.1_cds_YP_308668.1_8,NA,neuraminidase,202,negative,0,1.51,-,0,"A:A:29,A:G:1",1,0.667,A,"A:4044,G:1,?:2"
GCF_000864105.1_noTerminalStopCodon.part_lcl__NC_007361.1_cds_YP_308668.1_8,NA,neuraminidase,203,negative,0,0.974,-,0,"V:V:23,S:V:1,M:V:2",1,0.667,V,"V:4041,S:1,M:2,?:3"
GCF_000864105.1_noTerminalStopCodon.part_lcl__NC_007361.1_cds_YP_308668.1_8,NA,neuraminidase,204,negative,0,0.977,-,0,"A:A:19,A:G:2,A:D:1,A:T:1",1,0.667,A,"A:4040,G:2,D:1,T:1,?:3"
GCF_000864105.1_noTerminalStopCodon.part_lcl__NC_007361.1_cds_YP_308668.1_8,NA,neuraminidase,205,negative,0.04,1.329,-,0,"V:V:32,I:V:2,A:V:1",1,0.519,V,"V:4041,I:3,?:2,A:1"
GCF_000864105.1_noTerminalStopCodon.part_lcl__NC_007361.1_cds_YP_308668.1_8,NA,neuraminidase,206,negative,0.269,0.963,-,0.009,"L:L:23,L:V:3,I:V:1,V:V:2",1,0.667,L,"L:4019,I:1,V:25,?:2"
GCF_000864105.1_noTerminalStopCodon.part_lcl__NC_007361.1_cds_YP_308668.1_8,NA,neuraminidase,207,negative,0.078,1.369,-,0,"K:K:21,H:K:1,K:W:1,K:R:4",1,0.667,K,"K:4036,H:4,W:1,R:4,?:2"
GCF_000864105.1_noTerminalStopCodon.part_lcl__NC_007361.1_cds_YP_308668.1_8,NA,neuraminidase,208,negative,0,0.312,-,0.003,"Y:Y:11,C:Y:1",1,0.667,Y,"Y:4044,?:2,C:1"
GCF_000864105.1_noTerminalStopCodon.part_lcl__NC_007361.1_cds_YP_308668.1_8,NA,neuraminidase,209,negative,0.153,1.086,-,0,"N:N:12,G:N:1,G:G:2,K:N:2,D:N:3,N:S:2",1,0.667,N,"N:4015,G:5,K:15,D:8,S:2,?:2"
GCF_000864105.1_noTerminalStopCodon.part_lcl__NC_007361.1_cds_YP_308668.1_8,NA,neuraminidase,210,negative,0.072,0.682,-,0,"D:G:4,G:S:6,G:G:17",1,0.207,G,"G:4030,D:4,S:10,?:3"
GCF_000864105.1_noTerminalStopCodon.part_lcl__NC_007361.1_cds_YP_308668.1_8,NA,neuraminidase,211,negative,0.15,0.847,-,0.009,"I:I:7,I:M:5,I:V:4,I:R:1,I:L:2",1,0.667,I,"I:4013,M:13,V:7,R:1,L:11,?:2"
GCF_000864105.1_noTerminalStopCodon.part_lcl__NC_007361.1_cds_YP_308668.1_8,NA,neuraminidase,212,negative,0.069,0.647,-,0.004,"I:I:5,I:P:1,P:P:1,I:V:1",1,0.55,I,"I:4039,P:5,V:1,?:2"
GCF_000864105.1_noTerminalStopCodon.part_lcl__NC_007361.1_cds_YP_308668.1_8,NA,neuraminidase,213,negative,0,1.104,-,0,"M:T:7,T:T:25,T:V:1,A:T:2,I:T:1,K:T:1",1,0.667,T,"T:4031,M:7,V:1,A:2,I:1,?:4,K:1"
GCF_000864105.1_noTerminalStopCodon.part_lcl__NC_007361.1_cds_YP_308668.1_8,NA,neuraminidase,214,negative,0,0.854,-,0,"D:G:2,D:D:15,D:T:1,D:Y:1",1,0.667,D,"D:4041,G:2,T:1,Y:1,?:2"
GCF_000864105.1_noTerminalStopCodon.part_lcl__NC_007361.1_cds_YP_308668.1_8,NA,neuraminidase,215,negative,0.126,1.342,-,0,"T:T:26,S:T:2,T:V:1,E:T:1,I:T:2",1,0.667,T,"T:4034,S:2,V:4,E:1,I:4,?:2"
GCF_000864105.1_noTerminalStopCodon.part_lcl__NC_007361.1_cds_YP_308668.1_8,NA,neuraminidase,216,negative,0.087,0.684,-,0.001,"I:I:17,I:V:9,I:L:1",1,0.667,I,"I:4030,V:14,L:1,?:2"
GCF_000864105.1_noTerminalStopCodon.part_lcl__NC_007361.1_cds_YP_308668.1_8,NA,neuraminidase,217,negative,0.038,1.035,-,0,"K:R:6,K:K:19,K:N:2,N:N:1,K:P:1,K:Q:1,E:K:1,K:T:1",1,0.667,K,"K:4030,R:6,N:5,P:1,Q:1,E:1,T:1,?:2"
GCF_000864105.1_noTerminalStopCodon.part_lcl__NC_007361.1_cds_YP_308668.1_8,NA,neuraminidase,218,negative,0.171,0.603,-,0.032,"S:S:11,S:T:2,G:S:1,N:S:1",1,0.156,S,"S:4039,T:3,G:2,N:1,?:2"
GCF_000864105.1_noTerminalStopCodon.part_lcl__NC_007361.1_cds_YP_308668.1_8,NA,neuraminidase,219,neutral,0,0.223,-,1,NA,1,0.667,W,"W:4045,?:2"
GCF_000864105.1_noTerminalStopCodon.part_lcl__NC_007361.1_cds_YP_308668.1_8,NA,neuraminidase,220,negative,0.359,1.095,-,0.005,"K:R:12,R:R:17,G:R:9,A:K:1,A:A:2,M:R:1,G:G:4,E:G:1,I:R:1",1,0.667,R,"R:3798,K:13,G:225,A:5,M:2,E:1,?:2,I:1"
GCF_000864105.1_noTerminalStopCodon.part_lcl__NC_007361.1_cds_YP_308668.1_8,NA,neuraminidase,221,negative,0.276,0.895,-,0.01,"D:N:7,H:N:1,N:N:15,N:S:5,I:S:1,R:S:1,S:S:1,G:S:2,G:N:1,G:G:3,K:N:3",1,0.667,N,"N:3846,D:7,H:1,S:176,I:1,R:1,G:10,K:3,?:2"
GCF_000864105.1_noTerminalStopCodon.part_lcl__NC_007361.1_cds_YP_308668.1_8,NA,neuraminidase,222,negative,0.221,0.989,-,0.001,"N:N:19,K:N:3,D:N:7,N:S:9,N:Y:1",1,0.667,N,"N:4011,K:10,D:10,S:13,?:2,Y:1"
GCF_000864105.1_noTerminalStopCodon.part_lcl__NC_007361.1_cds_YP_308668.1_8,NA,neuraminidase,223,neutral,0.151,0.553,-,0.057,"I:I:6,I:Q:1,I:L:3,I:V:4,I:M:2,I:T:6,I:S:1",1,0.231,I,"I:4024,Q:1,L:5,V:4,M:3,T:8,S:1,?:1"
GCF_000864105.1_noTerminalStopCodon.part_lcl__NC_007361.1_cds_YP_308668.1_8,NA,neuraminidase,224,negative,0.311,0.901,-,0.038,"L:L:29,L:M:8",1,0.366,L,"L:3988,M:57,?:2"
GCF_000864105.1_noTerminalStopCodon.part_lcl__NC_007361.1_cds_YP_308668.1_8,NA,neuraminidase,225,negative,0,1.06,-,0,R:R:20,1,0.667,R,"R:4046,?:1"
GCF_000864105.1_noTerminalStopCodon.part_lcl__NC_007361.1_cds_YP_308668.1_8,NA,neuraminidase,226,negative,0,1.062,-,0,"T:T:21,A:T:3",1,0.667,T,"T:4043,A:3,?:1"
GCF_000864105.1_noTerminalStopCodon.part_lcl__NC_007361.1_cds_YP_308668.1_8,NA,neuraminidase,227,negative,0,0.463,-,0,Q:Q:10,1,0.667,Q,"Q:4045,?:2"
GCF_000864105.1_noTerminalStopCodon.part_lcl__NC_007361.1_cds_YP_308668.1_8,NA,neuraminidase,228,negative,0,1.466,-,0,"E:E:27,E:K:1",1,0.667,E,"E:4045,K:1,?:1"
GCF_000864105.1_noTerminalStopCodon.part_lcl__NC_007361.1_cds_YP_308668.1_8,NA,neuraminidase,229,negative,0,0.631,-,0,S:S:13,1,0.667,S,"S:4045,?:2"
GCF_000864105.1_noTerminalStopCodon.part_lcl__NC_007361.1_cds_YP_308668.1_8,NA,neuraminidase,230,negative,0.076,0.782,-,0,"E:E:11,E:S:1",1,0.198,E,"E:4041,S:4,?:2"
GCF_000864105.1_noTerminalStopCodon.part_lcl__NC_007361.1_cds_YP_308668.1_8,NA,neuraminidase,231,negative,0,0.194,-,0.022,C:C:3,1,0.667,C,"C:4046,?:1"
GCF_000864105.1_noTerminalStopCodon.part_lcl__NC_007361.1_cds_YP_308668.1_8,NA,neuraminidase,232,neutral,0.461,0.963,-,0.057,"A:A:21,A:S:2,A:V:23,A:T:8",1,0.667,A,"A:3963,S:2,V:57,T:23,?:2"
GCF_000864105.1_noTerminalStopCodon.part_lcl__NC_007361.1_cds_YP_308668.1_8,NA,neuraminidase,233,negative,0,0.797,-,0,"C:C:14,C:G:1",1,0.667,C,"C:4041,G:1,?:5"
GCF_000864105.1_noTerminalStopCodon.part_lcl__NC_007361.1_cds_YP_308668.1_8,NA,neuraminidase,234,neutral,0.648,1.032,-,0.214,"A:V:5,L:V:6,I:V:17,V:V:20,I:I:2,I:Q:1,H:I:1,M:V:1",1,0.667,V,"A:6,V:3801,L:7,I:228,Q:1,H:1,M:2,?:1"
GCF_000864105.1_noTerminalStopCodon.part_lcl__NC_007361.1_cds_YP_308668.1_8,NA,neuraminidase,235,negative,0.173,0.958,-,0.001,"K:N:3,N:N:12,N:S:2,D:N:1,D:Q:1,K:Q:1,G:N:1",1,0.234,N,"N:4033,K:4,S:2,D:1,Q:4,G:2,?:1"
GCF_000864105.1_noTerminalStopCodon.part_lcl__NC_007361.1_cds_YP_308668.1_8,NA,neuraminidase,236,negative,0,1.172,-,0,"G:G:27,G:S:4,E:G:1",1,0.667,G,"G:4041,S:4,E:1,?:1"
GCF_000864105.1_noTerminalStopCodon.part_lcl__NC_007361.1_cds_YP_308668.1_8,NA,neuraminidase,237,negative,0.216,0.933,-,0.005,"S:S:15,S:Y:4,P:S:1,F:S:5,F:N:1,F:V:1,S:T:1,Y:Y:2",1,0.667,S,"S:3991,Y:43,P:1,F:5,N:4,V:1,T:1,?:1"
GCF_000864105.1_noTerminalStopCodon.part_lcl__NC_007361.1_cds_YP_308668.1_8,NA,neuraminidase,238,negative,0,0.713,-,0,"C:C:14,C:Y:1",1,0.667,C,"C:4043,Y:1,?:3"
GCF_000864105.1_noTerminalStopCodon.part_lcl__NC_007361.1_cds_YP_308668.1_8,NA,neuraminidase,239,negative,0.059,1.261,-,0,"F:F:18,F:Y:2,Y:Y:1,P:Y:1,C:F:1",1,0.667,F,"F:4038,Y:6,P:1,C:1,?:1"
GCF_000864105.1_noTerminalStopCodon.part_lcl__NC_007361.1_cds_YP_308668.1_8,NA,neuraminidase,240,negative,0.226,2.1,-,0,"T:T:40,T:W:1,V:W:1,A:T:7,A:V:1,I:T:1",1,0.583,T,"T:3894,W:4,V:2,A:145,I:1,?:1"
GCF_000864105.1_noTerminalStopCodon.part_lcl__NC_007361.1_cds_YP_308668.1_8,NA,neuraminidase,241,negative,0.244,1.13,-,0.001,"I:V:15,L:V:3,V:V:25,I:L:1,A:V:1",1,0.632,V,"V:3819,I:216,L:8,A:1,?:3"
GCF_000864105.1_noTerminalStopCodon.part_lcl__NC_007361.1_cds_YP_308668.1_8,NA,neuraminidase,242,neutral,0.029,16.622,-,0.252,"I:M:1,L:M:1,M:V:1",1,0.532,M,"M:4041,I:1,L:3,V:1,?:1"
GCF_000864105.1_noTerminalStopCodon.part_lcl__NC_007361.1_cds_YP_308668.1_8,NA,neuraminidase,243,negative,0,0.913,-,0,T:T:18,1,0.667,T,"T:4046,?:1"
GCF_000864105.1_noTerminalStopCodon.part_lcl__NC_007361.1_cds_YP_308668.1_8,NA,neuraminidase,244,negative,0,1.268,-,0,"D:N:1,D:D:17",1,0.667,D,"D:4045,N:1,?:1"
GCF_000864105.1_noTerminalStopCodon.part_lcl__NC_007361.1_cds_YP_308668.1_8,NA,neuraminidase,245,negative,0,1.186,-,0,G:G:28,1,0.667,G,"G:4046,?:1"
GCF_000864105.1_noTerminalStopCodon.part_lcl__NC_007361.1_cds_YP_308668.1_8,NA,neuraminidase,246,negative,0,0.72,-,0,"P:P:20,P:S:2,L:P:1",1,0.667,P,"P:4041,?:3,S:2,L:1"
GCF_000864105.1_noTerminalStopCodon.part_lcl__NC_007361.1_cds_YP_308668.1_8,NA,neuraminidase,247,negative,0.123,1.009,-,0,"N:S:11,S:S:16,A:S:1,A:A:2,G:S:3",1,0.667,S,"S:4025,N:13,A:4,?:2,G:3"
GCF_000864105.1_noTerminalStopCodon.part_lcl__NC_007361.1_cds_YP_308668.1_8,NA,neuraminidase,248,neutral,0.242,0.599,-,0.123,"N:S:8,N:N:6,K:N:1,D:N:11,I:N:1,G:N:1",1,0.217,N,"N:3894,S:118,K:1,D:30,?:2,I:1,G:1"
GCF_000864105.1_noTerminalStopCodon.part_lcl__NC_007361.1_cds_YP_308668.1_8,NA,neuraminidase,249,negative,0.118,1.407,-,0,"G:G:31,E:G:7,A:G:2,D:G:2,G:R:3,G:S:2,G:V:1",1,0.667,G,"G:4020,E:8,A:2,D:2,R:5,?:4,S:5,V:1"
GCF_000864105.1_noTerminalStopCodon.part_lcl__NC_007361.1_cds_YP_308668.1_8,NA,neuraminidase,250,negative,0.056,0.533,-,0.018,"Q:Q:12,Q:R:1,P:Q:1",1,0.667,Q,"Q:4043,R:1,P:2,?:1"
GCF_000864105.1_noTerminalStopCodon.part_lcl__NC_007361.1_cds_YP_308668.1_8,NA,neuraminidase,251,negative,0,1.112,-,0,"A:A:28,A:P:1",1,0.667,A,"A:4045,P:1,?:1"
GCF_000864105.1_noTerminalStopCodon.part_lcl__NC_007361.1_cds_YP_308668.1_8,NA,neuraminidase,252,neutral,0.147,0.282,-,0.429,"S:S:5,S:T:1,F:S:1,F:Q:1,A:F:1",1,0.484,S,"S:4039,T:1,F:1,Q:4,A:1,?:1"
GCF_000864105.1_noTerminalStopCodon.part_lcl__NC_007361.1_cds_YP_308668.1_8,NA,neuraminidase,253,negative,0.05,1.471,-,0,"Y:Y:20,H:Y:4,T:Y:1,S:Y:1",1,0.561,Y,"Y:3905,H:139,T:1,S:1,?:1"
GCF_000864105.1_noTerminalStopCodon.part_lcl__NC_007361.1_cds_YP_308668.1_8,NA,neuraminidase,254,negative,0.154,1.421,-,0,"K:T:1,K:K:26,K:R:10",1,0.667,K,"K:4022,T:1,R:23,?:1"
GCF_000864105.1_noTerminalStopCodon.part_lcl__NC_007361.1_cds_YP_308668.1_8,NA,neuraminidase,255,negative,0.04,0.785,-,0,"I:L:2,I:V:3,I:I:20,F:I:1",1,0.456,I,"I:4037,L:2,V:4,?:3,F:1"
GCF_000864105.1_noTerminalStopCodon.part_lcl__NC_007361.1_cds_YP_308668.1_8,NA,neuraminidase,256,neutral,0.17,0.351,-,0.286,"F:F:7,F:Y:2,F:L:6,F:I:1,F:K:1",1,0.667,F,"F:4009,Y:5,L:30,I:1,K:1,?:1"
GCF_000864105.1_noTerminalStopCodon.part_lcl__NC_007361.1_cds_YP_308668.1_8,NA,neuraminidase,257,negative,0.076,0.918,-,0,"K:K:15,K:R:6,R:R:2,K:Y:1,K:N:1",1,0.667,K,"K:3862,R:182,Y:1,N:1,?:1"
GCF_000864105.1_noTerminalStopCodon.part_lcl__NC_007361.1_cds_YP_308668.1_8,NA,neuraminidase,258,neutral,0.692,0.256,-,0.29,"I:M:27,I:I:3,I:V:8,A:I:1,F:I:1,M:V:4,L:M:2,M:N:1,G:N:1",1,0.047,I,"I:3152,M:864,V:20,A:4,F:1,L:2,N:2,G:1,?:1"
GCF_000864105.1_noTerminalStopCodon.part_lcl__NC_007361.1_cds_YP_308668.1_8,NA,neuraminidase,259,neutral,0.559,0.742,-,0.499,"E:E:11,E:K:18,D:E:7,K:R:5,K:N:2,K:K:1,E:V:1",1,0.667,E,"E:3765,K:242,D:13,R:18,N:5,V:1,?:3"
GCF_000864105.1_noTerminalStopCodon.part_lcl__NC_007361.1_cds_YP_308668.1_8,NA,neuraminidase,260,negative,0.079,1.24,-,0,"K:K:21,K:R:8,K:Q:2,E:K:2",1,0.667,K,"K:4030,R:9,Q:5,E:2,?:1"
GCF_000864105.1_noTerminalStopCodon.part_lcl__NC_007361.1_cds_YP_308668.1_8,NA,neuraminidase,261,negative,0,2.782,-,0,G:G:63,1,0.667,G,"G:4046,?:1"
GCF_000864105.1_noTerminalStopCodon.part_lcl__NC_007361.1_cds_YP_308668.1_8,NA,neuraminidase,262,negative,0.074,1.375,-,0,"K:R:7,K:K:23,E:K:3,I:K:1",1,0.667,K,"K:4020,R:22,E:3,I:1,?:1"
GCF_000864105.1_noTerminalStopCodon.part_lcl__NC_007361.1_cds_YP_308668.1_8,NA,neuraminidase,263,negative,0.166,1.103,-,0,"I:V:11,V:V:22,A:V:2,I:I:3,V:W:1,M:V:1",1,0.039,V,"V:4022,I:18,A:2,W:3,M:1,?:1"
GCF_000864105.1_noTerminalStopCodon.part_lcl__NC_007361.1_cds_YP_308668.1_8,NA,neuraminidase,264,negative,0.335,1.15,-,0.003,"I:V:22,V:V:20,A:V:3,M:V:1,I:M:1,M:Q:1,L:V:1,I:I:2,F:V:1",1,0.133,V,"V:3866,I:171,A:3,M:1,Q:1,L:3,F:1,?:1"
GCF_000864105.1_noTerminalStopCodon.part_lcl__NC_007361.1_cds_YP_308668.1_8,NA,neuraminidase,265,neutral,0.363,0.655,-,0.216,"K:N:4,K:R:4,K:K:10,K:S:1,D:K:1,K:Q:2,E:K:1",1,0.667,K,"K:4019,N:10,R:5,S:1,D:4,Q:5,E:2,?:1"
GCF_000864105.1_noTerminalStopCodon.part_lcl__NC_007361.1_cds_YP_308668.1_8,NA,neuraminidase,266,neutral,0.396,0.772,-,0.196,"S:S:14,L:S:1,S:T:3,S:V:1,V:V:1,Q:V:1,I:V:1,Q:S:1",0.1817344305491471,0.236,S,"S:4033,L:1,T:3,V:1,Q:7,I:1,?:1"
GCF_000864105.1_noTerminalStopCodon.part_lcl__NC_007361.1_cds_YP_308668.1_8,NA,neuraminidase,267,negative,0.345,0.881,-,0.036,"I:V:11,V:V:16,A:V:4,R:V:1,T:V:1,E:V:1,A:A:1,L:V:1,S:V:1",1,0.215,V,"V:4001,I:12,A:22,R:1,T:4,E:1,L:1,S:3,?:2"
GCF_000864105.1_noTerminalStopCodon.part_lcl__NC_007361.1_cds_YP_308668.1_8,NA,neuraminidase,268,negative,0.07,1.099,-,0,"E:E:17,D:E:2,E:K:4,E:Q:1,E:L:1",1,0.667,E,"E:4033,D:5,K:6,Q:1,?:1,L:1"
GCF_000864105.1_noTerminalStopCodon.part_lcl__NC_007361.1_cds_YP_308668.1_8,NA,neuraminidase,269,neutral,0.355,0.875,-,0.076,"L:M:2,L:L:19,L:V:2,V:V:2,M:V:3",1,0.667,L,"M:817,L:3207,V:21,?:2"
GCF_000864105.1_noTerminalStopCodon.part_lcl__NC_007361.1_cds_YP_308668.1_8,NA,neuraminidase,270,neutral,0.565,0.646,-,0.768,"K:N:2,H:N:3,N:N:7,D:N:25,N:S:5,N:R:1,D:V:1,D:E:1,D:D:1,N:Y:3",1,0.614,N,"N:3518,K:2,H:5,D:507,S:8,R:1,V:1,E:1,Y:3,?:1"
GCF_000864105.1_noTerminalStopCodon.part_lcl__NC_007361.1_cds_YP_308668.1_8,NA,neuraminidase,271,negative,0.124,1.423,-,0,"A:A:32,A:T:2,A:F:1,F:G:1,A:V:1",1,0.667,A,"A:4034,T:5,F:4,G:1,V:1,?:2"
GCF_000864105.1_noTerminalStopCodon.part_lcl__NC_007361.1_cds_YP_308668.1_8,NA,neuraminidase,272,negative,0.289,0.844,-,0.02,"L:P:5,P:P:14,P:T:2,P:S:6,S:T:1,N:S:1",1,0.667,P,"P:3983,L:5,T:3,S:53,N:1,?:2"
GCF_000864105.1_noTerminalStopCodon.part_lcl__NC_007361.1_cds_YP_308668.1_8,NA,neuraminidase,273,neutral,0.209,0.455,-,0.236,"K:N:3,D:N:9,G:N:1,G:G:2,A:G:1,N:N:5,N:Y:1,N:S:1",1,0.487,N,"N:4021,K:3,D:14,G:5,A:1,Y:1,S:1,?:1"
GCF_000864105.1_noTerminalStopCodon.part_lcl__NC_007361.1_cds_YP_308668.1_8,NA,neuraminidase,274,negative,0.135,1.533,-,0,"Y:Y:24,F:Y:1,G:Y:1,Q:Y:1,H:Y:3,C:Y:1",1,0.667,Y,"Y:4035,F:1,G:4,Q:1,H:3,C:1,?:2"
GCF_000864105.1_noTerminalStopCodon.part_lcl__NC_007361.1_cds_YP_308668.1_8,NA,neuraminidase,275,negative,0,0.74,-,0,"H:Y:2,H:H:17,H:L:1",1,0.667,H,"H:4043,Y:2,L:1,?:1"
GCF_000864105.1_noTerminalStopCodon.part_lcl__NC_007361.1_cds_YP_308668.1_8,NA,neuraminidase,276,negative,0.108,1.24,-,0,"Y:Y:19,F:Y:1,I:Y:1",1,0.667,Y,"Y:4040,F:1,I:5,?:1"
GCF_000864105.1_noTerminalStopCodon.part_lcl__NC_007361.1_cds_YP_308668.1_8,NA,neuraminidase,277,negative,0,0.514,-,0,"E:E:14,E:K:1,E:Q:1",1,0.667,E,"E:4043,?:2,K:1,Q:1"
GCF_000864105.1_noTerminalStopCodon.part_lcl__NC_007361.1_cds_YP_308668.1_8,NA,neuraminidase,278,negative,0,1.59,-,0,E:E:25,1,0.667,E,"E:4046,?:1"
GCF_000864105.1_noTerminalStopCodon.part_lcl__NC_007361.1_cds_YP_308668.1_8,NA,neuraminidase,279,negative,0,0.695,-,0,"C:C:14,C:F:1,C:Y:1",1,0.667,C,"C:4043,F:1,?:2,Y:1"
GCF_000864105.1_noTerminalStopCodon.part_lcl__NC_007361.1_cds_YP_308668.1_8,NA,neuraminidase,280,negative,0,0.493,-,0,S:S:15,1,0.667,S,"S:4044,?:3"
GCF_000864105.1_noTerminalStopCodon.part_lcl__NC_007361.1_cds_YP_308668.1_8,NA,neuraminidase,281,negative,0,0.406,-,0.001,C:C:6,1,0.667,C,"C:4046,?:1"
GCF_000864105.1_noTerminalStopCodon.part_lcl__NC_007361.1_cds_YP_308668.1_8,NA,neuraminidase,282,negative,0,1.204,-,0,"Y:Y:16,N:Y:1",1,0.667,Y,"Y:4040,?:6,N:1"
GCF_000864105.1_noTerminalStopCodon.part_lcl__NC_007361.1_cds_YP_308668.1_8,NA,neuraminidase,283,negative,0,0.565,-,0,"P:P:11,G:P:1",1,0.667,P,"P:4041,G:1,?:5"
GCF_000864105.1_noTerminalStopCodon.part_lcl__NC_007361.1_cds_YP_308668.1_8,NA,neuraminidase,284,neutral,0.237,0.57,-,0.128,"D:N:14,D:D:7,D:S:1,A:D:1,D:E:4",1,0.667,D,"D:3983,N:29,S:1,A:1,E:25,?:8"
GCF_000864105.1_noTerminalStopCodon.part_lcl__NC_007361.1_cds_YP_308668.1_8,NA,neuraminidase,285,negative,0.296,1.764,-,0,"A:A:37,A:T:9,A:V:1,A:E:2,A:S:8,A:R:1,A:D:1,S:T:1",1,0.667,A,"A:3955,T:18,V:1,E:2,S:61,R:1,D:4,?:5"
GCF_000864105.1_noTerminalStopCodon.part_lcl__NC_007361.1_cds_YP_308668.1_8,NA,neuraminidase,286,negative,0.155,1.431,-,0,"G:G:26,G:S:11,S:S:3,G:V:1,G:R:1,E:G:1",1,0.563,G,"G:3835,S:204,V:1,R:1,?:5,E:1"
GCF_000864105.1_noTerminalStopCodon.part_lcl__NC_007361.1_cds_YP_308668.1_8,NA,neuraminidase,287,negative,0.413,1.432,-,0.001,"D:N:10,D:Y:1,D:G:2,D:V:1,D:D:11,D:E:5,E:E:11,E:K:14,E:N:1,E:V:1,E:G:4",1,0.667,D,"D:2397,N:17,Y:1,G:7,V:2,E:1590,K:28,?:5"
GCF_000864105.1_noTerminalStopCodon.part_lcl__NC_007361.1_cds_YP_308668.1_8,NA,neuraminidase,288,negative,0.405,1.011,-,0.029,"I:V:18,I:T:1,I:I:16,V:V:5",1,0.421,I,"I:3802,V:239,T:1,?:5"
GCF_000864105.1_noTerminalStopCodon.part_lcl__NC_007361.1_cds_YP_308668.1_8,NA,neuraminidase,289,neutral,0.829,0.954,-,0.779,"M:R:1,I:M:20,L:M:1,M:V:5,E:M:1,E:K:1,I:T:9,I:V:3,T:T:5,M:T:1",1,0.667,M,"M:3154,R:1,I:361,L:1,V:15,E:5,K:1,T:505,?:4"
GCF_000864105.1_noTerminalStopCodon.part_lcl__NC_007361.1_cds_YP_308668.1_8,NA,neuraminidase,290,negative,0.046,0.381,-,0.018,"C:S:1,C:C:5",1,0.667,C,"C:4041,S:1,?:5"
GCF_000864105.1_noTerminalStopCodon.part_lcl__NC_007361.1_cds_YP_308668.1_8,NA,neuraminidase,291,negative,0.04,1.013,-,0,"V:V:27,E:V:2",1,0.144,V,"V:4039,E:3,?:5"
GCF_000864105.1_noTerminalStopCodon.part_lcl__NC_007361.1_cds_YP_308668.1_8,NA,neuraminidase,292,negative,0.047,1.035,-,0,"C:C:21,C:R:1",1,0.535,C,"C:4041,?:5,R:1"
GCF_000864105.1_noTerminalStopCodon.part_lcl__NC_007361.1_cds_YP_308668.1_8,NA,neuraminidase,293,negative,0,1.372,-,0,"R:R:28,R:T:1",1,0.667,R,"R:4043,T:1,?:3"
GCF_000864105.1_noTerminalStopCodon.part_lcl__NC_007361.1_cds_YP_308668.1_8,NA,neuraminidase,294,negative,0,0.792,-,0,"D:D:15,D:N:1",1,0.667,D,"D:4043,N:1,?:3"
GCF_000864105.1_noTerminalStopCodon.part_lcl__NC_007361.1_cds_YP_308668.1_8,NA,neuraminidase,295,negative,0,1.301,-,0,"N:N:21,D:N:1,N:S:2,N:Y:1",1,0.667,N,"N:4040,D:1,S:2,?:3,Y:1"
GCF_000864105.1_noTerminalStopCodon.part_lcl__NC_007361.1_cds_YP_308668.1_8,NA,neuraminidase,296,neutral,0.084,0.006,-,0.967,"R:W:1,G:W:1",1,0.662,W,"W:4040,?:3,R:1,G:3"
GCF_000864105.1_noTerminalStopCodon.part_lcl__NC_007361.1_cds_YP_308668.1_8,NA,neuraminidase,297,negative,0.09,1.261,-,0,"H:H:14,H:R:1,M:R:1,K:R:1,D:H:1,H:Q:1",1,0.667,H,"H:4033,R:1,M:4,K:1,?:6,D:1,Q:1"
GCF_000864105.1_noTerminalStopCodon.part_lcl__NC_007361.1_cds_YP_308668.1_8,NA,neuraminidase,298,negative,0.036,2.349,-,0,"G:G:56,G:S:1",1,0.609,G,"G:4039,S:2,?:6"
GCF_000864105.1_noTerminalStopCodon.part_lcl__NC_007361.1_cds_YP_308668.1_8,NA,neuraminidase,299,negative,0.068,0.991,-,0,"S:S:20,S:T:2,A:T:1,A:S:1",1,0.667,S,"S:4035,T:4,A:2,?:6"
GCF_000864105.1_noTerminalStopCodon.part_lcl__NC_007361.1_cds_YP_308668.1_8,NA,neuraminidase,300,negative,0,1.02,-,0,"N:N:19,D:N:2",1,0.667,N,"N:4039,D:2,?:6"
GCF_000864105.1_noTerminalStopCodon.part_lcl__NC_007361.1_cds_YP_308668.1_8,NA,neuraminidase,301,negative,0.041,1.668,-,0,"R:R:43,M:R:1,R:W:5",1,0.667,R,"R:4026,?:13,M:3,W:5"
GCF_000864105.1_noTerminalStopCodon.part_lcl__NC_007361.1_cds_YP_308668.1_8,NA,neuraminidase,302,negative,0,1.131,-,0,P:P:27,1,0.667,P,"P:4037,?:10"
GCF_000864105.1_noTerminalStopCodon.part_lcl__NC_007361.1_cds_YP_308668.1_8,NA,neuraminidase,303,neutral,0.155,0.309,-,0.622,"V:W:1,V:V:2,R:W:1",1,0.248,W,"W:4034,V:5,?:7,R:1"
GCF_000864105.1_noTerminalStopCodon.part_lcl__NC_007361.1_cds_YP_308668.1_8,NA,neuraminidase,304,negative,0.357,1.157,-,0.003,"V:V:25,I:V:11,I:I:2,I:L:1,L:V:1,A:V:1",1,0.667,V,"V:3971,I:63,L:5,?:7,A:1"
GCF_000864105.1_noTerminalStopCodon.part_lcl__NC_007361.1_cds_YP_308668.1_8,NA,neuraminidase,305,negative,0.269,1.387,-,0,"S:Y:3,S:S:24,F:S:5,R:S:1,S:V:1,S:T:2,A:S:2",1,0.667,S,"S:4016,Y:3,F:6,R:1,V:4,T:6,A:2,?:9"
GCF_000864105.1_noTerminalStopCodon.part_lcl__NC_007361.1_cds_YP_308668.1_8,NA,neuraminidase,306,negative,0.05,1.067,-,0,"F:F:19,F:I:1,I:I:1",1,0.667,F,"F:4035,I:5,?:7"
GCF_000864105.1_noTerminalStopCodon.part_lcl__NC_007361.1_cds_YP_308668.1_8,NA,neuraminidase,307,negative,0.264,1.035,-,0.004,"N:S:5,N:N:12,D:N:4,N:T:3,S:S:1,H:N:1,I:N:1",1,0.355,N,"N:4011,S:16,D:7,T:3,?:8,H:1,I:1"
GCF_000864105.1_noTerminalStopCodon.part_lcl__NC_007361.1_cds_YP_308668.1_8,NA,neuraminidase,308,negative,0.493,1.274,-,0.026,"K:Q:5,Q:Q:19,Q:R:3,Q:S:1,P:Q:2,E:Q:1,H:Q:3,H:R:2,R:R:1",1,0.667,Q,"Q:3880,K:62,R:76,S:1,P:5,E:1,?:8,H:14"
GCF_000864105.1_noTerminalStopCodon.part_lcl__NC_007361.1_cds_YP_308668.1_8,NA,neuraminidase,309,negative,0.238,1.546,-,0,"D:N:8,K:N:2,N:N:19,D:M:1,I:N:1",1,0.667,N,"N:4014,D:19,K:5,M:1,?:7,I:1"
GCF_000864105.1_noTerminalStopCodon.part_lcl__NC_007361.1_cds_YP_308668.1_8,NA,neuraminidase,310,negative,0,0.94,-,0,"L:L:30,L:M:1,F:L:1,L:S:1",1,0.667,L,"L:4034,M:1,F:1,?:10,S:1"
GCF_000864105.1_noTerminalStopCodon.part_lcl__NC_007361.1_cds_YP_308668.1_8,NA,neuraminidase,311,negative,0.196,1.099,-,0,"E:K:6,E:E:19,D:E:4,D:S:1,D:T:1,E:V:1",1,0.667,E,"E:4022,K:9,D:4,S:4,T:1,?:6,V:1"
GCF_000864105.1_noTerminalStopCodon.part_lcl__NC_007361.1_cds_YP_308668.1_8,NA,neuraminidase,312,negative,0,2.122,-,0,"Y:Y:27,H:Y:1",1,0.667,Y,"Y:4040,H:1,?:6"
GCF_000864105.1_noTerminalStopCodon.part_lcl__NC_007361.1_cds_YP_308668.1_8,NA,neuraminidase,313,neutral,0.662,0.892,-,0.479,"Q:Q:14,K:Q:3,Q:R:10,Q:T:1,H:Q:2",1,0.549,Q,"Q:3948,K:5,R:82,T:1,H:5,?:6"
GCF_000864105.1_noTerminalStopCodon.part_lcl__NC_007361.1_cds_YP_308668.1_8,NA,neuraminidase,314,neutral,0.187,0.555,-,0.114,"I:L:5,I:M:7,I:I:5,I:V:7,I:S:1,I:T:2",1,0.667,I,"I:4006,L:6,M:10,V:13,S:1,?:9,T:2"
GCF_000864105.1_noTerminalStopCodon.part_lcl__NC_007361.1_cds_YP_308668.1_8,NA,neuraminidase,315,negative,0,1.514,-,0,"G:G:36,G:K:1",1,0.667,G,"G:4040,K:1,?:6"
GCF_000864105.1_noTerminalStopCodon.part_lcl__NC_007361.1_cds_YP_308668.1_8,NA,neuraminidase,316,negative,0,1.167,-,0,"Y:Y:16,N:Y:1",1,0.667,Y,"Y:4040,N:1,?:6"
GCF_000864105.1_noTerminalStopCodon.part_lcl__NC_007361.1_cds_YP_308668.1_8,NA,neuraminidase,317,neutral,0.075,0.282,-,0.153,"I:V:2,I:I:4,I:L:1,L:L:1",1,0.667,I,"I:4033,V:3,L:5,?:6"
GCF_000864105.1_noTerminalStopCodon.part_lcl__NC_007361.1_cds_YP_308668.1_8,NA,neuraminidase,318,negative,0,0.723,-,0,C:C:15,1,0.667,C,"C:4040,?:7"
GCF_000864105.1_noTerminalStopCodon.part_lcl__NC_007361.1_cds_YP_308668.1_8,NA,neuraminidase,319,negative,0.082,0.543,-,0.009,"S:S:8,A:S:1,S:T:1",1,0.204,S,"S:4035,A:4,T:1,?:7"
GCF_000864105.1_noTerminalStopCodon.part_lcl__NC_007361.1_cds_YP_308668.1_8,NA,neuraminidase,320,negative,0,1.168,-,0,"G:G:29,G:R:1,G:M:1",1,0.667,G,"G:4036,R:1,?:9,M:1"
GCF_000864105.1_noTerminalStopCodon.part_lcl__NC_007361.1_cds_YP_308668.1_8,NA,neuraminidase,321,neutral,0.556,0.551,-,0.987,"I:V:21,V:V:11,F:V:2,L:V:1,A:V:1,G:V:2",1,0.454,V,"I:775,V:3255,?:7,F:3,L:4,A:1,G:2"
GCF_000864105.1_noTerminalStopCodon.part_lcl__NC_007361.1_cds_YP_308668.1_8,NA,neuraminidase,322,negative,0.197,1.234,-,0,"F:L:10,F:F:22,F:P:1",1,0.667,F,"F:4024,L:12,P:4,?:7"
GCF_000864105.1_noTerminalStopCodon.part_lcl__NC_007361.1_cds_YP_308668.1_8,NA,neuraminidase,323,negative,0.038,1.265,-,0,"G:G:28,G:S:1,G:T:1,G:R:2",1,0.667,G,"G:4034,S:4,T:1,?:6,R:2"
GCF_000864105.1_noTerminalStopCodon.part_lcl__NC_007361.1_cds_YP_308668.1_8,NA,neuraminidase,324,negative,0,0.623,-,0,D:D:15,1,0.667,D,"D:4041,?:6"
GCF_000864105.1_noTerminalStopCodon.part_lcl__NC_007361.1_cds_YP_308668.1_8,NA,neuraminidase,325,negative,0.194,1.932,-,0,"N:N:25,N:T:4,T:T:1,N:S:5,I:N:1",1,0.667,N,"N:4020,T:12,S:8,?:6,I:1"
GCF_000864105.1_noTerminalStopCodon.part_lcl__NC_007361.1_cds_YP_308668.1_8,NA,neuraminidase,326,negative,0,1.07,-,0,"P:P:26,P:S:1",1,0.667,P,"P:4039,S:1,?:7"
GCF_000864105.1_noTerminalStopCodon.part_lcl__NC_007361.1_cds_YP_308668.1_8,NA,neuraminidase,327,negative,0,1.237,-,0,"R:R:31,P:R:1",1,0.667,R,"R:4039,P:1,?:7"
GCF_000864105.1_noTerminalStopCodon.part_lcl__NC_007361.1_cds_YP_308668.1_8,NA,neuraminidase,328,negative,0.094,0.556,-,0.004,"P:S:3,P:P:15,G:P:1,A:P:1,L:P:1",1,0.161,P,"P:4030,S:3,G:4,A:1,?:8,L:1"
GCF_000864105.1_noTerminalStopCodon.part_lcl__NC_007361.1_cds_YP_308668.1_8,NA,neuraminidase,329,negative,0.156,0.745,-,0.008,"D:N:4,K:N:3,N:S:6,S:S:1,N:V:1,E:N:1,N:N:7,?:N:1",1,0.667,N,"N:3847,D:5,K:3,S:177,V:1,E:4,?:10"
GCF_000864105.1_noTerminalStopCodon.part_lcl__NC_007361.1_cds_YP_308668.1_8,NA,neuraminidase,330,negative,0,0.741,-,0,"D:N:2,D:D:10",1,0.667,D,"D:4039,N:2,?:6"
GCF_000864105.1_noTerminalStopCodon.part_lcl__NC_007361.1_cds_YP_308668.1_8,NA,neuraminidase,331,negative,0.226,1.4,-,0,"G:R:6,K:R:1,G:G:30,E:G:2,A:G:1,A:P:1,G:S:2,G:I:1",1,0.667,G,"G:3952,R:75,K:1,E:3,A:4,P:1,?:7,S:3,I:1"
GCF_000864105.1_noTerminalStopCodon.part_lcl__NC_007361.1_cds_YP_308668.1_8,NA,neuraminidase,332,neutral,0.405,0.308,-,0.595,"I:T:5,K:T:6,P:T:3,A:T:7,T:T:7,T:V:1,E:K:1",1,0.42,T,"T:3895,I:10,K:117,P:3,A:7,V:4,E:5,?:6"
GCF_000864105.1_noTerminalStopCodon.part_lcl__NC_007361.1_cds_YP_308668.1_8,NA,neuraminidase,333,negative,0,0.982,-,0,G:G:23,1,0.667,G,"G:4040,?:7"
GCF_000864105.1_noTerminalStopCodon.part_lcl__NC_007361.1_cds_YP_308668.1_8,NA,neuraminidase,334,negative,0.189,0.74,-,0.016,"S:S:11,N:S:7",1,0.181,S,"S:4031,N:10,?:6"
GCF_000864105.1_noTerminalStopCodon.part_lcl__NC_007361.1_cds_YP_308668.1_8,NA,neuraminidase,335,negative,0,1.191,-,0,"C:C:20,C:G:1,C:R:1",1,0.667,C,"C:4038,?:7,G:1,R:1"
GCF_000864105.1_noTerminalStopCodon.part_lcl__NC_007361.1_cds_YP_308668.1_8,NA,neuraminidase,336,negative,0.523,1.647,-,0.001,"R:S:4,N:S:10,G:S:12,G:G:18,S:T:1,D:S:1,D:G:6,S:S:9,I:S:1",1,0.667,S,"S:2679,R:4,?:7,N:19,G:1318,T:4,D:15,I:1"
GCF_000864105.1_noTerminalStopCodon.part_lcl__NC_007361.1_cds_YP_308668.1_8,NA,neuraminidase,337,negative,0.141,1.298,-,0,"P:P:27,P:S:2,G:S:1,A:S:1",1,0.509,P,"P:4034,G:1,S:5,A:1,?:6"
GCF_000864105.1_noTerminalStopCodon.part_lcl__NC_007361.1_cds_YP_308668.1_8,NA,neuraminidase,338,neutral,0.423,0.613,-,0.436,"M:V:17,I:M:8,V:V:7,P:V:1,P:P:3,A:V:1",1,0.289,M,"M:2703,V:1321,I:8,P:6,?:7,A:2"
GCF_000864105.1_noTerminalStopCodon.part_lcl__NC_007361.1_cds_YP_308668.1_8,NA,neuraminidase,339,neutral,0.822,0.889,-,0.83,"P:S:14,S:Y:1,F:S:20,S:S:19,A:S:1,I:S:1,I:I:2,I:M:1,F:L:1,F:V:1,L:S:1,L:P:2,P:P:2",1,0.398,S,"P:829,S:3133,Y:1,F:64,A:1,I:2,M:4,?:6,L:6,V:1"
GCF_000864105.1_noTerminalStopCodon.part_lcl__NC_007361.1_cds_YP_308668.1_8,NA,neuraminidase,340,neutral,1.48,1.347,-,0.754,"S:Y:3,P:S:31,F:S:3,S:S:16,N:S:1,G:N:1,I:N:1,H:P:4,L:P:8,H:R:1,P:P:5,A:P:1,I:L:1,A:S:1",1,0.447,S,"S:3309,Y:5,P:642,F:4,N:1,G:4,I:2,H:34,L:35,R:1,?:6,A:4"
GCF_000864105.1_noTerminalStopCodon.part_lcl__NC_007361.1_cds_YP_308668.1_8,NA,neuraminidase,341,negative,0.114,1.924,-,0,"N:N:30,H:N:2,G:N:1,K:N:4,D:N:1,N:S:5,N:Y:1",1,0.667,N,"N:4021,H:2,G:1,K:5,D:1,S:8,?:8,Y:1"
GCF_000864105.1_noTerminalStopCodon.part_lcl__NC_007361.1_cds_YP_308668.1_8,NA,neuraminidase,342,negative,0.076,0.762,-,0,"G:G:21,G:Q:1,G:R:1",1,0.667,G,"G:4036,Q:4,?:6,R:1"
GCF_000864105.1_noTerminalStopCodon.part_lcl__NC_007361.1_cds_YP_308668.1_8,NA,neuraminidase,343,neutral,0.188,0.354,-,0.314,"A:S:2,A:A:7,R:S:1,G:S:1,S:S:1,A:P:1,A:T:2",1,0.622,A,"A:4027,S:2,R:1,G:4,P:2,?:6,T:5"
GCF_000864105.1_noTerminalStopCodon.part_lcl__NC_007361.1_cds_YP_308668.1_8,NA,neuraminidase,344,neutral,0.478,0.856,-,0.238,"H:Y:14,D:Y:2,S:Y:3,Y:Y:10,P:Y:1,N:Y:2,F:Y:1",0.4340109240193613,0.105,Y,"Y:4005,H:25,D:4,S:3,P:1,?:6,N:2,F:1"
GCF_000864105.1_noTerminalStopCodon.part_lcl__NC_007361.1_cds_YP_308668.1_8,NA,neuraminidase,345,negative,0,1.231,-,0,G:G:31,1,0.667,G,"G:4041,?:6"
GCF_000864105.1_noTerminalStopCodon.part_lcl__NC_007361.1_cds_YP_308668.1_8,NA,neuraminidase,346,neutral,0.508,0.888,-,0.156,"V:V:22,I:V:18,I:T:1,A:V:1",1,0.147,V,"V:3805,I:233,?:7,T:1,A:1"
GCF_000864105.1_noTerminalStopCodon.part_lcl__NC_007361.1_cds_YP_308668.1_8,NA,neuraminidase,347,negative,0,0.786,-,0,K:K:14,1,0.667,K,"K:4041,?:6"
GCF_000864105.1_noTerminalStopCodon.part_lcl__NC_007361.1_cds_YP_308668.1_8,NA,neuraminidase,348,negative,0,1.052,-,0,"G:G:26,G:R:1",1,0.667,G,"G:4040,R:1,?:6"
GCF_000864105.1_noTerminalStopCodon.part_lcl__NC_007361.1_cds_YP_308668.1_8,NA,neuraminidase,349,negative,0,0.895,-,0,"F:F:14,F:L:3,F:Y:1",1,0.667,F,"F:4035,?:8,L:3,Y:1"
GCF_000864105.1_noTerminalStopCodon.part_lcl__NC_007361.1_cds_YP_308668.1_8,NA,neuraminidase,350,neutral,0.377,0.587,-,0.429,"S:S:14,G:S:1,A:S:2,L:S:2",1,0.231,S,"S:4031,G:4,A:3,?:6,L:3"
GCF_000864105.1_noTerminalStopCodon.part_lcl__NC_007361.1_cds_YP_308668.1_8,NA,neuraminidase,351,negative,0.05,1.129,-,0,"F:F:15,F:Y:2",1,0.667,F,"F:4038,Y:3,?:6"
GCF_000864105.1_noTerminalStopCodon.part_lcl__NC_007361.1_cds_YP_308668.1_8,NA,neuraminidase,352,negative,0.211,0.988,-,0.002,"K:K:14,K:R:15,R:R:3,L:R:1,K:T:1",1,0.667,K,"K:3774,?:7,R:264,L:1,T:1"
GCF_000864105.1_noTerminalStopCodon.part_lcl__NC_007361.1_cds_YP_308668.1_8,NA,neuraminidase,353,negative,0.104,0.954,-,0,"Y:Y:18,Q:Y:1,D:Y:1,C:Y:1",1,0.667,Y,"Y:4032,Q:4,D:1,?:9,C:1"
GCF_000864105.1_noTerminalStopCodon.part_lcl__NC_007361.1_cds_YP_308668.1_8,NA,neuraminidase,354,negative,0.036,0.952,-,0,"D:G:5,G:G:23,G:S:4,G:R:1",1,0.667,G,"G:4027,D:6,S:4,R:1,?:9"
GCF_000864105.1_noTerminalStopCodon.part_lcl__NC_007361.1_cds_YP_308668.1_8,NA,neuraminidase,355,negative,0.083,0.833,-,0,"N:S:5,N:N:10,D:N:6,D:D:1,D:T:1,D:E:1,K:N:1",1,0.667,N,"N:4014,S:11,D:6,T:4,E:1,?:10,K:1"
GCF_000864105.1_noTerminalStopCodon.part_lcl__NC_007361.1_cds_YP_308668.1_8,NA,neuraminidase,356,negative,0.036,1.189,-,0,"G:G:24,D:G:1,D:N:1,G:S:1",1,0.667,G,"G:4031,D:4,N:1,S:1,?:10"
GCF_000864105.1_noTerminalStopCodon.part_lcl__NC_007361.1_cds_YP_308668.1_8,NA,neuraminidase,357,negative,0.131,1.209,-,0,"V:V:23,F:V:1,A:V:3,S:V:1,I:V:1",1,0.221,V,"V:4026,F:1,A:5,S:1,I:2,?:12"
GCF_000864105.1_noTerminalStopCodon.part_lcl__NC_007361.1_cds_YP_308668.1_8,NA,neuraminidase,358,neutral,0,0.056,-,1,"R:W:1,G:W:1",1,0.667,W,"W:4034,R:1,?:11,G:1"
GCF_000864105.1_noTerminalStopCodon.part_lcl__NC_007361.1_cds_YP_308668.1_8,NA,neuraminidase,359,negative,0.046,1.428,-,0,"I:I:33,I:V:1,I:L:1",1,0.667,I,"I:4030,V:4,L:1,?:12"
GCF_000864105.1_noTerminalStopCodon.part_lcl__NC_007361.1_cds_YP_308668.1_8,NA,neuraminidase,360,negative,0,1.062,-,0,"G:G:28,G:R:2",1,0.667,G,"G:4034,?:11,R:2"
GCF_000864105.1_noTerminalStopCodon.part_lcl__NC_007361.1_cds_YP_308668.1_8,NA,neuraminidase,361,negative,0,1.621,-,0,R:R:30,1,0.667,R,"R:4036,?:11"
GCF_000864105.1_noTerminalStopCodon.part_lcl__NC_007361.1_cds_YP_308668.1_8,NA,neuraminidase,362,negative,0.041,0.619,-,0,"T:T:17,I:T:7,A:T:1",1,0.303,T,"T:4013,I:22,?:11,A:1"
GCF_000864105.1_noTerminalStopCodon.part_lcl__NC_007361.1_cds_YP_308668.1_8,NA,neuraminidase,363,negative,0.041,0.816,-,0,"K:K:12,I:K:1,K:Q:1,K:N:1",1,0.667,K,"K:4028,I:5,Q:1,N:1,?:12"
GCF_000864105.1_noTerminalStopCodon.part_lcl__NC_007361.1_cds_YP_308668.1_8,NA,neuraminidase,364,negative,0.034,1.125,-,0,"S:S:23,N:S:2,G:S:6",1,0.446,S,"S:4027,N:2,?:12,G:6"
GCF_000864105.1_noTerminalStopCodon.part_lcl__NC_007361.1_cds_YP_308668.1_8,NA,neuraminidase,365,neutral,0.665,1.132,-,0.15,"S:T:3,T:T:18,I:T:17,A:T:4,K:T:1,K:L:1,K:R:1,R:R:1,L:R:1,P:T:5",1,0.667,T,"T:3918,S:3,I:38,A:9,L:2,R:3,K:1,P:62,?:11"
GCF_000864105.1_noTerminalStopCodon.part_lcl__NC_007361.1_cds_YP_308668.1_8,NA,neuraminidase,366,negative,0.638,1.335,-,0.045,"I:S:2,N:S:15,S:S:9,R:S:2,E:S:1,S:T:1,D:S:1,N:N:6,N:V:1,H:N:2,H:H:2,D:N:1,I:N:1,G:S:5,D:G:1,G:V:1",1,0.022,S,"I:17,S:2815,N:858,R:2,E:1,T:4,D:5,V:3,H:257,?:13,G:72"
GCF_000864105.1_noTerminalStopCodon.part_lcl__NC_007361.1_cds_YP_308668.1_8,NA,neuraminidase,367,negative,0,0.462,-,0,"F:S:2,S:T:1,S:S:17",1,0.667,S,"S:4032,F:2,T:1,?:12"
GCF_000864105.1_noTerminalStopCodon.part_lcl__NC_007361.1_cds_YP_308668.1_8,NA,neuraminidase,368,negative,0,1.404,-,0,"R:R:29,G:R:1",1,0.667,R,"R:4035,G:1,?:11"
GCF_000864105.1_noTerminalStopCodon.part_lcl__NC_007361.1_cds_YP_308668.1_8,NA,neuraminidase,369,negative,0.686,1.48,-,0.017,"I:S:8,N:S:11,R:S:12,S:S:28,I:I:1,G:S:1,I:V:1",1,0.1,S,"S:3889,I:31,N:86,R:28,?:11,G:1,V:1"
GCF_000864105.1_noTerminalStopCodon.part_lcl__NC_007361.1_cds_YP_308668.1_8,NA,neuraminidase,370,negative,0,1.786,-,0,G:G:45,1,0.667,G,"G:4034,?:13"
GCF_000864105.1_noTerminalStopCodon.part_lcl__NC_007361.1_cds_YP_308668.1_8,NA,neuraminidase,371,negative,0,0.388,-,0.002,"F:F:5,F:Y:1",1,0.667,F,"F:4035,Y:1,?:11"
GCF_000864105.1_noTerminalStopCodon.part_lcl__NC_007361.1_cds_YP_308668.1_8,NA,neuraminidase,372,negative,0,1.139,-,0,E:E:19,1,0.667,E,"E:4036,?:11"
GCF_000864105.1_noTerminalStopCodon.part_lcl__NC_007361.1_cds_YP_308668.1_8,NA,neuraminidase,373,neutral,0.182,0,-,0.574,"I:M:13,M:V:4,M:T:1,K:M:1",1,0.476,M,"M:4007,I:21,V:6,?:11,T:1,K:1"
GCF_000864105.1_noTerminalStopCodon.part_lcl__NC_007361.1_cds_YP_308668.1_8,NA,neuraminidase,374,neutral,0.368,0.568,-,0.401,"I:V:22,I:I:9,I:L:1",1,0.155,I,"I:3888,V:147,L:1,?:11"
GCF_000864105.1_noTerminalStopCodon.part_lcl__NC_007361.1_cds_YP_308668.1_8,NA,neuraminidase,375,neutral,0.299,0,-,0.227,"R:W:1,K:W:1,W:Y:1",1,0.056,W,"W:4025,R:4,K:1,?:11,Y:6"
GCF_000864105.1_noTerminalStopCodon.part_lcl__NC_007361.1_cds_YP_308668.1_8,NA,neuraminidase,376,negative,0.071,1.539,-,0,"D:D:19,D:I:1,I:I:1,I:V:1",1,0.667,D,"D:4031,I:4,V:1,?:11"
GCF_000864105.1_noTerminalStopCodon.part_lcl__NC_007361.1_cds_YP_308668.1_8,NA,neuraminidase,377,negative,0.133,1.044,-,0,"P:P:25,P:S:2,A:P:1,K:P:1",1,0.667,P,"P:4026,S:4,A:1,K:4,?:12"
GCF_000864105.1_noTerminalStopCodon.part_lcl__NC_007361.1_cds_YP_308668.1_8,NA,neuraminidase,378,negative,0.035,0.827,-,0,"N:N:11,D:N:3",1,0.667,N,"N:4028,D:7,?:12"
GCF_000864105.1_noTerminalStopCodon.part_lcl__NC_007361.1_cds_YP_308668.1_8,NA,neuraminidase,379,negative,0,1.896,-,0,"G:G:43,A:G:1",1,0.667,G,"G:4032,A:1,?:14"
GCF_000864105.1_noTerminalStopCodon.part_lcl__NC_007361.1_cds_YP_308668.1_8,NA,neuraminidase,380,negative,0,1.825,-,0.023,E:W:1,1,0.667,W,"W:4031,E:1,?:15"
GCF_000864105.1_noTerminalStopCodon.part_lcl__NC_007361.1_cds_YP_308668.1_8,NA,neuraminidase,381,negative,0.376,1.194,-,0.006,"I:T:6,A:T:11,T:T:21,T:V:1,S:T:2,N:T:5,N:N:1,N:S:1",1,0.201,T,"T:3804,I:6,A:18,V:1,S:49,N:154,?:15"
GCF_000864105.1_noTerminalStopCodon.part_lcl__NC_007361.1_cds_YP_308668.1_8,NA,neuraminidase,382,neutral,0.593,0.917,-,0.261,"D:E:8,E:E:9,E:G:20,E:S:1,E:Q:1,G:G:7,D:G:2,D:N:4,N:S:1,N:N:1,D:Y:1,G:S:1,E:V:1",1,0.667,E,"E:3130,D:107,G:652,S:23,Q:4,?:14,N:115,Y:1,V:1"
GCF_000864105.1_noTerminalStopCodon.part_lcl__NC_007361.1_cds_YP_308668.1_8,NA,neuraminidase,383,negative,0.041,2.469,-,0,"T:T:58,S:T:2,K:T:1,P:T:1,M:T:1",1,0.667,T,"T:4023,S:2,K:1,?:18,P:2,M:1"
GCF_000864105.1_noTerminalStopCodon.part_lcl__NC_007361.1_cds_YP_308668.1_8,NA,neuraminidase,384,negative,0.067,0.525,-,0.002,"D:D:10,D:S:1,D:Q:1,D:G:2,D:E:1",1,0.667,D,"D:4025,S:4,Q:1,?:14,G:2,E:1"
GCF_000864105.1_noTerminalStopCodon.part_lcl__NC_007361.1_cds_YP_308668.1_8,NA,neuraminidase,385,negative,0.291,0.941,-,0.016,"R:S:1,G:S:1,S:S:11,N:S:12,N:N:1,K:N:1,K:K:1,K:S:1",1,0.667,S,"S:4007,R:1,G:1,N:19,K:5,?:14"
GCF_000864105.1_noTerminalStopCodon.part_lcl__NC_007361.1_cds_YP_308668.1_8,NA,neuraminidase,386,neutral,0.772,1.4,-,0.077,"N:S:20,I:S:5,S:S:9,D:S:2,D:E:2,D:G:1,D:N:5,N:T:1,E:N:2,E:E:6,D:D:3,R:S:4,N:R:1,G:S:3",1,0.667,S,"S:3319,N:92,I:5,D:270,E:323,G:7,T:1,?:15,R:15"
GCF_000864105.1_noTerminalStopCodon.part_lcl__NC_007361.1_cds_YP_308668.1_8,NA,neuraminidase,387,negative,0.155,1.384,-,0,"F:F:22,F:L:2,F:S:1,F:Q:1,Q:Q:1,P:Q:1",1,0.667,F,"F:4025,L:2,S:1,Q:4,P:1,?:14"
GCF_000864105.1_noTerminalStopCodon.part_lcl__NC_007361.1_cds_YP_308668.1_8,NA,neuraminidase,388,negative,0.432,1.476,-,0.004,"L:S:10,S:S:30,I:S:1,I:N:1,I:T:1,S:T:1,A:S:2",1,0.667,S,"S:4003,L:17,N:1,I:4,T:6,?:14,A:2"
GCF_000864105.1_noTerminalStopCodon.part_lcl__NC_007361.1_cds_YP_308668.1_8,NA,neuraminidase,389,neutral,0.815,0.843,-,0.927,"V:V:14,M:V:21,L:V:6,A:V:2,G:V:2,G:R:1,G:S:1,I:M:3,L:M:1,K:M:1",1,0.615,V,"V:3470,M:528,L:12,A:5,G:3,R:4,S:1,I:9,?:14,K:1"
GCF_000864105.1_noTerminalStopCodon.part_lcl__NC_007361.1_cds_YP_308668.1_8,NA,neuraminidase,390,negative,0.124,1,-,0,"K:K:17,K:R:9,K:Q:2,K:V:1,H:K:1,K:T:1",1,0.667,K,"K:4013,R:15,Q:2,V:1,H:1,?:14,T:1"
GCF_000864105.1_noTerminalStopCodon.part_lcl__NC_007361.1_cds_YP_308668.1_8,NA,neuraminidase,391,negative,0,0.798,-,0,Q:Q:15,1,0.667,Q,"Q:4032,?:15"
GCF_000864105.1_noTerminalStopCodon.part_lcl__NC_007361.1_cds_YP_308668.1_8,NA,neuraminidase,392,negative,0.075,0.93,-,0,"D:N:4,D:D:14,D:E:2,D:V:1,V:V:1,I:V:1",1,0.667,D,"D:4020,N:4,E:4,V:4,I:1,?:14"
GCF_000864105.1_noTerminalStopCodon.part_lcl__NC_007361.1_cds_YP_308668.1_8,NA,neuraminidase,393,negative,0.039,1.618,-,0,"I:I:24,I:V:3,I:L:1",1,0.667,I,"I:4026,V:6,?:14,L:1"
GCF_000864105.1_noTerminalStopCodon.part_lcl__NC_007361.1_cds_YP_308668.1_8,NA,neuraminidase,394,negative,0.4,1.133,-,0.008,"I:V:18,V:V:25,L:V:5,A:V:1",1,0.149,V,"V:3920,I:104,L:8,?:14,A:1"
GCF_000864105.1_noTerminalStopCodon.part_lcl__NC_007361.1_cds_YP_308668.1_8,NA,neuraminidase,395,neutral,0.462,0.693,-,0.347,"E:E:5,E:G:11,A:E:6,A:V:1,A:T:2,A:S:2,A:D:1,D:D:1,D:N:1,A:A:8,A:G:1,E:K:1",1,0.463,E,"E:2458,G:53,A:1506,V:1,T:2,S:3,D:5,N:1,?:15,K:3"
GCF_000864105.1_noTerminalStopCodon.part_lcl__NC_007361.1_cds_YP_308668.1_8,NA,neuraminidase,396,neutral,0.62,0.396,-,0.479,"I:T:11,I:L:6,L:L:1,I:N:1,N:N:1,I:V:7,I:M:9,I:R:1,I:I:1",1,0.113,I,"I:3946,T:29,L:24,N:6,V:10,M:17,?:14,R:1"
GCF_000864105.1_noTerminalStopCodon.part_lcl__NC_007361.1_cds_YP_308668.1_8,NA,neuraminidase,397,negative,0.312,0.906,-,0.02,"T:T:15,A:T:7,I:T:1,M:T:2,K:T:1,D:T:1,D:D:1,D:L:1,L:L:1,L:P:1,N:T:7",1,0.667,T,"T:3956,A:12,I:1,M:44,K:1,D:1,L:4,P:1,?:14,N:13"
GCF_000864105.1_noTerminalStopCodon.part_lcl__NC_007361.1_cds_YP_308668.1_8,NA,neuraminidase,398,negative,0.252,0.694,-,0.04,"D:D:10,D:E:12,D:N:7,N:N:1,D:G:3,A:D:1",1,0.667,D,"D:3923,E:88,N:16,?:16,G:3,A:1"
GCF_000864105.1_noTerminalStopCodon.part_lcl__NC_007361.1_cds_YP_308668.1_8,NA,neuraminidase,399,neutral,0.254,2.55,-,0.116,"R:W:4,S:W:1,L:W:3,G:W:1,L:L:1",1,0.23,W,"W:3941,R:5,S:1,?:15,L:84,G:1"
GCF_000864105.1_noTerminalStopCodon.part_lcl__NC_007361.1_cds_YP_308668.1_8,NA,neuraminidase,400,negative,0,0.45,-,0.001,"S:S:12,S:T:2",1,0.667,S,"S:4029,?:16,T:2"
GCF_000864105.1_noTerminalStopCodon.part_lcl__NC_007361.1_cds_YP_308668.1_8,NA,neuraminidase,401,negative,0,1.592,-,0,"G:G:36,G:R:1",1,0.667,G,"G:4032,R:1,?:14"
GCF_000864105.1_noTerminalStopCodon.part_lcl__NC_007361.1_cds_YP_308668.1_8,NA,neuraminidase,402,negative,0,1.205,-,0,Y:Y:17,1,0.667,Y,"Y:4033,?:14"
GCF_000864105.1_noTerminalStopCodon.part_lcl__NC_007361.1_cds_YP_308668.1_8,NA,neuraminidase,403,negative,0,1.262,-,0,"S:S:21,R:S:1,S:T:1",1,0.667,S,"S:4030,R:1,?:15,T:1"
GCF_000864105.1_noTerminalStopCodon.part_lcl__NC_007361.1_cds_YP_308668.1_8,NA,neuraminidase,404,negative,0,1.375,-,0,G:G:35,1,0.667,G,"G:4032,?:15"
GCF_000864105.1_noTerminalStopCodon.part_lcl__NC_007361.1_cds_YP_308668.1_8,NA,neuraminidase,405,negative,0.191,0.714,-,0.018,"S:S:10,N:S:1,A:S:1,S:T:1,A:T:2",1,0.616,S,"S:3763,N:1,A:10,?:15,T:258"
GCF_000864105.1_noTerminalStopCodon.part_lcl__NC_007361.1_cds_YP_308668.1_8,NA,neuraminidase,406,negative,0,0.723,-,0,"F:F:12,F:I:2,F:Y:1",1,0.667,F,"F:4028,I:2,Y:1,?:16"
GCF_000864105.1_noTerminalStopCodon.part_lcl__NC_007361.1_cds_YP_308668.1_8,NA,neuraminidase,407,negative,0.128,1.384,-,0,"V:V:33,I:V:5,I:S:1,I:T:1,I:I:1",1,0.667,V,"V:4018,I:7,S:1,T:4,?:17"
GCF_000864105.1_noTerminalStopCodon.part_lcl__NC_007361.1_cds_YP_308668.1_8,NA,neuraminidase,408,neutral,0.221,0.636,-,0.114,"Q:Q:11,I:Q:1,L:Q:1,D:Q:1",1,0.125,Q,"Q:4024,I:1,L:4,D:1,?:17"
GCF_000864105.1_noTerminalStopCodon.part_lcl__NC_007361.1_cds_YP_308668.1_8,NA,neuraminidase,409,negative,0.047,1.756,-,0,"H:Q:1,H:H:21,H:R:1,H:P:1,H:Y:1",1,0.667,H,"H:4023,Q:1,R:1,P:4,Y:1,?:17"
GCF_000864105.1_noTerminalStopCodon.part_lcl__NC_007361.1_cds_YP_308668.1_8,NA,neuraminidase,410,negative,0.149,0.72,-,0.004,"P:P:16,P:V:1,G:V:1,V:V:1",1,0.449,P,"P:4024,G:1,V:4,?:18"
GCF_000864105.1_noTerminalStopCodon.part_lcl__NC_007361.1_cds_YP_308668.1_8,NA,neuraminidase,411,negative,0,0.427,-,0,"E:E:7,A:E:3,E:G:1,D:E:1",1,0.667,E,"E:4022,?:20,A:3,G:1,D:1"
GCF_000864105.1_noTerminalStopCodon.part_lcl__NC_007361.1_cds_YP_308668.1_8,NA,neuraminidase,412,negative,0.072,1.087,-,0,"L:L:42,L:M:10,L:T:1,L:W:1,L:P:1,L:Q:1",1,0.667,L,"L:4012,M:12,?:19,T:1,W:1,P:1,Q:1"
GCF_000864105.1_noTerminalStopCodon.part_lcl__NC_007361.1_cds_YP_308668.1_8,NA,neuraminidase,413,negative,0.061,0.706,-,0,"T:T:15,S:T:2,A:T:1",1,0.667,T,"T:4022,?:19,S:5,A:1"
GCF_000864105.1_noTerminalStopCodon.part_lcl__NC_007361.1_cds_YP_308668.1_8,NA,neuraminidase,414,negative,0,1.42,-,0,"G:G:32,G:R:1,G:N:1,E:G:1",1,0.667,G,"G:4024,?:20,R:1,N:1,E:1"
GCF_000864105.1_noTerminalStopCodon.part_lcl__NC_007361.1_cds_YP_308668.1_8,NA,neuraminidase,415,negative,0.075,1.002,-,0.001,"L:L:22,L:R:1,R:R:2,K:R:1,F:L:2,L:V:2",1,0.537,L,"L:4017,?:20,R:5,K:1,F:2,V:2"
GCF_000864105.1_noTerminalStopCodon.part_lcl__NC_007361.1_cds_YP_308668.1_8,NA,neuraminidase,416,negative,0.148,1.123,-,0,"D:N:13,D:D:15,D:E:2,D:G:3,E:E:1",1,0.667,D,"D:3995,N:23,E:7,G:3,?:19"
GCF_000864105.1_noTerminalStopCodon.part_lcl__NC_007361.1_cds_YP_308668.1_8,NA,neuraminidase,417,negative,0,0.795,-,0,"C:C:18,C:S:1",1,0.667,C,"C:4027,?:19,S:1"
GCF_000864105.1_noTerminalStopCodon.part_lcl__NC_007361.1_cds_YP_308668.1_8,NA,neuraminidase,418,neutral,0.436,0.538,-,0.801,"I:M:21,L:M:2,M:T:2,F:M:1,I:I:1,M:V:1",0.3549557005692972,0.667,M,"M:2866,I:1152,L:5,T:2,F:1,?:20,V:1"
GCF_000864105.1_noTerminalStopCodon.part_lcl__NC_007361.1_cds_YP_308668.1_8,NA,neuraminidase,419,negative,0.126,1.005,-,0,"R:R:18,K:R:6,R:V:1,V:V:2,N:V:1,R:S:1,M:R:2",1,0.571,R,"R:4008,K:10,V:5,N:1,?:20,S:1,M:2"
GCF_000864105.1_noTerminalStopCodon.part_lcl__NC_007361.1_cds_YP_308668.1_8,NA,neuraminidase,420,negative,0,0.619,-,0,P:P:12,1,0.667,P,"P:4027,?:20"
GCF_000864105.1_noTerminalStopCodon.part_lcl__NC_007361.1_cds_YP_308668.1_8,NA,neuraminidase,421,negative,0,1.377,-,0,"C:C:21,C:R:1",1,0.667,C,"C:4026,?:20,R:1"
GCF_000864105.1_noTerminalStopCodon.part_lcl__NC_007361.1_cds_YP_308668.1_8,NA,neuraminidase,422,negative,0,1.093,-,0,"F:F:21,F:L:1",1,0.667,F,"F:4025,?:21,L:1"
GCF_000864105.1_noTerminalStopCodon.part_lcl__NC_007361.1_cds_YP_308668.1_8,NA,neuraminidase,423,neutral,0,0,-,1,W:Y:2,1,0.667,W,"W:4025,Y:2,?:20"
GCF_000864105.1_noTerminalStopCodon.part_lcl__NC_007361.1_cds_YP_308668.1_8,NA,neuraminidase,424,negative,0.124,0.495,-,0.026,"I:V:10,V:V:10,G:V:1,D:V:1",1,0.21,V,"V:4008,I:15,?:22,G:1,D:1"
GCF_000864105.1_noTerminalStopCodon.part_lcl__NC_007361.1_cds_YP_308668.1_8,NA,neuraminidase,425,negative,0,0.736,-,0,E:E:15,1,0.667,E,"E:4022,?:25"
GCF_000864105.1_noTerminalStopCodon.part_lcl__NC_007361.1_cds_YP_308668.1_8,NA,neuraminidase,426,negative,0.124,1.243,-,0,"L:L:38,L:M:2,L:Q:1",1,0.667,L,"L:4015,M:5,?:24,Q:3"
GCF_000864105.1_noTerminalStopCodon.part_lcl__NC_007361.1_cds_YP_308668.1_8,NA,neuraminidase,427,negative,0,0.682,-,0,"I:I:17,I:V:2,I:T:1,I:S:1",1,0.667,I,"I:4020,V:2,?:23,T:1,S:1"
GCF_000864105.1_noTerminalStopCodon.part_lcl__NC_007361.1_cds_YP_308668.1_8,NA,neuraminidase,428,negative,0,0.76,-,0,"R:R:14,K:R:1",1,0.667,R,"R:4022,?:24,K:1"
GCF_000864105.1_noTerminalStopCodon.part_lcl__NC_007361.1_cds_YP_308668.1_8,NA,neuraminidase,429,negative,0,0.806,-,0,"G:G:22,G:R:1,A:G:1",1,0.667,G,"G:4020,?:25,R:1,A:1"
GCF_000864105.1_noTerminalStopCodon.part_lcl__NC_007361.1_cds_YP_308668.1_8,NA,neuraminidase,430,negative,0.296,0.97,-,0.008,"R:R:19,M:R:3,I:R:1,K:R:6,Q:R:6,L:R:3,G:R:4,R:S:1,R:W:1",1,0.149,R,"R:3981,M:4,I:1,K:10,Q:7,L:13,G:5,?:24,S:1,W:1"
GCF_000864105.1_noTerminalStopCodon.part_lcl__NC_007361.1_cds_YP_308668.1_8,NA,neuraminidase,431,negative,0,0.803,-,0,"P:P:22,L:P:1,G:P:1,P:R:1,P:T:1,A:P:1",1,0.667,P,"P:4019,L:1,G:1,?:23,R:1,T:1,A:1"
GCF_000864105.1_noTerminalStopCodon.part_lcl__NC_007361.1_cds_YP_308668.1_8,NA,neuraminidase,432,negative,0.192,0.853,-,0.003,"K:N:1,K:K:16,E:K:5,K:R:4,K:Q:6,K:P:1",1,0.667,K,"K:3988,N:1,E:22,R:6,Q:6,P:1,?:23"
GCF_000864105.1_noTerminalStopCodon.part_lcl__NC_007361.1_cds_YP_308668.1_8,NA,neuraminidase,433,negative,0,0.728,-,0,E:E:14,1,0.667,E,"E:4023,?:24"
GCF_000864105.1_noTerminalStopCodon.part_lcl__NC_007361.1_cds_YP_308668.1_8,NA,neuraminidase,434,neutral,0.881,0.786,-,0.751,"N:T:1,N:S:18,N:N:11,D:N:7,K:N:3,N:R:1,S:S:3,R:S:3,G:S:10,K:S:1",1,0.062,N,"N:2906,T:1,S:988,?:25,D:9,K:5,R:7,G:106"
GCF_000864105.1_noTerminalStopCodon.part_lcl__NC_007361.1_cds_YP_308668.1_8,NA,neuraminidase,435,negative,0.224,1.174,-,0,"T:T:27,M:T:1,S:T:2,T:V:1,A:T:5",1,0.032,T,"T:3998,?:26,M:1,S:2,V:3,A:17"
GCF_000864105.1_noTerminalStopCodon.part_lcl__NC_007361.1_cds_YP_308668.1_8,NA,neuraminidase,436,negative,0.131,0.923,-,0.001,"I:V:8,I:I:16,I:T:3,I:M:1,M:V:1,I:S:1",1,0.336,I,"I:3941,?:26,V:75,T:3,M:1,S:1"
GCF_000864105.1_noTerminalStopCodon.part_lcl__NC_007361.1_cds_YP_308668.1_8,NA,neuraminidase,437,neutral,0,0,-,1,NA,1,1,W,"W:4020,?:27"
GCF_000864105.1_noTerminalStopCodon.part_lcl__NC_007361.1_cds_YP_308668.1_8,NA,neuraminidase,438,negative,0.128,0.774,-,0.001,"A:T:6,I:T:4,T:T:16",1,0.667,T,"T:4005,A:8,?:28,I:6"
GCF_000864105.1_noTerminalStopCodon.part_lcl__NC_007361.1_cds_YP_308668.1_8,NA,neuraminidase,439,negative,0.306,1.05,-,0.004,"S:S:18,R:S:3,G:R:2,G:S:6,L:S:1",1,0.163,S,"S:3988,?:28,R:14,G:16,L:1"
GCF_000864105.1_noTerminalStopCodon.part_lcl__NC_007361.1_cds_YP_308668.1_8,NA,neuraminidase,440,negative,0.036,1.118,-,0,"G:G:25,G:S:1,N:S:1,G:V:1",1,0.667,G,"G:4013,?:28,S:4,N:1,V:1"
GCF_000864105.1_noTerminalStopCodon.part_lcl__NC_007361.1_cds_YP_308668.1_8,NA,neuraminidase,441,negative,0,0.711,-,0,S:S:16,1,0.667,S,"S:4018,?:29"
GCF_000864105.1_noTerminalStopCodon.part_lcl__NC_007361.1_cds_YP_308668.1_8,NA,neuraminidase,442,negative,0.138,0.803,-,0.001,"I:S:11,G:S:1,S:S:17,C:S:1",1,0.408,S,"S:4003,I:12,G:1,?:30,C:1"
GCF_000864105.1_noTerminalStopCodon.part_lcl__NC_007361.1_cds_YP_308668.1_8,NA,neuraminidase,443,negative,0.113,1.04,-,0,"I:M:5,I:T:3,I:I:7,I:V:3,I:L:3,L:L:1",1,0.262,I,"I:3958,?:31,M:5,T:3,V:7,L:43"
GCF_000864105.1_noTerminalStopCodon.part_lcl__NC_007361.1_cds_YP_308668.1_8,NA,neuraminidase,444,negative,0.101,2.689,-,0,"S:S:56,A:S:1,A:A:1,A:V:1,C:S:1,P:S:1",1,0.667,S,"S:4008,?:31,A:2,V:4,C:1,P:1"
GCF_000864105.1_noTerminalStopCodon.part_lcl__NC_007361.1_cds_YP_308668.1_8,NA,neuraminidase,445,negative,0.212,0.829,-,0.015,"F:F:10,F:L:5,F:M:1,F:Y:2,F:I:1",1,0.667,F,"F:3998,?:35,L:5,M:4,Y:4,I:1"
GCF_000864105.1_noTerminalStopCodon.part_lcl__NC_007361.1_cds_YP_308668.1_8,NA,neuraminidase,446,negative,0,0.519,-,0,"C:C:7,C:V:1",1,0.667,C,"C:4013,?:33,V:1"
GCF_000864105.1_noTerminalStopCodon.part_lcl__NC_007361.1_cds_YP_308668.1_8,NA,neuraminidase,447,negative,0,0.487,-,0,"G:G:11,G:V:1,G:S:1",1,0.667,G,"G:4009,?:36,V:1,S:1"
GCF_000864105.1_noTerminalStopCodon.part_lcl__NC_007361.1_cds_YP_308668.1_8,NA,neuraminidase,448,negative,0,0.724,-,0,"V:V:16,S:V:1,I:V:2",1,0.667,V,"V:4007,?:37,S:1,I:2"
GCF_000864105.1_noTerminalStopCodon.part_lcl__NC_007361.1_cds_YP_308668.1_8,NA,neuraminidase,449,neutral,0.609,1.043,-,0.186,"N:S:11,N:N:13,D:N:13,K:N:5,N:T:1,N:Y:1",1,0.667,N,"N:3871,?:41,S:76,D:27,K:30,T:1,Y:1"
GCF_000864105.1_noTerminalStopCodon.part_lcl__NC_007361.1_cds_YP_308668.1_8,NA,neuraminidase,450,negative,0.259,0.786,-,0.034,"G:S:16,S:S:12,H:S:1,E:S:1",1,0.667,S,"S:3887,G:100,?:55,H:4,E:1"
GCF_000864105.1_noTerminalStopCodon.part_lcl__NC_007361.1_cds_YP_308668.1_8,NA,neuraminidase,451,negative,0.18,0.595,-,0.029,"D:D:11,D:E:4,D:R:1,E:G:1,D:V:2,D:N:1,D:Y:1,D:G:2",1,0.667,D,"D:3720,?:58,E:259,R:1,G:3,V:4,N:1,Y:1"
GCF_000864105.1_noTerminalStopCodon.part_lcl__NC_007361.1_cds_YP_308668.1_8,NA,neuraminidase,452,neutral,0.18,0.227,-,0.752,"A:T:5,N:T:1,I:T:10,T:T:4,L:T:1",1,0.667,T,"T:3953,?:69,A:6,N:1,I:17,L:1"
GCF_000864105.1_noTerminalStopCodon.part_lcl__NC_007361.1_cds_YP_308668.1_8,NA,neuraminidase,453,negative,0.132,0.902,-,0,"A:V:8,V:V:19,L:V:1,G:V:6,M:V:5,T:V:1,I:V:2",1,0.667,V,"V:3948,?:69,A:13,L:1,G:6,M:7,T:1,I:2"
GCF_000864105.1_noTerminalStopCodon.part_lcl__NC_007361.1_cds_YP_308668.1_8,NA,neuraminidase,454,neutral,0.534,0.528,-,0.983,"D:G:10,G:G:6,G:V:3,G:S:17,S:S:2,N:S:7",1,0.47,G,"G:3080,D:17,?:76,V:6,S:851,N:17"
GCF_000864105.1_noTerminalStopCodon.part_lcl__NC_007361.1_cds_YP_308668.1_8,NA,neuraminidase,455,neutral,0,0.206,-,1,NA,1,0.667,W,"W:3968,?:79"
GCF_000864105.1_noTerminalStopCodon.part_lcl__NC_007361.1_cds_YP_308668.1_8,NA,neuraminidase,456,negative,0,0.72,-,0,"S:S:14,S:T:1,F:S:1",1,0.667,S,"S:3958,?:87,T:1,F:1"
GCF_000864105.1_noTerminalStopCodon.part_lcl__NC_007361.1_cds_YP_308668.1_8,NA,neuraminidase,457,negative,0,203.985,-,0.002,"R:W:3,C:W:2",1,0.667,W,"W:3943,?:99,R:3,C:2"
GCF_000864105.1_noTerminalStopCodon.part_lcl__NC_007361.1_cds_YP_308668.1_8,NA,neuraminidase,458,neutral,0.079,0.29,-,0.081,"P:S:1,P:P:6,H:P:1,H:H:2,A:P:3,L:P:1",1,0.667,P,"P:3937,?:99,S:1,H:5,A:3,L:2"
GCF_000864105.1_noTerminalStopCodon.part_lcl__NC_007361.1_cds_YP_308668.1_8,NA,neuraminidase,459,negative,0,0.295,-,0.001,"D:D:6,D:N:1,D:H:2",1,0.667,D,"D:3942,?:102,N:1,H:2"
GCF_000864105.1_noTerminalStopCodon.part_lcl__NC_007361.1_cds_YP_308668.1_8,NA,neuraminidase,460,negative,0.036,0.37,-,0.006,"G:G:7,G:S:6,G:V:1,D:G:1",1,0.522,G,"G:3936,?:102,S:7,V:1,D:1"
GCF_000864105.1_noTerminalStopCodon.part_lcl__NC_007361.1_cds_YP_308668.1_8,NA,neuraminidase,461,neutral,0.038,0.092,-,0.457,"A:T:1,A:A:1,A:V:1,A:G:1",1,0.47,A,"A:3931,?:108,T:1,V:6,G:1"
GCF_000864105.1_noTerminalStopCodon.part_lcl__NC_007361.1_cds_YP_308668.1_8,NA,neuraminidase,462,negative,0.138,0.782,-,0.003,"E:E:15,E:L:1,E:I:1,D:E:1,E:K:1,K:R:1",1,0.537,E,"E:3916,?:123,L:1,I:4,D:1,K:1,R:1"
GCF_000864105.1_noTerminalStopCodon.part_lcl__NC_007361.1_cds_YP_308668.1_8,NA,neuraminidase,463,negative,0,0.419,-,0.006,"L:S:4,L:L:11,I:L:1,L:M:2,L:V:4,C:L:1,F:L:1",1,0.667,L,"L:3909,?:125,S:4,I:1,M:2,V:4,C:1,F:1"
GCF_000864105.1_noTerminalStopCodon.part_lcl__NC_007361.1_cds_YP_308668.1_8,NA,neuraminidase,464,negative,0,0.688,-,0,"P:P:14,I:P:1,P:Q:1,H:P:1,A:P:1,P:S:1",1,0.667,P,"P:3914,?:128,I:1,Q:1,H:1,A:1,S:1"
GCF_000864105.1_noTerminalStopCodon.part_lcl__NC_007361.1_cds_YP_308668.1_8,NA,neuraminidase,465,negative,0.05,0.443,-,0.009,"F:F:8,F:L:4,F:Y:2,F:S:5,F:H:1,F:R:1",1,0.667,F,"F:3882,?:137,L:4,Y:17,S:5,H:1,R:1"
GCF_000864105.1_noTerminalStopCodon.part_lcl__NC_007361.1_cds_YP_308668.1_8,NA,neuraminidase,466,neutral,0.227,0.257,-,0.841,"I:T:8,T:T:4,D:T:1,D:D:2,D:F:1,N:T:1,A:T:3,H:T:1,P:T:1,T:W:1",1,0.667,T,"T:3868,I:16,?:144,D:5,F:1,N:2,A:8,H:1,P:1,W:1"
GCF_000864105.1_noTerminalStopCodon.part_lcl__NC_007361.1_cds_YP_308668.1_8,NA,neuraminidase,467,neutral,0.054,0.168,-,0.323,"I:V:8,F:I:1,I:I:3,I:M:5,I:N:2,I:S:1,I:L:1",1,0.45,I,"I:3868,?:156,V:8,F:1,M:10,N:2,S:1,L:1"
GCF_000864105.1_noTerminalStopCodon.part_lcl__NC_007361.1_cds_YP_308668.1_8,NA,neuraminidase,468,neutral,0.137,0.076,overall,0.604,"D:D:2,D:T:3,D:N:2,D:G:1,A:D:1",0.003608271,0,D,"D:3863,?:172,T:8,N:2,G:1,A:1"
GCF_000864105.1_noTerminalStopCodon.part_lcl__NC_007361.1_cds_YP_308668.1_8,NA,neuraminidase,469,neutral,0.121,0.416,-,0.066,"K:N:6,K:R:4,K:K:11,K:S:1,K:Q:2,E:K:1",1,0.009,K,"K:3833,N:11,?:190,R:4,S:6,Q:2,E:1"
GCF_000864105.1_noTerminalStopCodon.part_lcl__NC_007362.1_cds_YP_308669.1_6,HA,hemagglutinin,1,neutral,0,0,-,1,NA,1,1,M,"M:4355,-:239"
GCF_000864105.1_noTerminalStopCodon.part_lcl__NC_007362.1_cds_YP_308669.1_6,HA,hemagglutinin,2,negative,0.246,0.991,-,0.001,"E:K:22,E:E:23,C:E:1,D:E:2,E:G:2,K:K:1,E:P:1",1,0.637,E,"E:4166,K:188,-:234,C:1,D:2,G:2,P:1"
GCF_000864105.1_noTerminalStopCodon.part_lcl__NC_007362.1_cds_YP_308669.1_6,HA,hemagglutinin,3,neutral,0.514,0.866,-,0.205,"N:T:2,K:N:8,D:N:2,N:S:3,N:N:6,I:N:1,D:K:1,K:R:9,R:R:1,E:K:3,I:K:1,K:K:6,K:T:1,K:S:1,K:Y:1",1,0.667,N,"N:2998,T:3,K:1290,-:230,D:5,S:7,I:2,R:54,E:4,Y:1"
GCF_000864105.1_noTerminalStopCodon.part_lcl__NC_007362.1_cds_YP_308669.1_6,HA,hemagglutinin,4,neutral,0.282,0,-,0.076,"I:V:5,I:M:6,I:T:11,I:L:4,I:R:1",1,0.091,I,"I:4334,V:7,M:5,-:222,T:20,L:5,R:1"
GCF_000864105.1_noTerminalStopCodon.part_lcl__NC_007362.1_cds_YP_308669.1_6,HA,hemagglutinin,5,neutral,0.883,1.097,-,0.479,"A:V:20,V:V:27,I:V:17,M:V:10,G:V:1,E:V:2,L:V:1,T:V:1,I:I:1,F:V:1",1,0.544,V,"V:4240,A:40,I:58,-:210,M:39,?:1,G:1,E:2,L:1,T:1,F:1"
GCF_000864105.1_noTerminalStopCodon.part_lcl__NC_007362.1_cds_YP_308669.1_6,HA,hemagglutinin,6,neutral,0.364,0.709,-,0.135,"L:L:18,I:L:6,L:P:3,I:V:1,I:I:1,F:L:10,L:V:1,A:V:1,P:T:1",1,0.667,L,"L:4313,I:43,-:206,?:6,P:6,V:3,F:13,A:1,T:3"
GCF_000864105.1_noTerminalStopCodon.part_lcl__NC_007362.1_cds_YP_308669.1_6,HA,hemagglutinin,7,negative,0.448,1.011,-,0.035,"F:L:18,L:L:21,L:P:2,A:L:1,A:S:1,I:L:3,L:S:1",1,0.255,L,"L:4314,F:27,-:204,P:2,A:37,S:2,I:6,?:2"
GCF_000864105.1_noTerminalStopCodon.part_lcl__NC_007362.1_cds_YP_308669.1_6,HA,hemagglutinin,8,neutral,0.322,0.329,-,0.97,"F:L:18,I:L:3,L:L:4,F:F:3",1,0.652,L,"L:3615,-:200,F:776,I:3"
GCF_000864105.1_noTerminalStopCodon.part_lcl__NC_007362.1_cds_YP_308669.1_6,HA,hemagglutinin,9,negative,0.153,0.614,-,0.011,"A:A:13,A:T:10,A:V:4,A:S:4",1,0.667,A,"A:4352,-:199,?:3,T:29,V:7,S:4"
GCF_000864105.1_noTerminalStopCodon.part_lcl__NC_007362.1_cds_YP_308669.1_6,HA,hemagglutinin,10,positive,0.819,0.119,-,0.011,"I:I:1,I:M:12,I:V:12,I:T:17,I:L:2,A:T:3,K:T:1,A:V:2,S:T:2,L:V:1",1,0,I,"I:3629,M:43,V:21,T:466,-:193,L:3,A:232,?:3,K:1,S:3"
GCF_000864105.1_noTerminalStopCodon.part_lcl__NC_007362.1_cds_YP_308669.1_6,HA,hemagglutinin,11,neutral,1.41,1.322,-,0.815,"V:V:23,I:V:35,A:V:7,L:V:1,F:V:5,F:I:1,I:I:6,I:T:11,I:L:1,T:T:2,F:T:1,A:T:1",1,0.534,V,"V:3375,I:799,A:18,-:189,L:2,F:28,?:2,T:181"
GCF_000864105.1_noTerminalStopCodon.part_lcl__NC_007362.1_cds_YP_308669.1_6,HA,hemagglutinin,12,negative,0.516,1.679,-,0,"N:S:24,S:S:28,G:S:9,R:S:3,C:S:1,S:T:2",1,0.667,S,"S:4304,N:70,G:29,-:184,?:1,R:3,C:1,T:2"
GCF_000864105.1_noTerminalStopCodon.part_lcl__NC_007362.1_cds_YP_308669.1_6,HA,hemagglutinin,13,neutral,0.327,0.604,-,0.198,"L:L:13,I:L:8,I:V:1,L:P:1,F:L:7,I:T:3,L:V:1,I:I:1",1,0.667,L,"L:4214,I:189,-:171,V:2,P:1,F:14,T:3"
GCF_000864105.1_noTerminalStopCodon.part_lcl__NC_007362.1_cds_YP_308669.1_6,HA,hemagglutinin,14,negative,0.397,1.45,-,0,"V:V:33,G:V:2,A:V:13,I:V:2,F:V:1,L:V:1,T:V:2",1,0.016,V,"V:4392,G:5,-:162,A:17,I:12,F:1,L:1,T:3,?:1"
GCF_000864105.1_noTerminalStopCodon.part_lcl__NC_007362.1_cds_YP_308669.1_6,HA,hemagglutinin,15,neutral,0.463,0.697,-,0.362,"K:K:11,E:K:9,K:R:9,K:S:1,K:Q:1",1,0.667,K,"K:4380,E:18,-:155,R:39,S:1,Q:1"
GCF_000864105.1_noTerminalStopCodon.part_lcl__NC_007362.1_cds_YP_308669.1_6,HA,hemagglutinin,16,negative,0.211,0.923,-,0.001,"G:S:23,S:T:2,S:S:14,C:S:1,G:G:1,A:G:1",1,0.667,S,"S:4369,G:65,T:2,-:155,C:1,?:1,A:1"
GCF_000864105.1_noTerminalStopCodon.part_lcl__NC_007362.1_cds_YP_308669.1_6,HA,hemagglutinin,17,negative,0,1.757,-,0,"D:D:29,D:V:2",1,0.667,D,"D:4496,-:93,?:3,V:2"
GCF_000864105.1_noTerminalStopCodon.part_lcl__NC_007362.1_cds_YP_308669.1_6,HA,hemagglutinin,18,negative,0.266,0.864,-,0.016,"H:Q:7,Q:Q:15,Q:R:2,H:H:5,D:H:1",1,0.642,Q,"Q:3839,H:644,-:90,?:4,R:16,D:1"
GCF_000864105.1_noTerminalStopCodon.part_lcl__NC_007362.1_cds_YP_308669.1_6,HA,hemagglutinin,19,negative,0,0.961,-,0,"I:I:20,I:V:1",1,0.667,I,"I:4507,-:85,V:1,?:1"
GCF_000864105.1_noTerminalStopCodon.part_lcl__NC_007362.1_cds_YP_308669.1_6,HA,hemagglutinin,20,negative,0,0.241,-,0.007,"C:C:5,C:Y:2",1,0.667,C,"C:4507,-:84,Y:2,?:1"
GCF_000864105.1_noTerminalStopCodon.part_lcl__NC_007362.1_cds_YP_308669.1_6,HA,hemagglutinin,21,negative,0,0.328,-,0.002,"I:I:7,I:V:5,I:L:1,I:T:1,I:S:1",1,0.667,I,"I:4504,-:81,V:5,?:1,L:1,T:1,S:1"
GCF_000864105.1_noTerminalStopCodon.part_lcl__NC_007362.1_cds_YP_308669.1_6,HA,hemagglutinin,22,negative,0,0.65,-,0,"G:G:16,C:G:2,F:G:1",1,0.667,G,"G:4510,-:81,C:2,F:1"
GCF_000864105.1_noTerminalStopCodon.part_lcl__NC_007362.1_cds_YP_308669.1_6,HA,hemagglutinin,23,negative,0,1.454,-,0,"Y:Y:28,S:Y:1",1,0.667,Y,"Y:4511,-:80,?:2,S:1"
GCF_000864105.1_noTerminalStopCodon.part_lcl__NC_007362.1_cds_YP_308669.1_6,HA,hemagglutinin,24,negative,0,0.521,-,0,"H:H:9,H:Q:1",1,0.667,H,"H:4512,-:79,?:2,Q:1"
GCF_000864105.1_noTerminalStopCodon.part_lcl__NC_007362.1_cds_YP_308669.1_6,HA,hemagglutinin,25,negative,0,0.33,-,0.001,"A:S:1,A:A:8,A:V:1",1,0.667,A,"A:4513,-:78,S:1,V:1,?:1"
GCF_000864105.1_noTerminalStopCodon.part_lcl__NC_007362.1_cds_YP_308669.1_6,HA,hemagglutinin,26,negative,0,1.073,-,0,"N:N:20,N:S:2",1,0.667,N,"N:4514,-:78,S:2"
GCF_000864105.1_noTerminalStopCodon.part_lcl__NC_007362.1_cds_YP_308669.1_6,HA,hemagglutinin,27,negative,0,0.759,-,0,N:N:14,1,0.667,N,"N:4516,-:77,?:1"
GCF_000864105.1_noTerminalStopCodon.part_lcl__NC_007362.1_cds_YP_308669.1_6,HA,hemagglutinin,28,negative,0,1.762,-,0,"S:S:54,P:S:2,L:S:1",1,0.667,S,"S:4516,-:72,?:3,P:2,L:1"
GCF_000864105.1_noTerminalStopCodon.part_lcl__NC_007362.1_cds_YP_308669.1_6,HA,hemagglutinin,29,negative,0,0.454,-,0,T:T:11,1,0.667,T,"T:4522,-:72"
GCF_000864105.1_noTerminalStopCodon.part_lcl__NC_007362.1_cds_YP_308669.1_6,HA,hemagglutinin,30,neutral,0.552,0.989,-,0.098,"E:E:22,E:K:16,D:E:3,E:V:2,E:T:1,K:R:1,K:K:3,K:M:1,K:N:1,N:S:1,E:G:1",1,0.599,E,"E:4271,-:70,K:239,D:3,V:4,T:1,R:1,M:1,S:1,N:2,G:1"
GCF_000864105.1_noTerminalStopCodon.part_lcl__NC_007362.1_cds_YP_308669.1_6,HA,hemagglutinin,31,neutral,0.153,0.457,-,0.111,"H:Q:4,Q:Q:11,K:Q:3,Q:T:1,Q:R:3,L:Q:1",1,0.553,Q,"Q:4507,H:4,-:70,K:7,T:1,R:3,L:1,?:1"
GCF_000864105.1_noTerminalStopCodon.part_lcl__NC_007362.1_cds_YP_308669.1_6,HA,hemagglutinin,32,negative,0.097,0.605,-,0.003,"V:V:14,I:V:7,A:V:1",1,0.667,V,"V:4514,-:69,I:9,A:1,?:1"
GCF_000864105.1_noTerminalStopCodon.part_lcl__NC_007362.1_cds_YP_308669.1_6,HA,hemagglutinin,33,negative,0,0.563,-,0,D:D:11,1,0.667,D,"D:4525,-:69"
GCF_000864105.1_noTerminalStopCodon.part_lcl__NC_007362.1_cds_YP_308669.1_6,HA,hemagglutinin,34,negative,0,1.39,-,0,T:T:37,1,0.667,T,"T:4523,-:69,?:2"
GCF_000864105.1_noTerminalStopCodon.part_lcl__NC_007362.1_cds_YP_308669.1_6,HA,hemagglutinin,35,negative,0,0.551,-,0.001,"I:I:4,I:V:1,I:T:1,I:L:1",1,0.667,I,"I:4521,-:69,?:1,V:1,T:1,L:1"
GCF_000864105.1_noTerminalStopCodon.part_lcl__NC_007362.1_cds_YP_308669.1_6,HA,hemagglutinin,36,negative,0,371.01,-,0,"L:M:1,M:V:2,K:M:1",1,0.667,M,"M:4521,-:68,L:1,V:2,K:1,?:1"
GCF_000864105.1_noTerminalStopCodon.part_lcl__NC_007362.1_cds_YP_308669.1_6,HA,hemagglutinin,37,negative,0,1.111,-,0,"E:E:20,E:K:2",1,0.667,E,"E:4526,-:66,K:2"
GCF_000864105.1_noTerminalStopCodon.part_lcl__NC_007362.1_cds_YP_308669.1_6,HA,hemagglutinin,38,negative,0.102,0.945,-,0,"K:R:6,K:K:24,G:K:1",1,0.667,K,"K:4516,R:8,-:68,?:1,G:1"
GCF_000864105.1_noTerminalStopCodon.part_lcl__NC_007362.1_cds_YP_308669.1_6,HA,hemagglutinin,39,negative,0.046,1.229,-,0,"N:N:24,D:N:2,N:Y:1,N:R:1,N:S:1",1,0.667,N,"N:4531,-:56,?:1,D:3,Y:1,R:1,S:1"
GCF_000864105.1_noTerminalStopCodon.part_lcl__NC_007362.1_cds_YP_308669.1_6,HA,hemagglutinin,40,negative,0,1.021,-,0,"V:V:25,I:V:3,A:V:1",1,0.667,V,"V:4539,-:51,I:3,A:1"
GCF_000864105.1_noTerminalStopCodon.part_lcl__NC_007362.1_cds_YP_308669.1_6,HA,hemagglutinin,41,negative,0,0.844,-,0,"T:T:21,P:T:1",1,0.667,T,"T:4540,-:51,?:2,P:1"
GCF_000864105.1_noTerminalStopCodon.part_lcl__NC_007362.1_cds_YP_308669.1_6,HA,hemagglutinin,42,negative,0,0.965,-,0,"V:V:23,I:V:1,A:V:1",1,0.667,V,"V:4541,-:51,I:1,A:1"
GCF_000864105.1_noTerminalStopCodon.part_lcl__NC_007362.1_cds_YP_308669.1_6,HA,hemagglutinin,43,negative,0,0.765,-,0,"T:T:18,I:T:1,A:T:1",1,0.667,T,"T:4547,-:44,?:1,I:1,A:1"
GCF_000864105.1_noTerminalStopCodon.part_lcl__NC_007362.1_cds_YP_308669.1_6,HA,hemagglutinin,44,negative,0.092,0.658,-,0.002,"H:Q:4,H:H:12,D:H:1,H:L:1,H:N:1",1,0.667,H,"H:4529,-:43,Q:19,D:1,L:1,N:1"
GCF_000864105.1_noTerminalStopCodon.part_lcl__NC_007362.1_cds_YP_308669.1_6,HA,hemagglutinin,45,negative,0.042,1.166,-,0,"A:A:31,A:T:1,A:S:4,A:G:1",1,0.667,A,"A:4530,-:43,T:1,S:19,G:1"
GCF_000864105.1_noTerminalStopCodon.part_lcl__NC_007362.1_cds_YP_308669.1_6,HA,hemagglutinin,46,neutral,0.446,0.636,-,0.482,"Q:R:7,Q:Q:11,K:Q:7,L:Q:1,Q:V:1",1,0.667,Q,"Q:4529,-:41,R:9,K:13,L:1,V:1"
GCF_000864105.1_noTerminalStopCodon.part_lcl__NC_007362.1_cds_YP_308669.1_6,HA,hemagglutinin,47,negative,0.142,0.565,-,0.018,"D:N:12,D:D:11,D:E:2",1,0.649,D,"D:4540,-:29,N:22,E:2,?:1"
GCF_000864105.1_noTerminalStopCodon.part_lcl__NC_007362.1_cds_YP_308669.1_6,HA,hemagglutinin,48,negative,0,0.354,-,0.006,"I:I:2,I:K:1,I:L:2",1,0.667,I,"I:4563,-:28,K:1,L:2"
GCF_000864105.1_noTerminalStopCodon.part_lcl__NC_007362.1_cds_YP_308669.1_6,HA,hemagglutinin,49,negative,0,0.828,-,0,"L:L:43,I:L:1,L:V:1,L:P:1",1,0.667,L,"L:4562,-:28,?:1,I:1,V:1,P:1"
GCF_000864105.1_noTerminalStopCodon.part_lcl__NC_007362.1_cds_YP_308669.1_6,HA,hemagglutinin,50,negative,0,1.536,-,0,"E:E:28,E:G:1",1,0.667,E,"E:4572,-:20,G:1,?:1"
GCF_000864105.1_noTerminalStopCodon.part_lcl__NC_007362.1_cds_YP_308669.1_6,HA,hemagglutinin,51,negative,0.254,0.932,-,0.004,"K:K:20,K:R:16,K:N:1",1,0.667,K,"K:4545,R:29,-:19,N:1"
GCF_000864105.1_noTerminalStopCodon.part_lcl__NC_007362.1_cds_YP_308669.1_6,HA,hemagglutinin,52,neutral,0.71,0.658,-,0.832,"A:T:23,T:T:10,A:V:1,K:T:2,E:T:1,E:E:4,E:K:2,E:Q:1,A:E:1",1,0.318,T,"T:4284,A:245,-:19,V:2,?:1,K:7,E:35,Q:1"
GCF_000864105.1_noTerminalStopCodon.part_lcl__NC_007362.1_cds_YP_308669.1_6,HA,hemagglutinin,53,negative,0,0.724,-,0,"H:H:14,H:K:1,H:R:1",1,0.667,H,"H:4574,-:18,K:1,R:1"
GCF_000864105.1_noTerminalStopCodon.part_lcl__NC_007362.1_cds_YP_308669.1_6,HA,hemagglutinin,54,negative,0,1.709,-,0,"N:N:32,E:N:1",1,0.667,N,"N:4575,-:18,E:1"
GCF_000864105.1_noTerminalStopCodon.part_lcl__NC_007362.1_cds_YP_308669.1_6,HA,hemagglutinin,55,negative,0,0.699,-,0,"G:G:22,E:G:3,G:R:1",1,0.667,G,"G:4572,-:17,E:3,?:1,R:1"
GCF_000864105.1_noTerminalStopCodon.part_lcl__NC_007362.1_cds_YP_308669.1_6,HA,hemagglutinin,56,negative,0.203,1.46,-,0,"K:K:37,K:R:5,K:M:2,K:N:1,K:T:1",1,0.667,K,"K:4558,-:17,R:14,M:3,N:1,T:1"
GCF_000864105.1_noTerminalStopCodon.part_lcl__NC_007362.1_cds_YP_308669.1_6,HA,hemagglutinin,57,negative,0,0.815,-,0,"L:L:23,H:L:1,F:L:1",1,0.667,L,"L:4575,-:17,H:1,F:1"
GCF_000864105.1_noTerminalStopCodon.part_lcl__NC_007362.1_cds_YP_308669.1_6,HA,hemagglutinin,58,negative,0,1.019,-,0,"C:C:19,C:R:1,C:S:1",1,0.667,C,"C:4575,-:17,R:1,S:1"
GCF_000864105.1_noTerminalStopCodon.part_lcl__NC_007362.1_cds_YP_308669.1_6,HA,hemagglutinin,59,negative,0.29,1.351,-,0,"D:D:19,D:N:12,A:D:1,N:S:2,S:S:2,K:S:1,D:E:2,N:N:1",1,0.667,D,"D:4339,-:17,N:172,A:1,S:60,K:1,E:4"
GCF_000864105.1_noTerminalStopCodon.part_lcl__NC_007362.1_cds_YP_308669.1_6,HA,hemagglutinin,60,negative,0.167,1.018,-,0.001,"L:L:41,I:L:5,I:I:1",1,0.667,L,"L:4564,I:10,-:17,?:3"
GCF_000864105.1_noTerminalStopCodon.part_lcl__NC_007362.1_cds_YP_308669.1_6,HA,hemagglutinin,61,neutral,0.367,0.461,-,0.648,"D:N:11,D:G:1,K:N:2,K:S:1,N:N:5,D:D:3,D:E:1",1,0.667,N,"N:3785,-:18,D:749,G:1,K:39,S:1,E:1"
GCF_000864105.1_noTerminalStopCodon.part_lcl__NC_007362.1_cds_YP_308669.1_6,HA,hemagglutinin,62,negative,0,0.968,-,0,"G:G:25,G:N:1",1,0.667,G,"G:4574,-:18,?:1,N:1"
GCF_000864105.1_noTerminalStopCodon.part_lcl__NC_007362.1_cds_YP_308669.1_6,HA,hemagglutinin,63,negative,0.101,0.804,-,0,"V:V:24,I:V:3,K:V:1,M:V:1,H:V:1,L:V:1",1,0.029,V,"V:4562,-:18,I:10,K:1,M:1,H:1,L:1"
GCF_000864105.1_noTerminalStopCodon.part_lcl__NC_007362.1_cds_YP_308669.1_6,HA,hemagglutinin,64,negative,0.154,1.122,-,0,"K:R:10,K:K:27,E:K:1,K:Q:1,R:R:1,A:K:1,I:K:1",1,0.667,K,"K:4468,-:17,R:105,E:1,Q:1,A:1,I:1"
GCF_000864105.1_noTerminalStopCodon.part_lcl__NC_007362.1_cds_YP_308669.1_6,HA,hemagglutinin,65,negative,0,0.729,-,0,"P:P:19,P:S:1",1,0.667,P,"P:4575,?:2,-:16,S:1"
GCF_000864105.1_noTerminalStopCodon.part_lcl__NC_007362.1_cds_YP_308669.1_6,HA,hemagglutinin,66,negative,0,0.809,-,0,"L:L:39,L:M:1",1,0.667,L,"L:4577,-:16,M:1"
GCF_000864105.1_noTerminalStopCodon.part_lcl__NC_007362.1_cds_YP_308669.1_6,HA,hemagglutinin,67,negative,0.049,0.679,-,0,"I:V:3,I:L:2,I:I:14,D:I:1",1,0.667,I,"I:4569,V:3,-:16,?:1,L:4,D:1"
GCF_000864105.1_noTerminalStopCodon.part_lcl__NC_007362.1_cds_YP_308669.1_6,HA,hemagglutinin,68,negative,0,1.191,-,0,"L:L:40,L:M:1",1,0.667,L,"L:4578,-:15,M:1"
GCF_000864105.1_noTerminalStopCodon.part_lcl__NC_007362.1_cds_YP_308669.1_6,HA,hemagglutinin,69,negative,0.229,1.272,-,0,"K:K:23,K:N:7,K:R:11,K:Q:1,E:K:2,R:R:5",1,0.667,K,"K:3766,N:7,-:14,?:2,R:801,Q:1,E:3"
GCF_000864105.1_noTerminalStopCodon.part_lcl__NC_007362.1_cds_YP_308669.1_6,HA,hemagglutinin,70,negative,0.17,0.985,-,0,"D:N:6,D:D:17,D:G:2",1,0.667,D,"D:4561,N:11,-:16,G:5,?:1"
GCF_000864105.1_noTerminalStopCodon.part_lcl__NC_007362.1_cds_YP_308669.1_6,HA,hemagglutinin,71,negative,0,0.876,-,0,C:C:16,1,0.667,C,"C:4578,-:16"
GCF_000864105.1_noTerminalStopCodon.part_lcl__NC_007362.1_cds_YP_308669.1_6,HA,hemagglutinin,72,negative,0,0.881,-,0,"S:S:15,S:T:1,R:S:2",1,0.667,S,"S:4577,-:12,?:2,T:1,R:2"
GCF_000864105.1_noTerminalStopCodon.part_lcl__NC_007362.1_cds_YP_308669.1_6,HA,hemagglutinin,73,negative,0,1.062,-,0,"V:V:25,I:V:2,L:V:1",1,0.667,V,"V:4580,-:11,I:2,L:1"
GCF_000864105.1_noTerminalStopCodon.part_lcl__NC_007362.1_cds_YP_308669.1_6,HA,hemagglutinin,74,negative,0.042,1.055,-,0,"A:A:25,A:E:1,A:D:1,A:V:1",1,0.667,A,"A:4579,-:11,E:1,D:1,V:2"
GCF_000864105.1_noTerminalStopCodon.part_lcl__NC_007362.1_cds_YP_308669.1_6,HA,hemagglutinin,75,negative,0,1.464,-,0,G:G:35,1,0.667,G,"G:4583,-:11"
GCF_000864105.1_noTerminalStopCodon.part_lcl__NC_007362.1_cds_YP_308669.1_6,HA,hemagglutinin,76,neutral,0,0.156,-,1,NA,1,0.667,W,"W:4583,-:11"
GCF_000864105.1_noTerminalStopCodon.part_lcl__NC_007362.1_cds_YP_308669.1_6,HA,hemagglutinin,77,negative,0,1.006,-,0,"L:L:26,I:L:1",1,0.667,L,"L:4581,-:11,?:1,I:1"
GCF_000864105.1_noTerminalStopCodon.part_lcl__NC_007362.1_cds_YP_308669.1_6,HA,hemagglutinin,78,negative,0,1.144,-,0,L:L:31,1,0.667,L,"L:4581,-:11,?:2"
GCF_000864105.1_noTerminalStopCodon.part_lcl__NC_007362.1_cds_YP_308669.1_6,HA,hemagglutinin,79,negative,0,0.961,-,0,"G:G:25,E:G:1,G:R:1",1,0.667,G,"G:4580,-:11,?:1,E:1,R:1"
GCF_000864105.1_noTerminalStopCodon.part_lcl__NC_007362.1_cds_YP_308669.1_6,HA,hemagglutinin,80,negative,0,2.188,-,0,"N:N:41,D:N:1",1,0.667,N,"N:4581,-:11,?:1,D:1"
GCF_000864105.1_noTerminalStopCodon.part_lcl__NC_007362.1_cds_YP_308669.1_6,HA,hemagglutinin,81,negative,0,0.908,-,0,P:P:22,1,0.667,P,"P:4583,-:11"
GCF_000864105.1_noTerminalStopCodon.part_lcl__NC_007362.1_cds_YP_308669.1_6,HA,hemagglutinin,82,neutral,0.169,0.641,-,0.099,"L:M:4,M:R:1,M:T:1,L:S:3,L:W:2,L:L:2,K:M:2",1,0.603,M,"M:4249,-:11,L:318,R:1,T:1,S:4,W:7,K:3"
GCF_000864105.1_noTerminalStopCodon.part_lcl__NC_007362.1_cds_YP_308669.1_6,HA,hemagglutinin,83,negative,0,1.58,-,0,"C:C:29,C:R:1",1,0.667,C,"C:4583,-:10,R:1"
GCF_000864105.1_noTerminalStopCodon.part_lcl__NC_007362.1_cds_YP_308669.1_6,HA,hemagglutinin,84,negative,0.042,1.885,-,0,"D:D:36,D:G:3,G:S:1",1,0.667,D,"D:4566,-:10,?:1,G:16,S:1"
GCF_000864105.1_noTerminalStopCodon.part_lcl__NC_007362.1_cds_YP_308669.1_6,HA,hemagglutinin,85,negative,0.047,0.904,-,0,"E:E:16,E:G:1,E:I:1,E:K:2,D:E:1",1,0.667,E,"E:4577,-:10,G:1,I:1,K:4,D:1"
GCF_000864105.1_noTerminalStopCodon.part_lcl__NC_007362.1_cds_YP_308669.1_6,HA,hemagglutinin,86,negative,0,0.466,-,0,"F:F:9,F:L:2",1,0.667,F,"F:4582,-:9,?:1,L:2"
GCF_000864105.1_noTerminalStopCodon.part_lcl__NC_007362.1_cds_YP_308669.1_6,HA,hemagglutinin,87,positive,1.319,0.617,-,0.02,"I:N:4,I:I:6,I:L:5,I:T:25,L:L:10,F:L:2,L:P:2,N:T:3,T:T:2,I:V:2,D:N:1",1,0.02,I,"I:3863,N:10,-:9,L:398,T:299,?:2,F:3,P:6,V:3,D:1"
GCF_000864105.1_noTerminalStopCodon.part_lcl__NC_007362.1_cds_YP_308669.1_6,HA,hemagglutinin,88,neutral,0.242,0.478,-,0.213,"R:S:2,R:R:4,G:R:1,E:G:2,K:R:1,K:N:5,N:S:1,A:S:1,N:N:4,D:N:7,D:D:1",1,0.667,R,"R:3059,-:9,S:10,E:2,G:15,N:1460,K:6,A:1,D:32"
GCF_000864105.1_noTerminalStopCodon.part_lcl__NC_007362.1_cds_YP_308669.1_6,HA,hemagglutinin,89,negative,0,0.77,-,0,"V:V:24,A:V:1,D:V:1",1,0.667,V,"V:4583,-:9,A:1,D:1"
GCF_000864105.1_noTerminalStopCodon.part_lcl__NC_007362.1_cds_YP_308669.1_6,HA,hemagglutinin,90,negative,0.091,1.601,-,0,"P:P:45,L:P:1,P:Q:1,P:S:2",1,0.667,P,"P:4572,-:9,?:2,L:1,Q:1,S:9"
GCF_000864105.1_noTerminalStopCodon.part_lcl__NC_007362.1_cds_YP_308669.1_6,HA,hemagglutinin,91,negative,0,0.941,-,0,"E:E:16,E:S:1,E:G:1,E:V:1",1,0.667,E,"E:4581,-:9,?:1,S:1,G:1,V:1"
GCF_000864105.1_noTerminalStopCodon.part_lcl__NC_007362.1_cds_YP_308669.1_6,HA,hemagglutinin,92,neutral,0,10000,-,0.206,C:W:1,1,0.667,W,"W:4584,-:9,C:1"
GCF_000864105.1_noTerminalStopCodon.part_lcl__NC_007362.1_cds_YP_308669.1_6,HA,hemagglutinin,93,negative,0,1.329,-,0,"S:S:33,F:S:1,S:Y:1",1,0.667,S,"S:4583,-:9,F:1,Y:1"
GCF_000864105.1_noTerminalStopCodon.part_lcl__NC_007362.1_cds_YP_308669.1_6,HA,hemagglutinin,94,negative,0,0.623,-,0,Y:Y:13,1,0.667,Y,"Y:4584,-:9,?:1"
GCF_000864105.1_noTerminalStopCodon.part_lcl__NC_007362.1_cds_YP_308669.1_6,HA,hemagglutinin,95,negative,0,1.048,-,0,"I:I:8,F:I:1",1,0.667,I,"I:4584,-:9,F:1"
GCF_000864105.1_noTerminalStopCodon.part_lcl__NC_007362.1_cds_YP_308669.1_6,HA,hemagglutinin,96,negative,0,0.971,-,0,"V:V:29,I:V:2",1,0.667,V,"V:4584,?:1,I:2,-:7"
GCF_000864105.1_noTerminalStopCodon.part_lcl__NC_007362.1_cds_YP_308669.1_6,HA,hemagglutinin,97,negative,0,0.868,-,0,"A:E:1,E:E:22",1,0.667,E,"E:4586,A:1,-:7"
GCF_000864105.1_noTerminalStopCodon.part_lcl__NC_007362.1_cds_YP_308669.1_6,HA,hemagglutinin,98,negative,0.097,0.791,-,0,"R:R:16,K:R:8,K:K:6",1,0.667,R,"R:3087,K:1500,-:7"
GCF_000864105.1_noTerminalStopCodon.part_lcl__NC_007362.1_cds_YP_308669.1_6,HA,hemagglutinin,99,neutral,1.073,1,-,0.81,"A:T:15,A:A:19,A:D:17,A:S:5,D:D:5,D:P:1,A:I:1,I:I:1,I:N:1,I:V:1,A:V:3,A:P:1",0.1893847808312948,0.047,A,"A:3882,T:39,D:276,S:40,-:8,P:2,I:339,N:1,V:5,?:2"
GCF_000864105.1_noTerminalStopCodon.part_lcl__NC_007362.1_cds_YP_308669.1_6,HA,hemagglutinin,100,negative,0.409,1.804,-,0,"N:N:29,H:N:3,D:N:9,N:Y:1,K:N:3,N:S:13,S:S:2,K:S:1,I:S:1",1,0.667,N,"N:4482,H:4,D:13,-:8,Y:1,K:17,S:67,I:1,?:1"
GCF_000864105.1_noTerminalStopCodon.part_lcl__NC_007362.1_cds_YP_308669.1_6,HA,hemagglutinin,101,negative,0,0.657,-,0,"P:P:15,A:P:1",1,0.667,P,"P:4584,-:8,?:1,A:1"
GCF_000864105.1_noTerminalStopCodon.part_lcl__NC_007362.1_cds_YP_308669.1_6,HA,hemagglutinin,102,neutral,1.159,1.212,-,0.868,"A:T:18,A:S:9,A:A:27,A:V:30,A:D:3,V:V:3,I:V:4,A:R:1,D:V:1,I:T:1,T:T:1",1,0.66,A,"A:4226,T:57,S:19,V:269,D:4,-:8,I:9,?:1,R:1"
GCF_000864105.1_noTerminalStopCodon.part_lcl__NC_007362.1_cds_YP_308669.1_6,HA,hemagglutinin,103,negative,0.148,0.755,-,0.004,"D:N:1,N:N:13,H:N:3,N:Y:2",1,0.667,N,"N:4576,D:1,-:9,H:4,Y:4"
GCF_000864105.1_noTerminalStopCodon.part_lcl__NC_007362.1_cds_YP_308669.1_6,HA,hemagglutinin,104,neutral,0.411,0.737,-,0.143,"D:G:22,D:D:13,G:G:3,D:N:1,G:S:2,D:Y:1",1,0.667,D,"D:3885,G:695,-:9,?:1,N:1,S:2,Y:1"
GCF_000864105.1_noTerminalStopCodon.part_lcl__NC_007362.1_cds_YP_308669.1_6,HA,hemagglutinin,105,neutral,0.173,0.341,"overall,bipolar,structure,volume,composition,charge",0.326,"F:L:1,L:L:8,L:Q:4,I:L:2",0.000847471,0.372,L,"L:4572,-:9,F:1,Q:10,I:2"
GCF_000864105.1_noTerminalStopCodon.part_lcl__NC_007362.1_cds_YP_308669.1_6,HA,hemagglutinin,106,negative,0,0.799,-,0,C:C:14,1,0.667,C,"C:4585,-:9"
GCF_000864105.1_noTerminalStopCodon.part_lcl__NC_007362.1_cds_YP_308669.1_6,HA,hemagglutinin,107,negative,0,1.141,-,0,"Y:Y:22,C:Y:1",1,0.667,Y,"Y:4581,-:9,?:3,C:1"
GCF_000864105.1_noTerminalStopCodon.part_lcl__NC_007362.1_cds_YP_308669.1_6,HA,hemagglutinin,108,negative,0.045,0.369,-,0.01,"P:P:9,P:S:2",1,0.667,P,"P:4580,-:10,S:4"
GCF_000864105.1_noTerminalStopCodon.part_lcl__NC_007362.1_cds_YP_308669.1_6,HA,hemagglutinin,109,negative,0,1.071,-,0,"G:G:33,?:G:1",1,0.667,G,"G:4584,-:9,?:1"
GCF_000864105.1_noTerminalStopCodon.part_lcl__NC_007362.1_cds_YP_308669.1_6,HA,hemagglutinin,110,negative,0.645,1.623,-,0.003,"S:S:12,N:S:13,N:N:10,D:N:7,D:V:1,V:V:1,D:D:5,D:T:1,N:T:6,N:Y:1,I:T:1,K:N:1,I:S:1",1,0.628,S,"S:3092,-:10,N:1161,D:221,V:85,T:21,Y:1,I:2,K:1"
GCF_000864105.1_noTerminalStopCodon.part_lcl__NC_007362.1_cds_YP_308669.1_6,HA,hemagglutinin,111,neutral,0.156,0.439,-,0.091,"I:L:1,F:L:9,L:L:5,F:F:5,F:Y:1,F:V:1,F:S:1,F:I:1",1,0.667,L,"L:3105,I:2,F:1474,-:10,Y:1,V:1,S:1"
GCF_000864105.1_noTerminalStopCodon.part_lcl__NC_007362.1_cds_YP_308669.1_6,HA,hemagglutinin,112,negative,0.142,1.732,-,0,"D:N:2,N:S:3,N:N:30,S:S:1,R:S:1,K:N:1,N:Y:2",1,0.667,N,"N:4547,-:10,D:2,S:29,R:2,K:1,?:1,Y:2"
GCF_000864105.1_noTerminalStopCodon.part_lcl__NC_007362.1_cds_YP_308669.1_6,HA,hemagglutinin,113,negative,0.26,1.181,-,0,"D:E:6,D:N:18,D:D:21,D:G:2",1,0.667,D,"D:4542,E:8,N:32,-:10,G:2"
GCF_000864105.1_noTerminalStopCodon.part_lcl__NC_007362.1_cds_YP_308669.1_6,HA,hemagglutinin,114,negative,0,0.503,-,0.001,"Y:Y:9,A:Y:1",1,0.667,Y,"Y:4583,-:10,A:1"
GCF_000864105.1_noTerminalStopCodon.part_lcl__NC_007362.1_cds_YP_308669.1_6,HA,hemagglutinin,115,negative,0,0.92,-,0,"E:E:17,E:Q:1",1,0.667,E,"E:4583,-:10,Q:1"
GCF_000864105.1_noTerminalStopCodon.part_lcl__NC_007362.1_cds_YP_308669.1_6,HA,hemagglutinin,116,negative,0,0.792,-,0,E:E:14,1,0.667,E,"E:4584,-:10"
GCF_000864105.1_noTerminalStopCodon.part_lcl__NC_007362.1_cds_YP_308669.1_6,HA,hemagglutinin,117,negative,0,0.716,-,0,"L:L:34,L:V:1,L:M:1,L:P:1",1,0.667,L,"L:4581,-:10,V:1,M:1,P:1"
GCF_000864105.1_noTerminalStopCodon.part_lcl__NC_007362.1_cds_YP_308669.1_6,HA,hemagglutinin,118,negative,0,0.974,-,0,"K:K:19,K:R:1,I:K:1",1,0.667,K,"K:4582,-:10,R:1,I:1"
GCF_000864105.1_noTerminalStopCodon.part_lcl__NC_007362.1_cds_YP_308669.1_6,HA,hemagglutinin,119,negative,0,1.486,-,0,"H:H:28,H:Q:1,A:H:1,H:Y:1,H:P:2,H:R:1",1,0.667,H,"H:4574,Q:1,-:10,?:4,A:1,Y:1,P:2,R:1"
GCF_000864105.1_noTerminalStopCodon.part_lcl__NC_007362.1_cds_YP_308669.1_6,HA,hemagglutinin,120,negative,0.067,0.817,-,0,"L:M:3,L:L:26,L:V:1",1,0.667,M,"M:2593,-:10,L:1990,V:1"
GCF_000864105.1_noTerminalStopCodon.part_lcl__NC_007362.1_cds_YP_308669.1_6,HA,hemagglutinin,121,negative,0.077,0.867,-,0,"L:L:32,L:M:2,M:V:1,I:M:1,L:S:2",1,0.667,L,"L:4538,?:4,-:10,M:38,V:1,I:1,S:2"
GCF_000864105.1_noTerminalStopCodon.part_lcl__NC_007362.1_cds_YP_308669.1_6,HA,hemagglutinin,122,negative,0,0.622,-,0,"S:S:11,G:S:2",1,0.667,S,"S:4580,-:12,G:2"
GCF_000864105.1_noTerminalStopCodon.part_lcl__NC_007362.1_cds_YP_308669.1_6,HA,hemagglutinin,123,negative,0.077,0.936,-,0,"R:R:18,K:R:2,R:S:3,I:S:1,S:S:3,N:S:1,I:R:1",1,0.667,R,"R:4514,-:12,K:2,S:62,I:2,N:1,?:1"
GCF_000864105.1_noTerminalStopCodon.part_lcl__NC_007362.1_cds_YP_308669.1_6,HA,hemagglutinin,124,neutral,0.12,0.488,-,0.054,"I:T:3,G:T:1,I:I:4",1,0.65,I,"I:4515,-:12,T:66,G:1"
GCF_000864105.1_noTerminalStopCodon.part_lcl__NC_007362.1_cds_YP_308669.1_6,HA,hemagglutinin,125,negative,0,1.31,-,0,"N:N:24,E:N:1,K:N:1,N:Y:1",1,0.667,N,"N:4579,-:12,E:1,K:1,Y:1"
GCF_000864105.1_noTerminalStopCodon.part_lcl__NC_007362.1_cds_YP_308669.1_6,HA,hemagglutinin,126,negative,0.046,0.781,-,0,"H:H:11,H:Q:2,H:R:2,R:R:1",1,0.667,H,"H:4572,-:12,Q:2,R:8"
GCF_000864105.1_noTerminalStopCodon.part_lcl__NC_007362.1_cds_YP_308669.1_6,HA,hemagglutinin,127,negative,0.051,0.325,-,0.044,"F:F:5,F:L:2,F:V:1,F:I:2,C:F:1,F:Y:1",1,0.667,F,"F:4573,-:12,?:1,L:2,V:1,I:2,C:1,Y:2"
GCF_000864105.1_noTerminalStopCodon.part_lcl__NC_007362.1_cds_YP_308669.1_6,HA,hemagglutinin,128,negative,0,0.865,-,0,"E:E:24,E:K:1,E:V:1",1,0.667,E,"E:4579,-:12,?:1,K:1,V:1"
GCF_000864105.1_noTerminalStopCodon.part_lcl__NC_007362.1_cds_YP_308669.1_6,HA,hemagglutinin,129,negative,0,0.924,-,0,"K:K:19,E:K:1,K:R:2",1,0.667,K,"K:4578,-:13,E:1,R:2"
GCF_000864105.1_noTerminalStopCodon.part_lcl__NC_007362.1_cds_YP_308669.1_6,HA,hemagglutinin,130,negative,0.232,0.676,-,0.036,"I:V:10,I:T:9,I:I:12,F:I:1,I:L:1,I:K:1,A:I:1,I:M:1",1,0.36,I,"I:4538,V:14,-:13,T:24,F:1,L:1,K:1,A:1,M:1"
GCF_000864105.1_noTerminalStopCodon.part_lcl__NC_007362.1_cds_YP_308669.1_6,HA,hemagglutinin,131,neutral,1.345,1.128,-,0.55,"Q:Q:19,H:Q:2,Q:R:17,L:Q:8,L:L:13,L:M:5,L:P:1,K:Q:5,E:Q:1,K:K:1,R:R:2",1,0.361,Q,"Q:2308,H:3,-:12,R:289,?:4,L:1961,M:8,P:1,K:7,E:1"
GCF_000864105.1_noTerminalStopCodon.part_lcl__NC_007362.1_cds_YP_308669.1_6,HA,hemagglutinin,132,negative,0.1,0.926,-,0,"I:I:23,I:M:1,I:V:3,I:T:1",1,0.667,I,"I:4565,-:12,?:2,M:1,V:13,T:1"
GCF_000864105.1_noTerminalStopCodon.part_lcl__NC_007362.1_cds_YP_308669.1_6,HA,hemagglutinin,133,negative,0.359,1.757,-,0,"I:I:42,F:I:10,I:T:3,I:L:1,I:V:1",0.2491614894642309,0.325,I,"I:4543,-:12,F:30,?:3,T:4,L:1,V:1"
GCF_000864105.1_noTerminalStopCodon.part_lcl__NC_007362.1_cds_YP_308669.1_6,HA,hemagglutinin,134,negative,0,0.703,-,0,"P:P:18,P:S:6,L:P:1,P:R:1",1,0.667,P,"P:4574,-:12,S:6,L:1,R:1"
GCF_000864105.1_noTerminalStopCodon.part_lcl__NC_007362.1_cds_YP_308669.1_6,HA,hemagglutinin,135,negative,0.437,1.481,-,0,"K:K:27,K:R:15,K:N:1,R:R:4,K:Q:1",1,0.667,K,"K:4489,-:12,R:90,N:2,Q:1"
GCF_000864105.1_noTerminalStopCodon.part_lcl__NC_007362.1_cds_YP_308669.1_6,HA,hemagglutinin,136,neutral,0.691,1.054,-,0.214,"N:S:20,S:S:11,R:S:1,G:S:2,I:S:3,S:T:1,D:S:6,D:N:18,D:E:4,D:D:6,D:G:2",1,0.027,S,"S:3730,N:126,?:3,-:11,R:1,G:5,I:3,T:1,D:708,E:6"
GCF_000864105.1_noTerminalStopCodon.part_lcl__NC_007362.1_cds_YP_308669.1_6,HA,hemagglutinin,137,negative,0.14,0.892,-,0,"S:S:22,S:T:2,F:S:5,F:H:1,S:Y:3",1,0.667,S,"S:4570,?:1,-:9,T:2,H:1,F:6,Y:5"
GCF_000864105.1_noTerminalStopCodon.part_lcl__NC_007362.1_cds_YP_308669.1_6,HA,hemagglutinin,138,neutral,0,47.008,-,0.636,"C:W:1,R:W:2,G:W:1",1,0.667,W,"W:4581,-:9,C:1,R:2,G:1"
GCF_000864105.1_noTerminalStopCodon.part_lcl__NC_007362.1_cds_YP_308669.1_6,HA,hemagglutinin,139,neutral,0.919,1.013,-,0.755,"P:Q:1,P:T:2,P:S:25,P:P:12,L:P:2,S:S:11,A:S:3,S:T:2,L:S:3,F:S:1,F:F:1",1,0.097,P,"P:3250,Q:1,T:9,S:1313,-:9,L:7,A:3,F:2"
GCF_000864105.1_noTerminalStopCodon.part_lcl__NC_007362.1_cds_YP_308669.1_6,HA,hemagglutinin,140,neutral,0.861,1.393,-,0.125,"N:S:8,N:N:7,D:N:22,H:N:1,S:S:3,G:N:1,D:E:6,D:G:2,D:H:1,D:D:11,D:Y:1",1,0.653,N,"N:3303,S:160,-:9,D:1085,H:3,?:2,G:3,E:28,Y:1"
GCF_000864105.1_noTerminalStopCodon.part_lcl__NC_007362.1_cds_YP_308669.1_6,HA,hemagglutinin,141,negative,0,0.682,-,0,"H:H:11,H:V:1,H:Y:1,H:L:1",1,0.667,H,"H:4582,-:9,V:1,Y:1,L:1"
GCF_000864105.1_noTerminalStopCodon.part_lcl__NC_007362.1_cds_YP_308669.1_6,HA,hemagglutinin,142,neutral,0.23,0.543,-,0.11,"D:E:9,E:G:1,E:E:9,D:D:1,E:N:2,E:K:1",1,0.667,E,"E:4497,D:83,G:1,-:10,N:2,K:1"
GCF_000864105.1_noTerminalStopCodon.part_lcl__NC_007362.1_cds_YP_308669.1_6,HA,hemagglutinin,143,negative,0.216,0.616,-,0.028,"A:T:10,T:T:4,S:T:2,A:A:11,A:V:4,A:S:2",1,0.513,T,"T:3052,A:1501,-:25,S:6,V:10"
GCF_000864105.1_noTerminalStopCodon.part_lcl__NC_007362.1_cds_YP_308669.1_6,HA,hemagglutinin,144,neutral,0.304,0.576,-,0.234,"S:T:6,L:S:1,S:S:10,N:S:1,?:S:1,F:S:1,P:S:1,A:S:1",1,0.002,S,"S:4417,-:153,T:17,L:1,N:1,?:1,F:2,P:1,A:1"
GCF_000864105.1_noTerminalStopCodon.part_lcl__NC_007362.1_cds_YP_308669.1_6,HA,hemagglutinin,145,neutral,1.188,1.018,-,0.623,"L:L:32,L:S:14,L:Q:2,L:R:2,I:L:1,L:M:6,S:S:3,R:S:1,A:S:1,G:S:2,S:T:1",1,0.442,L,"L:3939,-:10,S:620,Q:2,?:2,R:3,I:2,M:11,A:2,G:2,T:1"
GCF_000864105.1_noTerminalStopCodon.part_lcl__NC_007362.1_cds_YP_308669.1_6,HA,hemagglutinin,146,negative,0.076,1.627,overall,0,"G:G:47,G:R:1,P:R:1,G:W:1",0.033715418,0.005,G,"G:4573,-:10,P:9,R:1,W:1"
GCF_000864105.1_noTerminalStopCodon.part_lcl__NC_007362.1_cds_YP_308669.1_6,HA,hemagglutinin,147,neutral,0.287,0.445,-,0.357,"M:V:19,E:V:1,A:V:3,I:M:1,V:V:15",1,0.653,V,"V:4404,M:174,E:1,-:10,A:4,I:1"
GCF_000864105.1_noTerminalStopCodon.part_lcl__NC_007362.1_cds_YP_308669.1_6,HA,hemagglutinin,148,negative,0,1.572,-,0,"S:S:30,G:S:1",1,0.667,S,"S:4581,-:11,?:1,G:1"
GCF_000864105.1_noTerminalStopCodon.part_lcl__NC_007362.1_cds_YP_308669.1_6,HA,hemagglutinin,149,negative,0.387,1.058,"overall,bipolar,structure,volume,charge",0.008,"A:S:16,A:A:17,A:V:1,S:S:8",0.000987414,0.61,A,"A:3853,S:729,-:10,?:1,V:1"
GCF_000864105.1_noTerminalStopCodon.part_lcl__NC_007362.1_cds_YP_308669.1_6,HA,hemagglutinin,150,negative,0,0.993,-,0,"A:A:24,A:V:1",1,0.667,A,"A:4580,?:3,-:10,V:1"
GCF_000864105.1_noTerminalStopCodon.part_lcl__NC_007362.1_cds_YP_308669.1_6,HA,hemagglutinin,151,negative,0,1.681,-,0,C:C:30,1,0.667,C,"C:4583,-:10,?:1"
GCF_000864105.1_noTerminalStopCodon.part_lcl__NC_007362.1_cds_YP_308669.1_6,HA,hemagglutinin,152,neutral,0.667,0.737,-,0.78,"P:P:15,P:S:32,L:P:4,P:Q:4,P:T:2,L:S:2,S:S:2",1,0.606,P,"P:4129,?:2,S:439,-:9,L:8,Q:4,T:3"
GCF_000864105.1_noTerminalStopCodon.part_lcl__NC_007362.1_cds_YP_308669.1_6,HA,hemagglutinin,153,negative,0.309,2.34,-,0,"H:Y:16,Y:Y:44,F:Y:1,L:Y:1,S:Y:1",1,0.667,Y,"Y:4546,H:34,F:1,-:9,L:1,S:1,?:2"
GCF_000864105.1_noTerminalStopCodon.part_lcl__NC_007362.1_cds_YP_308669.1_6,HA,hemagglutinin,154,neutral,0.914,0.726,-,0.53,"L:Q:17,H:Q:9,Q:R:5,Q:Q:18,M:Q:1,H:N:5,L:N:1,N:T:1,N:S:1,G:N:1,K:Q:1",1,0.148,Q,"Q:4399,L:61,-:9,H:42,R:13,M:1,N:65,T:1,S:1,G:1,K:1"
GCF_000864105.1_noTerminalStopCodon.part_lcl__NC_007362.1_cds_YP_308669.1_6,HA,hemagglutinin,155,negative,0.039,1.32,-,0,"G:G:31,G:R:2,D:G:1,G:N:1,E:G:2",1,0.667,G,"G:4578,R:2,-:9,D:1,N:1,E:3"
GCF_000864105.1_noTerminalStopCodon.part_lcl__NC_007362.1_cds_YP_308669.1_6,HA,hemagglutinin,156,neutral,1.831,1.364,-,0.221,"A:A:17,A:V:15,A:S:3,A:T:8,A:E:2,K:T:4,K:Q:3,K:R:17,K:N:12,K:M:1,K:K:2,R:R:6,G:R:4,R:S:2,I:R:2,E:G:1,K:S:1,N:S:3,I:N:1,N:N:6,H:N:1,N:T:1,M:T:2,R:T:1,T:V:1,T:T:1,A:M:1",1,0.004,A,"A:3042,V:49,S:44,T:108,-:9,E:3,K:205,Q:34,R:422,N:650,?:2,M:13,G:8,I:4,H:1"
GCF_000864105.1_noTerminalStopCodon.part_lcl__NC_007362.1_cds_YP_308669.1_6,HA,hemagglutinin,157,neutral,0.745,0.699,"overall,volume,charge",0.856,"A:P:1,P:P:12,P:S:34,S:S:6",0.001183193,0.567,P,"P:3297,A:1,-:9,S:1286,?:1"
GCF_000864105.1_noTerminalStopCodon.part_lcl__NC_007362.1_cds_YP_308669.1_6,HA,hemagglutinin,158,negative,0,2.464,-,0,S:S:65,1,0.667,S,"S:4584,-:9,?:1"
GCF_000864105.1_noTerminalStopCodon.part_lcl__NC_007362.1_cds_YP_308669.1_6,HA,hemagglutinin,159,negative,0.051,1.268,-,0,"F:F:23,F:L:2",1,0.667,F,"F:4578,-:9,L:7"
GCF_000864105.1_noTerminalStopCodon.part_lcl__NC_007362.1_cds_YP_308669.1_6,HA,hemagglutinin,160,negative,0.103,1.051,-,0,"F:Y:5,F:F:20,F:I:2",1,0.667,F,"F:4570,-:9,Y:12,I:3"
GCF_000864105.1_noTerminalStopCodon.part_lcl__NC_007362.1_cds_YP_308669.1_6,HA,hemagglutinin,161,negative,0.08,0.995,-,0,"R:R:21,K:R:2,G:R:1",1,0.667,R,"R:4578,-:9,K:3,G:3,?:1"
GCF_000864105.1_noTerminalStopCodon.part_lcl__NC_007362.1_cds_YP_308669.1_6,HA,hemagglutinin,162,negative,0,0.452,-,0,"N:T:1,N:N:8,N:S:2,D:N:1,I:N:1",1,0.667,N,"N:4580,T:1,-:9,S:2,D:1,I:1"
GCF_000864105.1_noTerminalStopCodon.part_lcl__NC_007362.1_cds_YP_308669.1_6,HA,hemagglutinin,163,negative,0.096,1.082,-,0,"V:V:33,M:V:3,L:V:5",1,0.667,V,"V:4562,M:3,-:9,L:20"
GCF_000864105.1_noTerminalStopCodon.part_lcl__NC_007362.1_cds_YP_308669.1_6,HA,hemagglutinin,164,negative,0.048,1.355,-,0,"L:V:4,V:V:38,M:V:1,I:V:2",1,0.667,V,"V:4566,L:15,-:9,?:1,M:1,I:2"
GCF_000864105.1_noTerminalStopCodon.part_lcl__NC_007362.1_cds_YP_308669.1_6,HA,hemagglutinin,165,neutral,0,0.156,-,1,NA,1,0.667,W,"W:4585,-:9"
GCF_000864105.1_noTerminalStopCodon.part_lcl__NC_007362.1_cds_YP_308669.1_6,HA,hemagglutinin,166,negative,0,1.341,-,0,"L:L:32,I:L:3",1,0.667,L,"L:4582,-:9,I:3"
GCF_000864105.1_noTerminalStopCodon.part_lcl__NC_007362.1_cds_YP_308669.1_6,HA,hemagglutinin,167,negative,0.414,1.03,-,0.016,"I:I:25,I:T:5,I:V:14,T:T:2,I:L:2",1,0.667,I,"I:4368,-:9,T:165,V:22,L:30"
GCF_000864105.1_noTerminalStopCodon.part_lcl__NC_007362.1_cds_YP_308669.1_6,HA,hemagglutinin,168,negative,0,0.625,-,0,"K:K:12,K:Q:1,E:K:1,I:K:1",1,0.667,K,"K:4581,-:9,Q:1,E:1,?:1,I:1"
GCF_000864105.1_noTerminalStopCodon.part_lcl__NC_007362.1_cds_YP_308669.1_6,HA,hemagglutinin,169,neutral,0.101,0.222,-,0.308,"K:R:9,K:K:6,K:Q:1",1,0.621,K,"K:4574,-:7,R:11,Q:1,?:1"
GCF_000864105.1_noTerminalStopCodon.part_lcl__NC_007362.1_cds_YP_308669.1_6,HA,hemagglutinin,170,neutral,1.316,1.788,overall,0.242,"D:N:66,N:N:31,D:E:3,D:D:3,N:S:4,G:N:1,N:Q:1,D:G:11,H:N:1",0.010843562,0.667,N,"N:3853,D:706,-:7,E:3,S:6,G:14,Q:1,?:3,H:1"
GCF_000864105.1_noTerminalStopCodon.part_lcl__NC_007362.1_cds_YP_308669.1_6,HA,hemagglutinin,171,neutral,0.842,0.483,-,0.173,"D:N:35,D:G:7,D:D:1,N:S:14,G:S:1,S:S:2,D:E:1,A:D:1,N:N:5,N:T:1",1,0.152,D,"D:3225,N:1057,G:8,-:7,?:7,S:283,E:1,A:5,T:1"
GCF_000864105.1_noTerminalStopCodon.part_lcl__NC_007362.1_cds_YP_308669.1_6,HA,hemagglutinin,172,neutral,0.918,0.866,-,0.854,"A:E:3,A:T:42,A:S:8,A:A:16,A:V:2,A:P:1,A:G:1,T:T:5,I:T:1,S:T:1",1,0.434,A,"A:4078,E:3,T:475,-:7,S:22,?:3,V:3,P:1,G:1,I:1"
GCF_000864105.1_noTerminalStopCodon.part_lcl__NC_007362.1_cds_YP_308669.1_6,HA,hemagglutinin,173,negative,0,1.138,-,0,"Y:Y:22,C:Y:1",1,0.667,Y,"Y:4586,-:7,C:1"
GCF_000864105.1_noTerminalStopCodon.part_lcl__NC_007362.1_cds_YP_308669.1_6,HA,hemagglutinin,174,negative,0,0.744,-,0,"P:P:18,P:S:2,P:T:1",1,0.667,P,"P:4584,-:7,S:2,T:1"
GCF_000864105.1_noTerminalStopCodon.part_lcl__NC_007362.1_cds_YP_308669.1_6,HA,hemagglutinin,175,neutral,0.137,0.241,-,0.413,"T:T:6,I:T:9,T:V:1,A:T:2,P:T:1",1,0.667,T,"T:4546,-:7,I:36,V:1,A:2,P:2"
GCF_000864105.1_noTerminalStopCodon.part_lcl__NC_007362.1_cds_YP_308669.1_6,HA,hemagglutinin,176,negative,0,0.442,-,0.002,"I:L:1,I:M:1,I:I:3,I:V:2",1,0.667,I,"I:4583,L:1,-:7,M:1,V:2"
GCF_000864105.1_noTerminalStopCodon.part_lcl__NC_007362.1_cds_YP_308669.1_6,HA,hemagglutinin,177,negative,0.203,0.981,-,0.001,"K:K:26,K:R:10,K:T:2,E:K:1,K:N:4",1,0.667,K,"K:4563,R:13,-:8,?:1,T:3,E:1,N:5"
GCF_000864105.1_noTerminalStopCodon.part_lcl__NC_007362.1_cds_YP_308669.1_6,HA,hemagglutinin,178,neutral,0.898,0.472,-,0.119,"I:V:6,I:R:7,I:K:1,I:T:1,I:M:7,R:R:2,K:R:16,R:S:2,G:R:1,R:V:1,E:K:2,K:K:5,K:T:1,I:I:1",1,0.036,I,"I:3090,V:11,-:7,R:626,K:834,T:2,M:11,S:8,G:1,E:4"
GCF_000864105.1_noTerminalStopCodon.part_lcl__NC_007362.1_cds_YP_308669.1_6,HA,hemagglutinin,179,neutral,0.541,0.604,-,0.775,"N:S:10,S:S:9,S:T:2,T:T:1,R:S:2,G:S:9,G:G:2,D:G:11,D:Y:1",1,0.667,S,"S:4177,N:23,-:7,T:40,R:2,G:306,D:38,Y:1"
GCF_000864105.1_noTerminalStopCodon.part_lcl__NC_007362.1_cds_YP_308669.1_6,HA,hemagglutinin,180,negative,0,0.757,-,0,"Y:Y:15,F:Y:2",1,0.667,Y,"Y:4584,-:7,F:2,?:1"
GCF_000864105.1_noTerminalStopCodon.part_lcl__NC_007362.1_cds_YP_308669.1_6,HA,hemagglutinin,181,negative,0.14,2.136,-,0,"N:N:34,N:S:3,N:T:1,H:N:1,K:N:4,K:K:1",1,0.667,N,"?:2,N:4556,S:3,-:7,T:2,H:8,K:16"
GCF_000864105.1_noTerminalStopCodon.part_lcl__NC_007362.1_cds_YP_308669.1_6,HA,hemagglutinin,182,negative,0,1.222,-,0,"N:N:21,K:N:1,N:T:1",1,0.667,N,"N:4584,-:7,?:1,K:1,T:1"
GCF_000864105.1_noTerminalStopCodon.part_lcl__NC_007362.1_cds_YP_308669.1_6,HA,hemagglutinin,183,negative,0.091,1.139,-,0,"T:T:30,N:T:1,A:T:4,P:T:1,I:T:1",1,0.667,T,"T:4577,-:7,N:1,A:6,P:1,I:1,?:1"
GCF_000864105.1_noTerminalStopCodon.part_lcl__NC_007362.1_cds_YP_308669.1_6,HA,hemagglutinin,184,negative,0.232,2.038,-,0,"N:N:35,H:N:1,D:N:2,D:G:1,G:N:1,K:N:1,N:S:2",1,0.512,N,"N:4560,-:7,H:1,D:10,G:3,K:1,S:12"
GCF_000864105.1_noTerminalStopCodon.part_lcl__NC_007362.1_cds_YP_308669.1_6,HA,hemagglutinin,185,neutral,0.956,1.519,-,0.121,"Q:R:19,R:R:30,Q:Q:8,H:Q:3,K:Q:3,I:K:1,I:V:1,I:M:1,D:I:1,P:Q:1,K:R:2,R:S:1",1,0.667,R,"R:3360,Q:1151,-:7,?:1,H:4,V:36,M:1,D:1,I:1,K:30,P:1,S:1"
GCF_000864105.1_noTerminalStopCodon.part_lcl__NC_007362.1_cds_YP_308669.1_6,HA,hemagglutinin,186,negative,0,0.817,-,0,"E:E:14,E:K:2,E:G:1",1,0.667,E,"E:4584,-:7,K:2,G:1"
GCF_000864105.1_noTerminalStopCodon.part_lcl__NC_007362.1_cds_YP_308669.1_6,HA,hemagglutinin,187,negative,0.042,1.234,-,0,"D:D:21,D:S:1,D:V:1,D:N:2",1,0.667,D,"D:4579,-:7,?:1,S:1,V:1,N:5"
GCF_000864105.1_noTerminalStopCodon.part_lcl__NC_007362.1_cds_YP_308669.1_6,HA,hemagglutinin,188,negative,0.052,0.876,-,0,"L:L:23,F:L:1,L:V:1,I:L:5",1,0.667,L,"L:4578,-:7,F:1,V:1,?:1,I:6"
GCF_000864105.1_noTerminalStopCodon.part_lcl__NC_007362.1_cds_YP_308669.1_6,HA,hemagglutinin,189,negative,0,0.723,-,0,L:L:28,1,0.667,L,"L:4587,-:7"
GCF_000864105.1_noTerminalStopCodon.part_lcl__NC_007362.1_cds_YP_308669.1_6,HA,hemagglutinin,190,neutral,0.518,1.117,-,0.051,"I:I:3,I:V:26,V:V:11,I:Y:1,I:L:1,I:M:1",0.830865932,0.667,I,"I:3744,-:7,V:840,Y:1,L:1,M:1"
GCF_000864105.1_noTerminalStopCodon.part_lcl__NC_007362.1_cds_YP_308669.1_6,HA,hemagglutinin,191,negative,0.484,1.237,-,0.014,"L:L:56,L:M:7,I:M:1,I:L:2,F:L:1",1,0.667,L,"L:4413,-:7,M:130,I:42,F:1,?:1"
GCF_000864105.1_noTerminalStopCodon.part_lcl__NC_007362.1_cds_YP_308669.1_6,HA,hemagglutinin,192,neutral,0,0.063,-,1,R:W:1,1,0.667,W,"W:4581,-:7,?:5,R:1"
GCF_000864105.1_noTerminalStopCodon.part_lcl__NC_007362.1_cds_YP_308669.1_6,HA,hemagglutinin,193,negative,0,1.525,-,0,G:G:47,1,0.667,G,"G:4585,-:9"
GCF_000864105.1_noTerminalStopCodon.part_lcl__NC_007362.1_cds_YP_308669.1_6,HA,hemagglutinin,194,negative,0.049,2.059,-,0,"I:I:42,I:V:7",1,0.667,I,"I:4575,-:9,V:9,?:1"
GCF_000864105.1_noTerminalStopCodon.part_lcl__NC_007362.1_cds_YP_308669.1_6,HA,hemagglutinin,195,negative,0,1.684,-,0,H:H:30,1,0.667,H,"H:4583,-:9,?:2"
GCF_000864105.1_noTerminalStopCodon.part_lcl__NC_007362.1_cds_YP_308669.1_6,HA,hemagglutinin,196,negative,0,1.646,-,0,H:H:29,1,0.667,H,"H:4582,-:10,?:2"
GCF_000864105.1_noTerminalStopCodon.part_lcl__NC_007362.1_cds_YP_308669.1_6,HA,hemagglutinin,197,negative,0.095,0.934,-,0,"S:S:8,P:S:9,A:S:1,P:P:15,P:T:2",1,0.667,S,"S:3213,P:1366,-:11,A:1,?:1,T:2"
GCF_000864105.1_noTerminalStopCodon.part_lcl__NC_007362.1_cds_YP_308669.1_6,HA,hemagglutinin,198,negative,0,0.481,-,0,"N:N:9,I:N:1,N:P:1,K:N:2,N:S:1",1,0.667,N,"N:4578,-:10,I:1,P:1,K:2,S:1,?:1"
GCF_000864105.1_noTerminalStopCodon.part_lcl__NC_007362.1_cds_YP_308669.1_6,HA,hemagglutinin,199,neutral,0.483,0.544,-,0.784,"N:S:10,N:N:6,N:T:1,D:N:25,D:D:3,A:D:1,D:G:1",1,0.667,N,"N:3092,S:24,-:9,?:1,T:4,D:1462,A:1,G:1"
GCF_000864105.1_noTerminalStopCodon.part_lcl__NC_007362.1_cds_YP_308669.1_6,HA,hemagglutinin,200,negative,0.527,1.599,"overall,structure,composition",0,"A:V:3,A:E:12,A:A:33,A:G:2,A:T:1,A:D:2,E:K:3,E:E:5,E:G:3",1.5556798233618e-05,0.667,A,"A:3864,-:9,V:3,E:702,G:5,T:1,D:5,?:1,K:4"
GCF_000864105.1_noTerminalStopCodon.part_lcl__NC_007362.1_cds_YP_308669.1_6,HA,hemagglutinin,201,negative,0.395,1.214,-,0.002,"E:K:11,E:R:1,E:E:5,E:G:1,A:E:11,A:A:18,A:D:1,A:T:11,A:V:2",1,0.667,E,"?:7,E:3060,K:21,R:1,G:1,-:8,A:1464,D:1,T:29,V:2"
GCF_000864105.1_noTerminalStopCodon.part_lcl__NC_007362.1_cds_YP_308669.1_6,HA,hemagglutinin,202,negative,0,1.235,-,0,"E:E:31,E:H:1,E:K:1",1,0.667,E,"E:4584,-:8,H:1,K:1"
GCF_000864105.1_noTerminalStopCodon.part_lcl__NC_007362.1_cds_YP_308669.1_6,HA,hemagglutinin,203,negative,0,1.283,-,0,"Q:Q:34,Q:R:1,H:Q:1,K:Q:1",1,0.667,Q,"Q:4582,-:8,R:1,H:1,?:1,K:1"
GCF_000864105.1_noTerminalStopCodon.part_lcl__NC_007362.1_cds_YP_308669.1_6,HA,hemagglutinin,204,positive,1.103,0.557,-,0.047,"I:T:25,A:T:14,A:E:1,T:T:13,K:T:3,E:T:1,M:T:2,I:K:1,T:V:1,I:V:1,I:M:2",1,0.033,T,"T:4437,I:101,A:30,-:8,E:3,K:7,M:5,V:3"
GCF_000864105.1_noTerminalStopCodon.part_lcl__NC_007362.1_cds_YP_308669.1_6,HA,hemagglutinin,205,positive,1.821,0.807,-,0.004,"K:N:22,K:K:9,N:T:2,N:N:5,N:S:1,K:R:40,K:Q:6,A:Q:1,K:M:1,E:K:2,G:R:2,R:R:3,M:R:4,R:T:1,K:T:2,D:K:1,E:N:1,D:N:2",1,0.004,N,"K:574,N:3052,T:6,-:8,S:1,?:2,R:918,Q:13,A:1,M:8,E:4,G:4,D:3"
GCF_000864105.1_noTerminalStopCodon.part_lcl__NC_007362.1_cds_YP_308669.1_6,HA,hemagglutinin,206,negative,0.106,1.114,-,0,"L:L:31,I:L:3,L:V:1",1,0.667,L,"L:4577,-:8,I:8,V:1"
GCF_000864105.1_noTerminalStopCodon.part_lcl__NC_007362.1_cds_YP_308669.1_6,HA,hemagglutinin,207,negative,0,1.244,-,0,Y:Y:23,1,0.667,Y,"Y:4585,-:8,?:1"
GCF_000864105.1_noTerminalStopCodon.part_lcl__NC_007362.1_cds_YP_308669.1_6,HA,hemagglutinin,208,neutral,0.325,0.788,-,0.076,"K:R:1,K:K:7,K:Q:9,P:Q:1,L:Q:1,Q:Q:6,G:Q:1,H:Q:1,Q:R:1",1,0.617,K,"K:3096,R:2,-:8,?:4,Q:1479,P:1,L:1,G:1,H:2"
GCF_000864105.1_noTerminalStopCodon.part_lcl__NC_007362.1_cds_YP_308669.1_6,HA,hemagglutinin,209,negative,0,1.774,-,0,"N:N:32,I:N:1,N:R:1,N:S:1,N:T:1,D:N:1,H:N:2",1,0.667,N,"N:4577,-:8,I:1,R:1,?:2,S:1,T:1,D:1,H:2"
GCF_000864105.1_noTerminalStopCodon.part_lcl__NC_007362.1_cds_YP_308669.1_6,HA,hemagglutinin,210,negative,0.186,1.017,-,0,"L:P:7,P:P:19,P:S:6,S:S:3,G:S:1,P:Q:1",1,0.667,P,"P:4532,L:8,-:8,S:43,G:1,Q:1,?:1"
GCF_000864105.1_noTerminalStopCodon.part_lcl__NC_007362.1_cds_YP_308669.1_6,HA,hemagglutinin,211,neutral,1.148,1.213,-,0.84,"T:T:23,I:T:36,I:I:4,I:S:2,A:T:12,N:T:13,N:N:1,A:V:1,D:N:1,S:T:1,P:T:2,D:T:1",1,0.253,T,"T:3655,I:811,S:4,?:1,-:8,A:50,N:58,V:1,D:4,P:2"
GCF_000864105.1_noTerminalStopCodon.part_lcl__NC_007362.1_cds_YP_308669.1_6,HA,hemagglutinin,212,negative,0,1.526,-,0,"T:T:40,I:T:1,R:T:1,P:T:3,A:T:1",1,0.667,T,"T:4578,-:8,I:1,?:2,R:1,P:3,A:1"
GCF_000864105.1_noTerminalStopCodon.part_lcl__NC_007362.1_cds_YP_308669.1_6,HA,hemagglutinin,213,negative,0,1.135,-,0,"H:Y:1,Y:Y:20,F:Y:1",1,0.667,Y,"Y:4583,-:8,H:1,?:1,F:1"
GCF_000864105.1_noTerminalStopCodon.part_lcl__NC_007362.1_cds_YP_308669.1_6,HA,hemagglutinin,214,neutral,0.744,0.782,-,0.886,"I:I:12,I:L:2,I:V:21,H:I:1,V:V:4",0.5085258037915641,0.667,I,"I:4428,-:8,L:3,V:152,?:2,H:1"
GCF_000864105.1_noTerminalStopCodon.part_lcl__NC_007362.1_cds_YP_308669.1_6,HA,hemagglutinin,215,negative,0.053,0.661,-,0,"S:T:2,S:S:16,R:S:1,F:S:2",1,0.667,S,"S:4553,T:28,-:8,R:1,?:2,F:2"
GCF_000864105.1_noTerminalStopCodon.part_lcl__NC_007362.1_cds_YP_308669.1_6,HA,hemagglutinin,216,neutral,0.241,0.376,-,0.42,"V:V:6,I:V:14,M:V:1,I:I:3",1,0.667,V,"V:3889,-:8,?:3,I:693,M:1"
GCF_000864105.1_noTerminalStopCodon.part_lcl__NC_007362.1_cds_YP_308669.1_6,HA,hemagglutinin,217,negative,0,1.1,-,0,G:G:30,1,0.667,G,"G:4586,-:8"
GCF_000864105.1_noTerminalStopCodon.part_lcl__NC_007362.1_cds_YP_308669.1_6,HA,hemagglutinin,218,negative,0,0.658,-,0,"T:T:16,S:T:1",1,0.667,T,"T:4586,-:7,S:1"
GCF_000864105.1_noTerminalStopCodon.part_lcl__NC_007362.1_cds_YP_308669.1_6,HA,hemagglutinin,219,negative,0,0.189,-,0.028,"S:S:4,E:S:1,S:T:1",1,0.667,S,"S:4585,-:7,E:1,T:1"
GCF_000864105.1_noTerminalStopCodon.part_lcl__NC_007362.1_cds_YP_308669.1_6,HA,hemagglutinin,220,negative,0,0.597,-,0,"T:T:14,I:T:3,M:T:2,S:T:1,A:T:2,K:T:1,N:T:2",1,0.667,T,"T:4575,-:7,I:3,M:2,S:1,A:2,?:1,K:1,N:2"
GCF_000864105.1_noTerminalStopCodon.part_lcl__NC_007362.1_cds_YP_308669.1_6,HA,hemagglutinin,221,negative,0,1.023,-,0,"L:L:38,L:M:1,I:L:1,L:P:1",1,0.667,L,"L:4584,-:7,M:1,I:1,P:1"
GCF_000864105.1_noTerminalStopCodon.part_lcl__NC_007362.1_cds_YP_308669.1_6,HA,hemagglutinin,222,negative,0.046,1.812,-,0,"N:N:34,N:S:1,D:N:1,H:N:1",1,0.667,N,"N:4583,-:7,S:1,D:2,H:1"
GCF_000864105.1_noTerminalStopCodon.part_lcl__NC_007362.1_cds_YP_308669.1_6,HA,hemagglutinin,223,negative,0.307,0.821,-,0.046,"Q:Q:21,L:Q:8,F:Q:1,H:Q:2",1,0.076,Q,"Q:4553,-:7,L:31,F:1,H:2"
GCF_000864105.1_noTerminalStopCodon.part_lcl__NC_007362.1_cds_YP_308669.1_6,HA,hemagglutinin,224,negative,0.039,1.459,-,0,"K:R:13,R:R:33,A:R:1,I:R:1,G:R:1",1,0.667,R,"R:4561,K:22,?:1,-:7,A:1,I:1,G:1"
GCF_000864105.1_noTerminalStopCodon.part_lcl__NC_007362.1_cds_YP_308669.1_6,HA,hemagglutinin,225,negative,0.206,0.801,-,0.013,"L:L:26,L:S:4,S:S:3,S:T:1,L:R:1,L:V:1,F:L:1",1,0.667,L,"L:4524,-:7,S:58,T:1,R:1,?:1,V:1,F:1"
GCF_000864105.1_noTerminalStopCodon.part_lcl__NC_007362.1_cds_YP_308669.1_6,HA,hemagglutinin,226,neutral,1.04,1.2,-,0.621,"A:S:2,A:T:11,A:E:4,A:V:11,A:A:2,I:V:14,V:V:24,T:V:2,I:I:2,I:S:1,L:V:2,D:V:1,I:T:1",1,0.07,A,"A:2450,S:3,T:247,-:7,E:5,V:1801,I:75,L:3,D:1,?:2"
GCF_000864105.1_noTerminalStopCodon.part_lcl__NC_007362.1_cds_YP_308669.1_6,HA,hemagglutinin,227,negative,0,1.136,-,0,"P:P:27,P:Q:1,P:R:1,A:P:1",1,0.667,P,"P:4581,-:7,?:3,Q:1,R:1,A:1"
GCF_000864105.1_noTerminalStopCodon.part_lcl__NC_007362.1_cds_YP_308669.1_6,HA,hemagglutinin,228,neutral,0.296,0.612,-,0.147,"K:K:10,K:R:10,I:R:1,E:K:2,E:E:1,D:E:1,K:N:1,K:Q:1",1,0.565,K,"K:4268,-:7,R:238,I:1,E:76,D:1,N:1,Q:1,?:1"
GCF_000864105.1_noTerminalStopCodon.part_lcl__NC_007362.1_cds_YP_308669.1_6,HA,hemagglutinin,229,negative,0.155,1.028,-,0.002,"I:M:3,I:I:7,I:L:3,I:V:3",1,0.543,I,"I:4573,M:4,-:7,L:5,V:5"
GCF_000864105.1_noTerminalStopCodon.part_lcl__NC_007362.1_cds_YP_308669.1_6,HA,hemagglutinin,230,negative,0.253,1.401,-,0,"A:V:10,A:S:10,A:A:34,A:T:9",1,0.252,A,"A:4537,V:21,S:18,T:9,-:7,?:2"
GCF_000864105.1_noTerminalStopCodon.part_lcl__NC_007362.1_cds_YP_308669.1_6,HA,hemagglutinin,231,negative,0.045,0.848,-,0,"T:T:20,A:T:5,I:T:4,P:T:1",1,0.667,T,"T:4575,-:7,A:5,I:6,P:1"
GCF_000864105.1_noTerminalStopCodon.part_lcl__NC_007362.1_cds_YP_308669.1_6,HA,hemagglutinin,232,negative,0.039,0.934,-,0,"R:R:19,K:R:4,N:R:1,I:R:1",1,0.667,R,"R:4580,-:7,K:5,N:1,I:1"
GCF_000864105.1_noTerminalStopCodon.part_lcl__NC_007362.1_cds_YP_308669.1_6,HA,hemagglutinin,233,negative,0.25,0.669,-,0.035,"S:T:4,S:S:16,P:S:13,P:P:2,C:S:1",1,0.614,S,"S:4475,T:4,P:106,-:7,C:1,?:1"
GCF_000864105.1_noTerminalStopCodon.part_lcl__NC_007362.1_cds_YP_308669.1_6,HA,hemagglutinin,234,negative,0.275,0.892,-,0.013,"H:Q:1,Q:R:1,Q:Q:3,K:Q:11,L:Q:1,P:Q:2,A:K:1,K:R:5,K:K:13,K:T:1",1,0.601,Q,"Q:3075,H:1,R:12,K:1492,-:7,L:1,P:2,?:2,A:1,T:1"
GCF_000864105.1_noTerminalStopCodon.part_lcl__NC_007362.1_cds_YP_308669.1_6,HA,hemagglutinin,235,negative,0.091,1.064,-,0,"V:V:22,L:V:2,I:V:9,I:M:1,I:L:1",1,0.667,V,"V:3962,-:7,L:3,?:1,I:620,M:1"
GCF_000864105.1_noTerminalStopCodon.part_lcl__NC_007362.1_cds_YP_308669.1_6,HA,hemagglutinin,236,negative,0,2.2,-,0,"N:N:42,K:N:5,N:T:1,N:S:2",1,0.667,N,"N:4578,-:7,?:1,K:5,T:1,S:2"
GCF_000864105.1_noTerminalStopCodon.part_lcl__NC_007362.1_cds_YP_308669.1_6,HA,hemagglutinin,237,negative,0,1.337,-,0,"G:G:42,E:G:1,G:R:1",1,0.667,G,"G:4585,-:7,E:1,R:1"
GCF_000864105.1_noTerminalStopCodon.part_lcl__NC_007362.1_cds_YP_308669.1_6,HA,hemagglutinin,238,negative,0,0.528,-,0.001,Q:Q:10,1,0.667,Q,"Q:4586,-:7,?:1"
GCF_000864105.1_noTerminalStopCodon.part_lcl__NC_007362.1_cds_YP_308669.1_6,HA,hemagglutinin,239,negative,0.231,0.937,-,0.001,"C:R:1,R:R:8,R:S:12,S:S:11,I:S:1,G:S:5,N:S:2,K:S:1,G:R:1",0.2699311781287383,0.667,R,"R:3108,C:1,-:7,S:1467,I:1,G:6,N:2,K:1,?:1"
GCF_000864105.1_noTerminalStopCodon.part_lcl__NC_007362.1_cds_YP_308669.1_6,HA,hemagglutinin,240,negative,0,0.791,-,0,"G:G:19,G:W:1,E:G:1",1,0.667,G,"G:4583,-:7,?:2,W:1,E:1"
GCF_000864105.1_noTerminalStopCodon.part_lcl__NC_007362.1_cds_YP_308669.1_6,HA,hemagglutinin,241,negative,0,1.596,-,0,"R:R:38,K:R:2,R:W:1,Q:R:1",1,0.667,R,"R:4583,-:7,K:2,W:1,Q:1"
GCF_000864105.1_noTerminalStopCodon.part_lcl__NC_007362.1_cds_YP_308669.1_6,HA,hemagglutinin,242,negative,0.167,2.694,-,0,"I:M:11,M:V:2,I:I:3,D:I:2,I:V:1",1,0.667,M,"M:3882,I:693,V:10,-:7,D:2"
GCF_000864105.1_noTerminalStopCodon.part_lcl__NC_007362.1_cds_YP_308669.1_6,HA,hemagglutinin,243,negative,0.135,1.173,-,0,"D:D:12,D:E:8,E:V:1,E:G:3,E:E:10,E:T:1,E:K:1,D:S:1,D:R:1,D:N:1",1,0.667,D,"D:3894,-:7,E:682,?:2,V:1,G:3,T:1,K:1,S:1,R:1,N:1"
GCF_000864105.1_noTerminalStopCodon.part_lcl__NC_007362.1_cds_YP_308669.1_6,HA,hemagglutinin,244,negative,0,1.06,-,0,"F:F:21,F:Y:1,C:F:1,F:L:1",1,0.667,F,"F:4582,-:7,Y:1,C:1,?:2,L:1"
GCF_000864105.1_noTerminalStopCodon.part_lcl__NC_007362.1_cds_YP_308669.1_6,HA,hemagglutinin,245,negative,0.051,1.001,-,0,"F:F:19,F:Y:4,F:L:2,F:S:1,Y:Y:1",1,0.667,F,"F:4573,?:6,-:7,Y:5,L:2,S:1"
GCF_000864105.1_noTerminalStopCodon.part_lcl__NC_007362.1_cds_YP_308669.1_6,HA,hemagglutinin,246,neutral,0,0.156,-,1,NA,1,0.667,W,"W:4582,-:12"
GCF_000864105.1_noTerminalStopCodon.part_lcl__NC_007362.1_cds_YP_308669.1_6,HA,hemagglutinin,247,negative,0.091,0.613,-,0.002,"T:T:14,A:T:5,S:T:1,I:T:1",1,0.667,T,"T:4573,A:6,-:12,S:1,I:2"
GCF_000864105.1_noTerminalStopCodon.part_lcl__NC_007362.1_cds_YP_308669.1_6,HA,hemagglutinin,248,negative,0.05,1.26,-,0,"I:I:27,I:V:2,F:I:1,I:M:2,I:N:1",1,0.667,I,"I:4560,-:12,V:2,F:1,M:16,?:2,N:1"
GCF_000864105.1_noTerminalStopCodon.part_lcl__NC_007362.1_cds_YP_308669.1_6,HA,hemagglutinin,249,negative,0.089,1.204,-,0,"L:L:38,F:L:2",1,0.667,L,"L:4577,-:12,?:2,F:3"
GCF_000864105.1_noTerminalStopCodon.part_lcl__NC_007362.1_cds_YP_308669.1_6,HA,hemagglutinin,250,negative,0.259,1.311,-,0,"K:K:22,E:K:1,K:N:2,K:R:10,K:T:1",1,0.667,K,"K:4543,E:1,N:2,-:12,R:35,T:1"
GCF_000864105.1_noTerminalStopCodon.part_lcl__NC_007362.1_cds_YP_308669.1_6,HA,hemagglutinin,251,negative,0.28,1.365,-,0,"P:S:13,P:P:36,P:T:1,S:S:3,L:P:1,P:Q:1",1,0.667,P,"P:4331,S:243,-:12,T:1,?:1,L:1,Q:5"
GCF_000864105.1_noTerminalStopCodon.part_lcl__NC_007362.1_cds_YP_308669.1_6,HA,hemagglutinin,252,neutral,0.654,0.556,-,0.702,"D:Y:3,D:N:28,D:D:3,D:G:4,N:S:2,N:N:6,G:N:1,N:Y:1,I:N:1,K:N:2",1,0.503,D,"D:3025,Y:5,N:1536,-:12,G:6,S:2,?:2,I:1,K:5"
GCF_000864105.1_noTerminalStopCodon.part_lcl__NC_007362.1_cds_YP_308669.1_6,HA,hemagglutinin,253,negative,0,0.585,-,0,"D:D:10,D:N:1,D:E:3",1,0.667,D,"D:4577,-:12,?:1,N:1,E:3"
GCF_000864105.1_noTerminalStopCodon.part_lcl__NC_007362.1_cds_YP_308669.1_6,HA,hemagglutinin,254,neutral,0.47,0.736,-,0.238,"A:T:14,A:A:17,A:E:1,A:V:7,A:S:3,A:P:1,T:V:1,S:T:1",1,0.667,A,"A:4496,T:65,-:12,E:1,V:11,S:7,P:1,?:1"
GCF_000864105.1_noTerminalStopCodon.part_lcl__NC_007362.1_cds_YP_308669.1_6,HA,hemagglutinin,255,negative,0,0.706,-,0,"I:I:15,I:L:2,?:I:1,I:S:1",1,0.667,I,"I:4577,-:12,?:2,L:2,S:1"
GCF_000864105.1_noTerminalStopCodon.part_lcl__NC_007362.1_cds_YP_308669.1_6,HA,hemagglutinin,256,negative,0.32,2.179,-,0,"H:H:17,H:N:6,H:Y:2,N:N:18,K:N:1,N:S:4,S:S:2,N:Y:1,H:Q:2,H:T:1",1,0.667,H,"H:3687,-:13,N:843,Y:3,K:1,S:43,Q:3,T:1"
GCF_000864105.1_noTerminalStopCodon.part_lcl__NC_007362.1_cds_YP_308669.1_6,HA,hemagglutinin,257,negative,0,1.999,-,0,"F:F:37,F:V:1",1,0.667,F,"F:4577,-:16,V:1"
GCF_000864105.1_noTerminalStopCodon.part_lcl__NC_007362.1_cds_YP_308669.1_6,HA,hemagglutinin,258,negative,0.047,1.178,-,0,"E:E:30,E:V:1,D:E:2",1,0.667,E,"E:4574,-:16,V:1,D:3"
GCF_000864105.1_noTerminalStopCodon.part_lcl__NC_007362.1_cds_YP_308669.1_6,HA,hemagglutinin,259,negative,0,1.686,-,0,"S:S:29,S:T:2",1,0.667,S,"S:4576,-:16,T:2"
GCF_000864105.1_noTerminalStopCodon.part_lcl__NC_007362.1_cds_YP_308669.1_6,HA,hemagglutinin,260,negative,0,0.914,-,0,"N:N:17,F:N:1,K:N:2",1,0.667,N,"N:4573,-:16,?:2,F:1,K:2"
GCF_000864105.1_noTerminalStopCodon.part_lcl__NC_007362.1_cds_YP_308669.1_6,HA,hemagglutinin,261,negative,0,1.473,-,0,"G:G:35,G:P:1",1,0.667,G,"G:4577,-:16,P:1"
GCF_000864105.1_noTerminalStopCodon.part_lcl__NC_007362.1_cds_YP_308669.1_6,HA,hemagglutinin,262,negative,0,1.465,-,0,"N:N:26,I:N:1,D:N:1",1,0.667,N,"N:4576,-:16,I:1,D:1"
GCF_000864105.1_noTerminalStopCodon.part_lcl__NC_007362.1_cds_YP_308669.1_6,HA,hemagglutinin,263,negative,0.103,0.735,-,0.001,"F:F:14,F:L:6",1,0.667,F,"F:4570,?:3,-:13,L:8"
GCF_000864105.1_noTerminalStopCodon.part_lcl__NC_007362.1_cds_YP_308669.1_6,HA,hemagglutinin,264,negative,0,0.597,-,0,"I:I:12,I:V:3,F:I:1",1,0.667,I,"I:4577,-:13,V:3,F:1"
GCF_000864105.1_noTerminalStopCodon.part_lcl__NC_007362.1_cds_YP_308669.1_6,HA,hemagglutinin,265,negative,0,0.591,-,0,"A:A:15,A:V:2,A:T:1",1,0.667,A,"A:4578,-:13,V:2,T:1"
GCF_000864105.1_noTerminalStopCodon.part_lcl__NC_007362.1_cds_YP_308669.1_6,HA,hemagglutinin,266,negative,0,0.57,-,0,P:P:14,1,0.667,P,"P:4581,-:13"
GCF_000864105.1_noTerminalStopCodon.part_lcl__NC_007362.1_cds_YP_308669.1_6,HA,hemagglutinin,267,negative,0.047,0.918,-,0,"E:E:16,E:V:2,E:K:4,E:W:1",1,0.667,E,"E:4572,-:13,V:4,K:4,W:1"
GCF_000864105.1_noTerminalStopCodon.part_lcl__NC_007362.1_cds_YP_308669.1_6,HA,hemagglutinin,268,neutral,0.12,0.452,-,0.063,"Y:Y:7,F:Y:2,N:Y:6,H:Y:2,N:N:1",1,0.646,Y,"Y:4235,-:13,F:3,N:341,H:2"
GCF_000864105.1_noTerminalStopCodon.part_lcl__NC_007362.1_cds_YP_308669.1_6,HA,hemagglutinin,269,negative,0,0.84,-,0,"A:A:20,A:T:1",1,0.667,A,"A:4579,-:13,?:1,T:1"
GCF_000864105.1_noTerminalStopCodon.part_lcl__NC_007362.1_cds_YP_308669.1_6,HA,hemagglutinin,270,negative,0,0.39,-,0.002,"Y:Y:8,F:Y:1",1,0.667,Y,"Y:4577,-:15,?:1,F:1"
GCF_000864105.1_noTerminalStopCodon.part_lcl__NC_007362.1_cds_YP_308669.1_6,HA,hemagglutinin,271,negative,0,0.468,-,0,"K:Q:2,K:K:8,K:R:1",1,0.667,K,"K:4576,-:15,Q:2,R:1"
GCF_000864105.1_noTerminalStopCodon.part_lcl__NC_007362.1_cds_YP_308669.1_6,HA,hemagglutinin,272,negative,0,0.417,-,0.001,"I:I:9,I:N:2,F:I:1",1,0.667,I,"I:4575,-:15,?:1,N:2,F:1"
GCF_000864105.1_noTerminalStopCodon.part_lcl__NC_007362.1_cds_YP_308669.1_6,HA,hemagglutinin,273,negative,0.286,1,-,0.002,"V:V:25,I:V:21,C:V:1,I:I:1",1,0.329,V,"V:4539,I:37,-:15,?:2,C:1"
GCF_000864105.1_noTerminalStopCodon.part_lcl__NC_007362.1_cds_YP_308669.1_6,HA,hemagglutinin,274,negative,0.05,0.553,-,0.001,"K:K:15,K:N:1,K:Q:2,Q:R:1",1,0.667,K,"K:4576,-:14,N:1,Q:2,R:1"
GCF_000864105.1_noTerminalStopCodon.part_lcl__NC_007362.1_cds_YP_308669.1_6,HA,hemagglutinin,275,negative,0.223,1.341,-,0,"K:K:23,E:K:5,K:T:5,K:R:3,T:T:1,K:Q:1,E:E:1",1,0.667,K,"?:8,K:4545,-:13,E:17,T:6,R:3,Q:2"
GCF_000864105.1_noTerminalStopCodon.part_lcl__NC_007362.1_cds_YP_308669.1_6,HA,hemagglutinin,276,negative,0.038,1.612,-,0,"G:G:46,G:S:1,G:R:1,?:G:1",1,0.667,G,"G:4568,-:13,S:1,R:10,?:2"
GCF_000864105.1_noTerminalStopCodon.part_lcl__NC_007362.1_cds_YP_308669.1_6,HA,hemagglutinin,277,negative,0,1.069,-,0,"D:G:2,D:D:21,D:N:2,D:K:1",1,0.667,D,"D:4575,-:14,G:2,N:2,K:1"
GCF_000864105.1_noTerminalStopCodon.part_lcl__NC_007362.1_cds_YP_308669.1_6,HA,hemagglutinin,278,negative,0,0.772,-,0,"S:S:19,G:S:1",1,0.667,S,"S:4580,-:13,G:1"
GCF_000864105.1_noTerminalStopCodon.part_lcl__NC_007362.1_cds_YP_308669.1_6,HA,hemagglutinin,279,neutral,0.222,0.447,-,0.183,"T:T:9,A:T:14,A:A:2,A:P:1,S:T:1,A:K:1",1,0.667,T,"T:4244,A:332,-:13,?:2,P:1,S:1,K:1"
GCF_000864105.1_noTerminalStopCodon.part_lcl__NC_007362.1_cds_YP_308669.1_6,HA,hemagglutinin,280,negative,0,1.231,-,0,"I:I:27,I:V:1,F:I:2",1,0.667,I,"I:4578,?:1,-:12,V:1,F:2"
GCF_000864105.1_noTerminalStopCodon.part_lcl__NC_007362.1_cds_YP_308669.1_6,HA,hemagglutinin,281,neutral,0.032,9.664,-,0.057,"F:M:1,I:M:2",1,0.667,M,"M:4577,?:1,-:12,F:1,I:3"
GCF_000864105.1_noTerminalStopCodon.part_lcl__NC_007362.1_cds_YP_308669.1_6,HA,hemagglutinin,282,neutral,0.475,0.602,-,0.595,"K:R:25,K:K:7,R:R:4,G:R:1,I:K:1",1,0.638,K,"K:4189,R:391,-:9,?:2,G:1,I:2"
GCF_000864105.1_noTerminalStopCodon.part_lcl__NC_007362.1_cds_YP_308669.1_6,HA,hemagglutinin,283,negative,0,0.389,-,0,S:S:8,1,0.667,S,"S:4585,-:9"
GCF_000864105.1_noTerminalStopCodon.part_lcl__NC_007362.1_cds_YP_308669.1_6,HA,hemagglutinin,284,neutral,0.761,1.356,"overall,volume",0.06,"G:R:2,E:G:29,G:G:14,G:V:1,D:E:2,E:E:13,D:G:1,E:K:3",0.001980572,0.667,G,"G:3018,R:2,E:1558,-:9,V:1,D:3,K:3"
GCF_000864105.1_noTerminalStopCodon.part_lcl__NC_007362.1_cds_YP_308669.1_6,HA,hemagglutinin,285,neutral,0.706,0.602,-,0.66,"M:V:10,V:V:10,L:V:13,L:L:11,A:V:3,I:M:1",1,0.475,V,"V:3717,M:99,-:9,L:756,?:1,A:11,I:1"
GCF_000864105.1_noTerminalStopCodon.part_lcl__NC_007362.1_cds_YP_308669.1_6,HA,hemagglutinin,286,negative,0.284,1.042,-,0.003,"E:E:18,E:K:9,E:G:6,D:E:3,E:P:1,K:Q:1",1,0.452,E,"E:4532,-:9,K:23,G:8,?:2,D:4,P:1,Q:15"
GCF_000864105.1_noTerminalStopCodon.part_lcl__NC_007362.1_cds_YP_308669.1_6,HA,hemagglutinin,287,negative,0,0.811,-,0,"Y:Y:14,I:Y:1",1,0.667,Y,"Y:4584,-:9,I:1"
GCF_000864105.1_noTerminalStopCodon.part_lcl__NC_007362.1_cds_YP_308669.1_6,HA,hemagglutinin,288,negative,0.151,1.347,-,0,"G:G:31,G:S:15,A:G:1,E:G:2,S:S:2,G:V:1,D:G:2",1,0.667,G,"G:4464,S:114,-:9,A:2,E:2,V:1,D:2"
GCF_000864105.1_noTerminalStopCodon.part_lcl__NC_007362.1_cds_YP_308669.1_6,HA,hemagglutinin,289,negative,0.304,1.752,-,0,"H:H:14,H:N:6,H:R:4,H:Y:2,D:N:7,N:N:20,N:S:1",1,0.667,H,"H:3067,N:1494,R:7,-:8,?:1,Y:4,D:12,S:1"
GCF_000864105.1_noTerminalStopCodon.part_lcl__NC_007362.1_cds_YP_308669.1_6,HA,hemagglutinin,290,negative,0,0.55,-,0,"C:C:11,C:Y:1,C:S:1",1,0.667,C,"C:4584,-:8,Y:1,S:1"
GCF_000864105.1_noTerminalStopCodon.part_lcl__NC_007362.1_cds_YP_308669.1_6,HA,hemagglutinin,291,negative,0.382,1.096,-,0.007,"N:S:10,N:N:19,D:N:5,D:D:1,N:T:1,N:Y:1,K:N:1",1,0.667,N,"N:4466,S:64,?:1,-:9,D:51,T:1,Y:1,K:1"
GCF_000864105.1_noTerminalStopCodon.part_lcl__NC_007362.1_cds_YP_308669.1_6,HA,hemagglutinin,292,negative,0.046,0.61,-,0,"T:T:17,A:T:6,I:T:2,S:T:1",1,0.667,T,"T:4567,A:15,-:9,I:2,S:1"
GCF_000864105.1_noTerminalStopCodon.part_lcl__NC_007362.1_cds_YP_308669.1_6,HA,hemagglutinin,293,negative,0.142,1.265,-,0,"K:R:11,K:T:2,K:K:17,E:K:1,R:R:13",1,0.667,K,"K:3919,R:663,T:2,?:2,-:7,E:1"
GCF_000864105.1_noTerminalStopCodon.part_lcl__NC_007362.1_cds_YP_308669.1_6,HA,hemagglutinin,294,negative,0,1.173,-,0,"C:C:20,C:F:1,C:S:1,C:G:1",1,0.667,C,"C:4583,-:7,?:1,F:1,S:1,G:1"
GCF_000864105.1_noTerminalStopCodon.part_lcl__NC_007362.1_cds_YP_308669.1_6,HA,hemagglutinin,295,negative,0,1.633,-,0,"Q:Q:33,L:Q:1,Q:R:1",1,0.667,Q,"Q:4582,-:7,?:3,L:1,R:1"
GCF_000864105.1_noTerminalStopCodon.part_lcl__NC_007362.1_cds_YP_308669.1_6,HA,hemagglutinin,296,negative,0,1.177,-,0,T:T:29,1,0.667,T,"T:4587,-:7"
GCF_000864105.1_noTerminalStopCodon.part_lcl__NC_007362.1_cds_YP_308669.1_6,HA,hemagglutinin,297,negative,0,1.266,-,0,"P:P:30,A:P:1,L:P:1",1,0.667,P,"P:4585,-:7,A:1,L:1"
GCF_000864105.1_noTerminalStopCodon.part_lcl__NC_007362.1_cds_YP_308669.1_6,HA,hemagglutinin,298,neutral,0.757,1.149,-,0.25,"I:V:18,V:V:11,L:V:2,I:M:9,M:V:6,L:M:1,L:L:1,E:V:1,I:I:2,I:T:1,I:L:1",1,0.667,V,"V:3088,I:1112,-:7,?:3,L:28,M:354,E:1,T:1"
GCF_000864105.1_noTerminalStopCodon.part_lcl__NC_007362.1_cds_YP_308669.1_6,HA,hemagglutinin,299,negative,0,0.869,-,0,G:G:25,1,0.667,G,"G:4586,-:7,?:1"
GCF_000864105.1_noTerminalStopCodon.part_lcl__NC_007362.1_cds_YP_308669.1_6,HA,hemagglutinin,300,negative,0,1.368,-,0,"A:A:42,A:V:1,A:P:1,A:G:1",1,0.667,A,"A:4584,-:7,V:1,P:1,G:1"
GCF_000864105.1_noTerminalStopCodon.part_lcl__NC_007362.1_cds_YP_308669.1_6,HA,hemagglutinin,301,neutral,0.039,0,-,0.548,"I:M:3,I:L:5,I:V:5,I:N:1",1,0.465,I,"I:4570,M:3,L:8,-:6,V:5,?:1,N:1"
GCF_000864105.1_noTerminalStopCodon.part_lcl__NC_007362.1_cds_YP_308669.1_6,HA,hemagglutinin,302,negative,0.051,1.618,-,0,"N:N:29,N:R:1,H:N:1,N:T:1,D:N:3,N:S:1",1,0.667,N,"N:4579,-:6,R:1,H:1,T:1,D:3,S:3"
GCF_000864105.1_noTerminalStopCodon.part_lcl__NC_007362.1_cds_YP_308669.1_6,HA,hemagglutinin,303,negative,0.051,0.723,-,0,"S:S:18,S:T:2,F:S:1,P:S:1,S:Y:1",1,0.667,S,"S:4580,T:4,-:6,F:1,P:1,?:1,Y:1"
GCF_000864105.1_noTerminalStopCodon.part_lcl__NC_007362.1_cds_YP_308669.1_6,HA,hemagglutinin,304,negative,0.108,1.452,-,0,"N:S:5,S:S:25,I:S:1,S:T:1",1,0.063,S,"S:4570,N:14,-:6,I:3,T:1"
GCF_000864105.1_noTerminalStopCodon.part_lcl__NC_007362.1_cds_YP_308669.1_6,HA,hemagglutinin,305,neutral,0.064,0.579,-,0.231,"L:M:3,K:M:2",1,0.667,M,"M:4470,-:6,L:115,?:1,K:2"
GCF_000864105.1_noTerminalStopCodon.part_lcl__NC_007362.1_cds_YP_308669.1_6,HA,hemagglutinin,306,negative,0,1.105,-,0,"P:P:25,P:T:1,L:P:1",1,0.667,P,"P:4586,-:6,T:1,L:1"
GCF_000864105.1_noTerminalStopCodon.part_lcl__NC_007362.1_cds_YP_308669.1_6,HA,hemagglutinin,307,negative,0,1.045,-,0,"F:F:21,F:L:2,F:V:1,F:I:1",1,0.667,F,"F:4584,-:6,L:2,V:1,I:1"
GCF_000864105.1_noTerminalStopCodon.part_lcl__NC_007362.1_cds_YP_308669.1_6,HA,hemagglutinin,308,negative,0,0.524,-,0,"H:Q:4,H:H:10,H:R:2",1,0.667,H,"H:4582,Q:4,-:6,R:2"
GCF_000864105.1_noTerminalStopCodon.part_lcl__NC_007362.1_cds_YP_308669.1_6,HA,hemagglutinin,309,negative,0,1.254,-,0,"N:N:24,D:N:1,N:Y:1",1,0.667,N,"N:4587,-:5,D:1,Y:1"
GCF_000864105.1_noTerminalStopCodon.part_lcl__NC_007362.1_cds_YP_308669.1_6,HA,hemagglutinin,310,negative,0.081,0.969,-,0,"I:V:5,V:V:2,I:I:6",1,0.667,I,"I:4542,-:5,V:47"
GCF_000864105.1_noTerminalStopCodon.part_lcl__NC_007362.1_cds_YP_308669.1_6,HA,hemagglutinin,311,negative,0.046,2.215,-,0,"H:H:39,H:N:1,N:S:1",1,0.667,H,"H:4584,-:6,?:2,S:1,N:1"
GCF_000864105.1_noTerminalStopCodon.part_lcl__NC_007362.1_cds_YP_308669.1_6,HA,hemagglutinin,312,negative,0,1.134,-,0,"P:P:29,H:P:1",1,0.667,P,"P:4586,-:7,H:1"
GCF_000864105.1_noTerminalStopCodon.part_lcl__NC_007362.1_cds_YP_308669.1_6,HA,hemagglutinin,313,negative,0,0.533,-,0,"L:L:15,H:L:1,I:L:3",1,0.667,L,"L:4583,-:7,H:1,I:3"
GCF_000864105.1_noTerminalStopCodon.part_lcl__NC_007362.1_cds_YP_308669.1_6,HA,hemagglutinin,314,negative,0.045,1.279,-,0,"T:T:33,A:T:2,T:W:1",1,0.667,T,"T:4581,-:7,?:2,A:3,W:1"
GCF_000864105.1_noTerminalStopCodon.part_lcl__NC_007362.1_cds_YP_308669.1_6,HA,hemagglutinin,315,negative,0,1.54,-,0,"I:I:35,I:V:1,I:K:1",1,0.667,I,"I:4585,-:7,V:1,K:1"
GCF_000864105.1_noTerminalStopCodon.part_lcl__NC_007362.1_cds_YP_308669.1_6,HA,hemagglutinin,316,negative,0,0.808,-,0,G:G:25,1,0.667,G,"G:4587,-:7"
GCF_000864105.1_noTerminalStopCodon.part_lcl__NC_007362.1_cds_YP_308669.1_6,HA,hemagglutinin,317,negative,0,1.305,-,0,"E:E:24,E:K:5,D:E:1",1,0.667,E,"E:4579,-:6,?:3,K:5,D:1"
GCF_000864105.1_noTerminalStopCodon.part_lcl__NC_007362.1_cds_YP_308669.1_6,HA,hemagglutinin,318,negative,0,1.506,-,0,"C:C:28,C:S:1,?:C:1,C:R:1",1,0.667,C,"C:4581,-:6,S:1,?:5,R:1"
GCF_000864105.1_noTerminalStopCodon.part_lcl__NC_007362.1_cds_YP_308669.1_6,HA,hemagglutinin,319,negative,0,0.497,-,0,P:P:14,1,0.667,P,"P:4588,-:6"
GCF_000864105.1_noTerminalStopCodon.part_lcl__NC_007362.1_cds_YP_308669.1_6,HA,hemagglutinin,320,negative,0,0.597,-,0,"K:K:12,K:R:1",1,0.667,K,"K:4587,-:6,R:1"
GCF_000864105.1_noTerminalStopCodon.part_lcl__NC_007362.1_cds_YP_308669.1_6,HA,hemagglutinin,321,negative,0.061,1.228,-,0,"Y:Y:23,F:Y:3",1,0.667,Y,"Y:4582,F:4,-:6,?:2"
GCF_000864105.1_noTerminalStopCodon.part_lcl__NC_007362.1_cds_YP_308669.1_6,HA,hemagglutinin,322,negative,0,0.464,-,0,"V:V:15,A:V:1",1,0.667,V,"V:4586,-:6,A:1,?:1"
GCF_000864105.1_noTerminalStopCodon.part_lcl__NC_007362.1_cds_YP_308669.1_6,HA,hemagglutinin,323,negative,0,1.568,-,0,"K:K:31,K:R:1",1,0.667,K,"K:4585,-:6,R:1,?:2"
GCF_000864105.1_noTerminalStopCodon.part_lcl__NC_007362.1_cds_YP_308669.1_6,HA,hemagglutinin,324,negative,0,0.62,-,0,S:S:15,1,0.667,S,"S:4588,-:6"
GCF_000864105.1_noTerminalStopCodon.part_lcl__NC_007362.1_cds_YP_308669.1_6,HA,hemagglutinin,325,negative,0.416,0.927,-,0.046,"N:S:12,N:N:12,N:T:3,D:N:9,D:D:4,K:N:4,S:S:1,K:S:1,G:N:1",1,0.667,N,"N:4441,S:32,-:6,T:48,D:60,K:6,G:1"
GCF_000864105.1_noTerminalStopCodon.part_lcl__NC_007362.1_cds_YP_308669.1_6,HA,hemagglutinin,326,negative,0.236,1.143,-,0,"K:K:19,K:R:10,R:R:5,R:S:1,R:T:1",1,0.667,K,"K:3914,R:671,-:6,S:1,T:1,?:1"
GCF_000864105.1_noTerminalStopCodon.part_lcl__NC_007362.1_cds_YP_308669.1_6,HA,hemagglutinin,327,negative,0,0.792,-,0,L:L:27,1,0.667,L,"L:4587,-:7"
GCF_000864105.1_noTerminalStopCodon.part_lcl__NC_007362.1_cds_YP_308669.1_6,HA,hemagglutinin,328,negative,0.17,1.599,-,0,"V:V:41,I:V:13,I:R:1",1,0.667,V,"V:4564,I:19,-:8,?:2,R:1"
GCF_000864105.1_noTerminalStopCodon.part_lcl__NC_007362.1_cds_YP_308669.1_6,HA,hemagglutinin,329,negative,0,0.343,-,0.002,"L:L:8,L:P:2",1,0.667,L,"L:4583,-:8,?:1,P:2"
GCF_000864105.1_noTerminalStopCodon.part_lcl__NC_007362.1_cds_YP_308669.1_6,HA,hemagglutinin,330,negative,0,2.261,-,0,"A:A:65,A:V:2,A:D:1",1,0.667,A,"A:4579,V:2,-:11,?:1,D:1"
GCF_000864105.1_noTerminalStopCodon.part_lcl__NC_007362.1_cds_YP_308669.1_6,HA,hemagglutinin,331,negative,0,0.945,-,0,"T:T:23,I:T:1,S:T:1",1,0.667,T,"T:4581,-:11,I:1,S:1"
GCF_000864105.1_noTerminalStopCodon.part_lcl__NC_007362.1_cds_YP_308669.1_6,HA,hemagglutinin,332,negative,0,1.219,-,0,G:G:38,1,0.667,G,"G:4584,-:10"
GCF_000864105.1_noTerminalStopCodon.part_lcl__NC_007362.1_cds_YP_308669.1_6,HA,hemagglutinin,333,negative,0,0.593,-,0,"L:L:17,L:P:3,F:L:1",1,0.667,L,"L:4578,-:10,P:3,F:1,?:2"
GCF_000864105.1_noTerminalStopCodon.part_lcl__NC_007362.1_cds_YP_308669.1_6,HA,hemagglutinin,334,negative,0,0.993,-,0,"R:R:21,K:R:1",1,0.667,R,"R:4583,-:10,K:1"
GCF_000864105.1_noTerminalStopCodon.part_lcl__NC_007362.1_cds_YP_308669.1_6,HA,hemagglutinin,335,negative,0,0.943,-,0,"N:N:17,D:N:1",1,0.667,N,"N:4582,-:10,?:1,D:1"
GCF_000864105.1_noTerminalStopCodon.part_lcl__NC_007362.1_cds_YP_308669.1_6,HA,hemagglutinin,336,negative,0.701,2.014,-,0,"N:S:43,S:S:25,N:N:1,D:S:1,S:T:3,A:T:2,T:V:1,V:V:8,I:V:3,I:T:1,S:V:1",1,0.501,S,"S:4075,N:383,-:10,D:1,?:1,T:63,A:3,I:15,V:43"
GCF_000864105.1_noTerminalStopCodon.part_lcl__NC_007362.1_cds_YP_308669.1_6,HA,hemagglutinin,337,negative,0.091,1.027,-,0,"L:P:6,P:P:26,P:R:1,P:S:3,H:P:2",1,0.667,P,"P:4568,L:10,-:10,R:1,S:3,H:2"
GCF_000864105.1_noTerminalStopCodon.part_lcl__NC_007362.1_cds_YP_308669.1_6,HA,hemagglutinin,338,neutral,0.394,0.546,-,0.519,"L:P:6,P:P:1,I:L:5,L:L:6,L:Q:6,Q:Q:8,H:Q:1,Q:R:4,K:L:1,L:S:1",1,0.658,L,"L:3182,P:19,-:11,I:5,Q:1364,?:2,H:1,R:8,K:1,S:1"
GCF_000864105.1_noTerminalStopCodon.part_lcl__NC_007362.1_cds_YP_308669.1_6,HA,hemagglutinin,339,negative,0.453,2.464,-,0,"R:R:36,K:R:13,R:S:2,I:R:10,G:R:7,G:G:6,E:G:3,K:K:6",1,0.667,R,"R:4045,K:153,-:15,S:2,?:1,I:38,G:336,E:4"
GCF_000864105.1_noTerminalStopCodon.part_lcl__NC_007362.1_cds_YP_308669.1_6,HA,hemagglutinin,340,negative,0.048,1.2,-,0,"E:G:8,E:E:25,E:K:6,D:E:2",1,0.667,E,"E:4561,G:8,-:16,K:7,D:2"
GCF_000864105.1_noTerminalStopCodon.part_lcl__NC_007362.1_cds_YP_308669.1_6,HA,hemagglutinin,341,neutral,1.027,1.293,-,0.443,"K:R:25,K:K:7,K:T:1,R:R:15,G:R:8,E:G:2,G:M:1,G:G:1,I:R:1,R:S:3",1,0.667,K,"K:2816,-:118,R:1522,T:1,?:4,G:66,E:37,M:1,I:2,S:27"
GCF_000864105.1_noTerminalStopCodon.part_lcl__NC_007362.1_cds_YP_308669.1_6,HA,hemagglutinin,342,negative,0.141,0.656,-,0.007,"K:R:5,R:R:10,I:R:1",1,0.667,R,"R:4502,K:21,-:70,I:1"
GCF_000864105.1_noTerminalStopCodon.part_lcl__NC_007362.1_cds_YP_308669.1_6,HA,hemagglutinin,343,negative,0.043,2.042,-,0,"R:R:37,K:R:1",1,0.667,R,"R:4521,-:66,?:5,K:2"
GCF_000864105.1_noTerminalStopCodon.part_lcl__NC_007362.1_cds_YP_308669.1_6,HA,hemagglutinin,344,neutral,0.516,0.299,-,0.361,"K:K:3,G:K:1,A:K:1,K:R:10,I:K:1,E:K:1,R:R:1",1,0.009,K,"K:4444,-:101,G:1,A:2,R:44,I:1,E:1"
GCF_000864105.1_noTerminalStopCodon.part_lcl__NC_007362.1_cds_YP_308669.1_6,HA,hemagglutinin,345,negative,0.834,2.082,-,0.027,"K:K:15,K:R:7,E:K:1,K:T:1,T:T:2,A:T:1",1,0.667,-,"-:3796,K:720,R:18,E:1,T:58,A:1"
GCF_000864105.1_noTerminalStopCodon.part_lcl__NC_007362.1_cds_YP_308669.1_6,HA,hemagglutinin,346,negative,0,1.045,-,0,R:R:22,1,0.667,R,"R:4580,-:14"
GCF_000864105.1_noTerminalStopCodon.part_lcl__NC_007362.1_cds_YP_308669.1_6,HA,hemagglutinin,347,negative,0,1.613,-,0,"G:G:38,G:T:1",1,0.667,G,"G:4568,-:21,?:4,T:1"
GCF_000864105.1_noTerminalStopCodon.part_lcl__NC_007362.1_cds_YP_308669.1_6,HA,hemagglutinin,348,negative,0,1.152,-,0,L:L:53,1,0.667,L,"L:4574,-:20"
GCF_000864105.1_noTerminalStopCodon.part_lcl__NC_007362.1_cds_YP_308669.1_6,HA,hemagglutinin,349,negative,0,0.514,-,0,"F:F:9,F:S:1",1,0.667,F,"F:4571,-:20,?:2,S:1"
GCF_000864105.1_noTerminalStopCodon.part_lcl__NC_007362.1_cds_YP_308669.1_6,HA,hemagglutinin,350,negative,0,1.093,-,0,G:G:30,1,0.667,G,"G:4572,-:20,?:2"
GCF_000864105.1_noTerminalStopCodon.part_lcl__NC_007362.1_cds_YP_308669.1_6,HA,hemagglutinin,351,negative,0,2.175,-,0,A:A:57,1,0.667,A,"A:4576,-:17,?:1"
GCF_000864105.1_noTerminalStopCodon.part_lcl__NC_007362.1_cds_YP_308669.1_6,HA,hemagglutinin,352,negative,0.156,0.713,-,0.03,"I:K:20,I:I:5,I:V:2",1,0.667,I,"I:4534,K:26,-:19,?:13,V:2"
GCF_000864105.1_noTerminalStopCodon.part_lcl__NC_007362.1_cds_YP_308669.1_6,HA,hemagglutinin,353,negative,0,0.407,-,0,"A:A:9,A:V:1",1,0.667,A,"A:4574,?:2,V:1,-:17"
GCF_000864105.1_noTerminalStopCodon.part_lcl__NC_007362.1_cds_YP_308669.1_6,HA,hemagglutinin,354,negative,0,2.987,-,0,"G:G:80,G:I:1,G:S:2",1,0.667,G,"G:4574,I:1,-:17,S:2"
GCF_000864105.1_noTerminalStopCodon.part_lcl__NC_007362.1_cds_YP_308669.1_6,HA,hemagglutinin,355,negative,0,0.889,-,0,"F:F:15,F:R:1",1,0.667,F,"F:4576,R:1,-:17"
GCF_000864105.1_noTerminalStopCodon.part_lcl__NC_007362.1_cds_YP_308669.1_6,HA,hemagglutinin,356,negative,0,0.743,-,0,"I:L:1,I:I:4,I:T:1",1,0.667,I,"I:4572,L:1,-:20,T:1"
GCF_000864105.1_noTerminalStopCodon.part_lcl__NC_007362.1_cds_YP_308669.1_6,HA,hemagglutinin,357,negative,0,1.424,-,0,"E:E:35,E:R:1,E:K:1",1,0.667,E,"E:4568,R:1,-:22,?:2,K:1"
GCF_000864105.1_noTerminalStopCodon.part_lcl__NC_007362.1_cds_YP_308669.1_6,HA,hemagglutinin,358,negative,0.039,0.968,-,0,"G:G:22,E:G:1,G:R:1",1,0.667,G,"G:4568,?:1,E:1,-:22,R:2"
GCF_000864105.1_noTerminalStopCodon.part_lcl__NC_007362.1_cds_YP_308669.1_6,HA,hemagglutinin,359,negative,0,0.465,-,0,"G:G:13,G:Q:1,G:R:1",1,0.667,G,"G:4570,Q:1,-:22,R:1"
GCF_000864105.1_noTerminalStopCodon.part_lcl__NC_007362.1_cds_YP_308669.1_6,HA,hemagglutinin,360,neutral,0,0,-,1,K:W:1,1,0.667,W,"W:4570,K:1,-:23"
GCF_000864105.1_noTerminalStopCodon.part_lcl__NC_007362.1_cds_YP_308669.1_6,HA,hemagglutinin,361,negative,0,1.219,-,0,"Q:Q:30,Q:T:1,P:Q:1",1,0.667,Q,"Q:4568,?:1,-:23,T:1,P:1"
GCF_000864105.1_noTerminalStopCodon.part_lcl__NC_007362.1_cds_YP_308669.1_6,HA,hemagglutinin,362,negative,0,1.102,-,0,G:G:27,1,0.667,G,"G:4571,-:23"
GCF_000864105.1_noTerminalStopCodon.part_lcl__NC_007362.1_cds_YP_308669.1_6,HA,hemagglutinin,363,neutral,0,0,-,1,NA,1,1,M,"M:4571,-:23"
GCF_000864105.1_noTerminalStopCodon.part_lcl__NC_007362.1_cds_YP_308669.1_6,HA,hemagglutinin,364,negative,0.096,0.663,-,0.001,"I:V:11,V:V:14",1,0.667,V,"V:4550,I:18,?:3,-:23"
GCF_000864105.1_noTerminalStopCodon.part_lcl__NC_007362.1_cds_YP_308669.1_6,HA,hemagglutinin,365,negative,0,1.416,-,0,"D:N:1,D:D:23,D:E:1,D:Y:1",1,0.667,D,"D:4568,N:1,-:23,E:1,Y:1"
GCF_000864105.1_noTerminalStopCodon.part_lcl__NC_007362.1_cds_YP_308669.1_6,HA,hemagglutinin,366,negative,0,0.695,-,0,G:G:18,1,0.667,G,"G:4571,-:23"
GCF_000864105.1_noTerminalStopCodon.part_lcl__NC_007362.1_cds_YP_308669.1_6,HA,hemagglutinin,367,neutral,0,0.072,-,1,R:W:1,1,0.667,W,"W:4570,-:23,R:1"
GCF_000864105.1_noTerminalStopCodon.part_lcl__NC_007362.1_cds_YP_308669.1_6,HA,hemagglutinin,368,negative,0.062,0.825,-,0,"Y:Y:14,F:Y:4",1,0.667,Y,"Y:4556,?:9,-:23,F:6"
GCF_000864105.1_noTerminalStopCodon.part_lcl__NC_007362.1_cds_YP_308669.1_6,HA,hemagglutinin,369,negative,0,1.458,-,0,"G:G:45,G:I:1,G:V:1",1,0.667,G,"G:4564,-:27,?:1,I:1,V:1"
GCF_000864105.1_noTerminalStopCodon.part_lcl__NC_007362.1_cds_YP_308669.1_6,HA,hemagglutinin,370,negative,0.184,2.243,-,0,"F:Y:6,Y:Y:36,D:Y:1,C:Y:2,C:S:1,F:F:1",1,0.667,Y,"Y:4527,F:33,-:28,?:1,D:1,C:3,S:1"
GCF_000864105.1_noTerminalStopCodon.part_lcl__NC_007362.1_cds_YP_308669.1_6,HA,hemagglutinin,371,negative,0.046,2.294,-,0,"H:H:40,H:R:3,H:Q:2,H:L:1,L:S:1",1,0.667,H,"H:4558,-:28,R:3,Q:2,L:2,S:1"
GCF_000864105.1_noTerminalStopCodon.part_lcl__NC_007362.1_cds_YP_308669.1_6,HA,hemagglutinin,372,negative,0,0.921,-,0,"H:H:16,H:L:1,H:R:3,H:S:1,H:Q:1",1,0.667,H,"H:4560,L:1,-:28,R:3,S:1,Q:1"
GCF_000864105.1_noTerminalStopCodon.part_lcl__NC_007362.1_cds_YP_308669.1_6,HA,hemagglutinin,373,negative,0.14,1.364,-,0,"S:S:24,N:S:4,R:S:2,I:S:3,E:S:1,G:S:2,D:G:1,G:Q:1,Q:S:1",1,0.667,S,"S:4548,N:6,-:28,R:2,I:3,?:1,E:1,G:2,D:1,Q:2"
GCF_000864105.1_noTerminalStopCodon.part_lcl__NC_007362.1_cds_YP_308669.1_6,HA,hemagglutinin,374,negative,0.093,1.004,-,0,"N:N:17,H:N:1,K:N:2,K:Q:1,N:Q:1",1,0.667,N,"N:4560,-:28,H:1,Q:3,K:2"
GCF_000864105.1_noTerminalStopCodon.part_lcl__NC_007362.1_cds_YP_308669.1_6,HA,hemagglutinin,375,negative,0.192,0.96,-,0,"E:E:23,E:G:7,D:E:4,E:S:1,E:K:3,G:G:1",1,0.667,E,"E:4536,-:28,?:5,G:14,D:6,S:1,K:4"
GCF_000864105.1_noTerminalStopCodon.part_lcl__NC_007362.1_cds_YP_308669.1_6,HA,hemagglutinin,376,negative,0,1.635,-,0,Q:Q:42,1,0.667,Q,"Q:4566,-:28"
GCF_000864105.1_noTerminalStopCodon.part_lcl__NC_007362.1_cds_YP_308669.1_6,HA,hemagglutinin,377,negative,0,1.4,-,0,"G:G:43,A:G:1",1,0.667,G,"G:4565,-:28,A:1"
GCF_000864105.1_noTerminalStopCodon.part_lcl__NC_007362.1_cds_YP_308669.1_6,HA,hemagglutinin,378,negative,0,0.458,-,0,"S:S:8,R:S:2,N:S:1",1,0.667,S,"S:4563,-:28,R:2,N:1"
GCF_000864105.1_noTerminalStopCodon.part_lcl__NC_007362.1_cds_YP_308669.1_6,HA,hemagglutinin,379,negative,0,1.995,-,0,G:G:58,1,0.667,G,"G:4566,-:28"
GCF_000864105.1_noTerminalStopCodon.part_lcl__NC_007362.1_cds_YP_308669.1_6,HA,hemagglutinin,380,negative,0,1.72,-,0,Y:Y:34,1,0.667,Y,"Y:4566,-:28"
GCF_000864105.1_noTerminalStopCodon.part_lcl__NC_007362.1_cds_YP_308669.1_6,HA,hemagglutinin,381,negative,0,0.36,-,0.001,"A:A:9,A:S:2,A:T:1,A:P:1",1,0.667,A,"A:4561,-:28,?:1,S:2,T:1,P:1"
GCF_000864105.1_noTerminalStopCodon.part_lcl__NC_007362.1_cds_YP_308669.1_6,HA,hemagglutinin,382,negative,0,1.152,-,0,A:A:30,1,0.667,A,"A:4560,?:5,-:29"
GCF_000864105.1_noTerminalStopCodon.part_lcl__NC_007362.1_cds_YP_308669.1_6,HA,hemagglutinin,383,negative,0,0.88,-,0,"D:D:18,D:N:1,D:H:2,D:Y:1",1,0.667,D,"D:4560,-:29,N:1,H:2,?:1,Y:1"
GCF_000864105.1_noTerminalStopCodon.part_lcl__NC_007362.1_cds_YP_308669.1_6,HA,hemagglutinin,384,negative,0.17,1.155,-,0,"K:K:19,K:R:9",1,0.667,K,"K:4544,-:29,R:21"
GCF_000864105.1_noTerminalStopCodon.part_lcl__NC_007362.1_cds_YP_308669.1_6,HA,hemagglutinin,385,negative,0,0.896,-,0,"E:E:16,E:K:1",1,0.667,E,"E:4563,-:29,K:1,?:1"
GCF_000864105.1_noTerminalStopCodon.part_lcl__NC_007362.1_cds_YP_308669.1_6,HA,hemagglutinin,386,negative,0.103,0.919,-,0,"S:T:4,S:S:25,A:S:1",1,0.667,S,"S:4553,T:10,-:29,A:1,?:1"
GCF_000864105.1_noTerminalStopCodon.part_lcl__NC_007362.1_cds_YP_308669.1_6,HA,hemagglutinin,387,negative,0.046,1.537,-,0,"T:T:40,S:T:1,A:T:1",1,0.667,T,"T:4559,-:29,S:5,A:1"
GCF_000864105.1_noTerminalStopCodon.part_lcl__NC_007362.1_cds_YP_308669.1_6,HA,hemagglutinin,388,negative,0,0.681,-,0,"Q:Q:12,P:Q:1",1,0.667,Q,"Q:4562,-:29,?:2,P:1"
GCF_000864105.1_noTerminalStopCodon.part_lcl__NC_007362.1_cds_YP_308669.1_6,HA,hemagglutinin,389,neutral,0.566,0.596,-,0.892,"K:K:17,K:R:25",0.1560543064080213,0.235,K,"K:4493,-:30,R:71"
GCF_000864105.1_noTerminalStopCodon.part_lcl__NC_007362.1_cds_YP_308669.1_6,HA,hemagglutinin,390,negative,0,0.972,-,0,"A:T:1,A:A:24",1,0.667,A,"A:4564,T:1,-:29"
GCF_000864105.1_noTerminalStopCodon.part_lcl__NC_007362.1_cds_YP_308669.1_6,HA,hemagglutinin,391,negative,0.143,0.842,-,0.008,"I:M:4,I:V:9,I:I:5,V:V:1",1,0.667,I,"I:4539,M:7,-:29,V:18,?:1"
GCF_000864105.1_noTerminalStopCodon.part_lcl__NC_007362.1_cds_YP_308669.1_6,HA,hemagglutinin,392,negative,0.214,1.118,-,0,"D:D:20,D:N:15,D:V:1,D:Y:2",1,0.108,D,"D:4527,-:29,N:35,V:1,Y:2"
GCF_000864105.1_noTerminalStopCodon.part_lcl__NC_007362.1_cds_YP_308669.1_6,HA,hemagglutinin,393,negative,0,1.166,-,0,G:G:29,1,0.667,G,"G:4565,-:29"
GCF_000864105.1_noTerminalStopCodon.part_lcl__NC_007362.1_cds_YP_308669.1_6,HA,hemagglutinin,394,negative,0.076,1.009,-,0,"V:V:25,I:V:6,I:I:1,A:V:1",1,0.667,V,"V:4498,-:29,?:2,I:64,A:1"
GCF_000864105.1_noTerminalStopCodon.part_lcl__NC_007362.1_cds_YP_308669.1_6,HA,hemagglutinin,395,negative,0,0.931,-,0,"N:T:1,T:T:26,I:T:1,A:T:1,P:T:2",1,0.667,T,"T:4559,-:30,N:1,I:1,A:1,P:2"
GCF_000864105.1_noTerminalStopCodon.part_lcl__NC_007362.1_cds_YP_308669.1_6,HA,hemagglutinin,396,negative,0,1.134,-,0,"N:N:20,N:T:3",1,0.667,N,"N:4559,-:30,?:2,T:3"
GCF_000864105.1_noTerminalStopCodon.part_lcl__NC_007362.1_cds_YP_308669.1_6,HA,hemagglutinin,397,negative,0.051,0.934,-,0,"K:K:25,K:N:1,K:R:3,K:T:1",1,0.667,K,"K:4558,-:30,N:2,R:3,T:1"
GCF_000864105.1_noTerminalStopCodon.part_lcl__NC_007362.1_cds_YP_308669.1_6,HA,hemagglutinin,398,negative,0.02,0.859,-,0,"V:V:23,I:V:2,L:V:1",1,0.667,V,"V:4561,-:30,I:2,L:1"
GCF_000864105.1_noTerminalStopCodon.part_lcl__NC_007362.1_cds_YP_308669.1_6,HA,hemagglutinin,399,negative,0,1.561,-,0,N:N:30,1,0.667,N,"N:4564,-:30"
GCF_000864105.1_noTerminalStopCodon.part_lcl__NC_007362.1_cds_YP_308669.1_6,HA,hemagglutinin,400,negative,0,1.525,-,0,"S:S:42,L:S:1",1,0.667,S,"S:4563,-:30,L:1"
GCF_000864105.1_noTerminalStopCodon.part_lcl__NC_007362.1_cds_YP_308669.1_6,HA,hemagglutinin,401,negative,0,0.857,-,0,I:I:22,1,0.667,I,"I:4562,-:32"
GCF_000864105.1_noTerminalStopCodon.part_lcl__NC_007362.1_cds_YP_308669.1_6,HA,hemagglutinin,402,negative,0,0.368,-,0.001,"I:I:8,I:V:1",1,0.667,I,"I:4561,-:32,V:1"
GCF_000864105.1_noTerminalStopCodon.part_lcl__NC_007362.1_cds_YP_308669.1_6,HA,hemagglutinin,403,negative,0.214,0.627,-,0.032,"D:E:2,D:N:12,D:D:12,D:G:3,N:N:1,A:D:1,D:Y:1",1,0.461,D,"D:4525,-:32,E:2,N:24,G:9,A:1,Y:1"
GCF_000864105.1_noTerminalStopCodon.part_lcl__NC_007362.1_cds_YP_308669.1_6,HA,hemagglutinin,404,negative,0,0.689,-,0,"K:K:12,E:K:1",1,0.667,K,"K:4560,-:32,?:1,E:1"
GCF_000864105.1_noTerminalStopCodon.part_lcl__NC_007362.1_cds_YP_308669.1_6,HA,hemagglutinin,405,neutral,0,0.09,-,1,M:T:1,1,0.667,M,"M:4561,-:32,T:1"
GCF_000864105.1_noTerminalStopCodon.part_lcl__NC_007362.1_cds_YP_308669.1_6,HA,hemagglutinin,406,negative,0,0.341,-,0.002,"N:N:7,K:N:1,D:N:1",1,0.667,N,"N:4560,-:32,K:1,D:1"
GCF_000864105.1_noTerminalStopCodon.part_lcl__NC_007362.1_cds_YP_308669.1_6,HA,hemagglutinin,407,negative,0,1.561,-,0,"I:T:3,T:T:38,N:T:1",1,0.667,T,"T:4557,I:3,-:32,?:1,N:1"
GCF_000864105.1_noTerminalStopCodon.part_lcl__NC_007362.1_cds_YP_308669.1_6,HA,hemagglutinin,408,negative,0,1.571,-,0,"Q:Q:35,H:Q:2,Q:R:1",1,0.667,Q,"Q:4557,-:33,?:1,H:2,R:1"
GCF_000864105.1_noTerminalStopCodon.part_lcl__NC_007362.1_cds_YP_308669.1_6,HA,hemagglutinin,409,negative,0.103,0.622,-,0.007,"F:F:10,F:V:2,F:Y:1",1,0.667,F,"F:4555,-:33,V:5,Y:1"
GCF_000864105.1_noTerminalStopCodon.part_lcl__NC_007362.1_cds_YP_308669.1_6,HA,hemagglutinin,410,negative,0,1.013,-,0,"E:E:27,E:K:2,E:V:1,E:R:1",1,0.667,E,"E:4557,-:31,?:2,K:2,V:1,R:1"
GCF_000864105.1_noTerminalStopCodon.part_lcl__NC_007362.1_cds_YP_308669.1_6,HA,hemagglutinin,411,negative,0.084,1.647,-,0,"A:A:40,A:T:3,A:S:2,A:G:1",1,0.667,A,"A:4554,-:31,T:5,S:3,G:1"
GCF_000864105.1_noTerminalStopCodon.part_lcl__NC_007362.1_cds_YP_308669.1_6,HA,hemagglutinin,412,negative,0.2,0.813,-,0.005,"V:V:18,I:V:13,A:V:2,I:Y:2,I:I:1",1,0.658,V,"V:4542,-:32,I:14,A:3,Y:2,?:1"
GCF_000864105.1_noTerminalStopCodon.part_lcl__NC_007362.1_cds_YP_308669.1_6,HA,hemagglutinin,413,negative,0.13,0.738,-,0.001,"G:G:18,E:G:2,G:R:1,G:K:1",1,0.038,G,"G:4550,-:35,E:6,?:1,R:1,K:1"
GCF_000864105.1_noTerminalStopCodon.part_lcl__NC_007362.1_cds_YP_308669.1_6,HA,hemagglutinin,414,negative,0.122,0.851,-,0,"R:R:21,K:R:11,K:K:3,H:K:1",1,0.667,R,"R:4469,-:43,K:80,H:1,?:1"
GCF_000864105.1_noTerminalStopCodon.part_lcl__NC_007362.1_cds_YP_308669.1_6,HA,hemagglutinin,415,negative,0,1.299,-,0,E:E:28,1,0.667,E,"E:4550,-:43,?:1"
GCF_000864105.1_noTerminalStopCodon.part_lcl__NC_007362.1_cds_YP_308669.1_6,HA,hemagglutinin,416,negative,0,1.202,-,0,"F:F:21,F:S:1,F:L:1",1,0.667,F,"F:4547,-:43,?:2,S:1,L:1"
GCF_000864105.1_noTerminalStopCodon.part_lcl__NC_007362.1_cds_YP_308669.1_6,HA,hemagglutinin,417,negative,0.094,1.741,-,0,"N:S:9,N:N:29,N:T:1",1,0.667,N,"N:4523,S:23,-:46,?:1,T:1"
GCF_000864105.1_noTerminalStopCodon.part_lcl__NC_007362.1_cds_YP_308669.1_6,HA,hemagglutinin,418,negative,0.411,1.213,-,0.004,"N:N:22,N:S:15,D:N:1,K:N:5,N:T:4,A:N:1,R:S:2,C:S:1",1,0.012,N,"N:4426,-:46,S:106,D:1,K:6,T:4,A:2,R:2,C:1"
GCF_000864105.1_noTerminalStopCodon.part_lcl__NC_007362.1_cds_YP_308669.1_6,HA,hemagglutinin,419,negative,0,1.345,-,0,"L:L:40,F:L:2",1,0.667,L,"L:4546,-:46,F:2"
GCF_000864105.1_noTerminalStopCodon.part_lcl__NC_007362.1_cds_YP_308669.1_6,HA,hemagglutinin,420,negative,0,0.776,-,0,"E:E:16,E:G:1,E:Q:1",1,0.667,E,"E:4546,?:1,-:45,G:1,Q:1"
GCF_000864105.1_noTerminalStopCodon.part_lcl__NC_007362.1_cds_YP_308669.1_6,HA,hemagglutinin,421,negative,0.159,0.939,-,0,"R:R:27,K:R:6,G:R:1",1,0.667,R,"R:4534,-:45,K:14,G:1"
GCF_000864105.1_noTerminalStopCodon.part_lcl__NC_007362.1_cds_YP_308669.1_6,HA,hemagglutinin,422,negative,0,1.398,-,0,R:R:34,1,0.667,R,"R:4547,-:45,?:2"
GCF_000864105.1_noTerminalStopCodon.part_lcl__NC_007362.1_cds_YP_308669.1_6,HA,hemagglutinin,423,negative,0,0.301,-,0.013,"I:V:2,I:I:2,I:M:1,I:K:1",1,0.667,I,"I:4543,-:46,V:2,?:1,M:1,K:1"
GCF_000864105.1_noTerminalStopCodon.part_lcl__NC_007362.1_cds_YP_308669.1_6,HA,hemagglutinin,424,negative,0,1.203,-,0,"E:E:28,D:E:1",1,0.667,E,"E:4547,-:46,D:1"
GCF_000864105.1_noTerminalStopCodon.part_lcl__NC_007362.1_cds_YP_308669.1_6,HA,hemagglutinin,425,negative,0.046,0.851,-,0,"N:N:15,D:N:2,N:S:1",1,0.667,N,"N:4531,-:46,D:2,S:15"
GCF_000864105.1_noTerminalStopCodon.part_lcl__NC_007362.1_cds_YP_308669.1_6,HA,hemagglutinin,426,negative,0,1.282,-,0,L:L:43,1,0.667,L,"L:4547,-:46,?:1"
GCF_000864105.1_noTerminalStopCodon.part_lcl__NC_007362.1_cds_YP_308669.1_6,HA,hemagglutinin,427,negative,0,0.847,-,0,"N:N:17,I:N:1,N:S:1",1,0.667,N,"N:4545,-:46,I:1,?:1,S:1"
GCF_000864105.1_noTerminalStopCodon.part_lcl__NC_007362.1_cds_YP_308669.1_6,HA,hemagglutinin,428,negative,0.093,0.806,-,0,"E:K:1,K:K:21,K:Q:1,K:R:4,R:R:1,K:N:2",1,0.667,K,"K:4537,E:1,-:46,Q:1,R:7,N:2"
GCF_000864105.1_noTerminalStopCodon.part_lcl__NC_007362.1_cds_YP_308669.1_6,HA,hemagglutinin,429,negative,0,1.1,-,0,"K:K:24,K:R:2,K:M:1",1,0.667,K,"K:4545,-:46,R:2,M:1"
GCF_000864105.1_noTerminalStopCodon.part_lcl__NC_007362.1_cds_YP_308669.1_6,HA,hemagglutinin,430,neutral,0,0.091,-,1,I:M:1,1,0.667,M,"M:4547,-:46,I:1"
GCF_000864105.1_noTerminalStopCodon.part_lcl__NC_007362.1_cds_YP_308669.1_6,HA,hemagglutinin,431,negative,0,0.94,-,0,E:E:17,1,0.667,E,"E:4548,-:46"
GCF_000864105.1_noTerminalStopCodon.part_lcl__NC_007362.1_cds_YP_308669.1_6,HA,hemagglutinin,432,negative,0,1.185,-,0,"D:D:24,D:H:1",1,0.667,D,"D:4547,-:46,H:1"
GCF_000864105.1_noTerminalStopCodon.part_lcl__NC_007362.1_cds_YP_308669.1_6,HA,hemagglutinin,433,negative,0,2.018,-,0,"G:G:48,G:W:1,G:L:1,E:G:1",1,0.667,G,"G:4545,-:46,W:1,L:1,E:1"
GCF_000864105.1_noTerminalStopCodon.part_lcl__NC_007362.1_cds_YP_308669.1_6,HA,hemagglutinin,434,negative,0,0.802,-,0,"F:F:15,C:F:1",1,0.667,F,"F:4546,-:46,?:1,C:1"
GCF_000864105.1_noTerminalStopCodon.part_lcl__NC_007362.1_cds_YP_308669.1_6,HA,hemagglutinin,435,negative,0,0.643,-,0,"L:L:28,I:L:1,L:V:1",1,0.667,L,"L:4546,?:1,-:45,I:1,V:1"
GCF_000864105.1_noTerminalStopCodon.part_lcl__NC_007362.1_cds_YP_308669.1_6,HA,hemagglutinin,436,negative,0,0.761,-,0,"D:D:13,D:N:3,D:R:1",1,0.667,D,"D:4542,-:45,?:3,N:3,R:1"
GCF_000864105.1_noTerminalStopCodon.part_lcl__NC_007362.1_cds_YP_308669.1_6,HA,hemagglutinin,437,negative,0.048,1.287,-,0,"V:V:34,I:V:2",1,0.667,V,"V:4546,-:45,I:3"
GCF_000864105.1_noTerminalStopCodon.part_lcl__NC_007362.1_cds_YP_308669.1_6,HA,hemagglutinin,438,neutral,0,0.156,-,1,NA,1,0.667,W,"W:4539,-:55"
GCF_000864105.1_noTerminalStopCodon.part_lcl__NC_007362.1_cds_YP_308669.1_6,HA,hemagglutinin,439,negative,0,0.555,-,0,T:T:14,1,0.667,T,"T:4539,-:55"
GCF_000864105.1_noTerminalStopCodon.part_lcl__NC_007362.1_cds_YP_308669.1_6,HA,hemagglutinin,440,negative,0,0.828,-,0,"Y:Y:15,N:Y:1,C:Y:1",1,0.667,Y,"Y:4536,-:55,N:1,?:1,C:1"
GCF_000864105.1_noTerminalStopCodon.part_lcl__NC_007362.1_cds_YP_308669.1_6,HA,hemagglutinin,441,negative,0,0.289,-,0.005,"N:N:5,D:N:1",1,0.667,N,"N:4538,-:55,D:1"
GCF_000864105.1_noTerminalStopCodon.part_lcl__NC_007362.1_cds_YP_308669.1_6,HA,hemagglutinin,442,negative,0,0.618,-,0,"A:A:15,A:V:2,A:G:1",1,0.667,A,"A:4535,-:55,V:2,?:1,G:1"
GCF_000864105.1_noTerminalStopCodon.part_lcl__NC_007362.1_cds_YP_308669.1_6,HA,hemagglutinin,443,negative,0,0.394,-,0.001,E:E:7,1,0.667,E,"E:4539,-:55"
GCF_000864105.1_noTerminalStopCodon.part_lcl__NC_007362.1_cds_YP_308669.1_6,HA,hemagglutinin,444,negative,0,1.008,-,0,"L:L:25,I:L:1",1,0.667,L,"L:4538,-:55,I:1"
GCF_000864105.1_noTerminalStopCodon.part_lcl__NC_007362.1_cds_YP_308669.1_6,HA,hemagglutinin,445,negative,0,0.654,-,0,L:L:31,1,0.667,L,"L:4537,-:56,?:1"
GCF_000864105.1_noTerminalStopCodon.part_lcl__NC_007362.1_cds_YP_308669.1_6,HA,hemagglutinin,446,negative,0,1.265,-,0,"V:V:31,G:V:1,I:V:1",1,0.667,V,"V:4535,-:56,G:1,I:1,?:1"
GCF_000864105.1_noTerminalStopCodon.part_lcl__NC_007362.1_cds_YP_308669.1_6,HA,hemagglutinin,447,negative,0,0.969,-,0,"L:L:27,F:L:1,I:L:1",1,0.667,L,"L:4536,-:56,F:1,I:1"
GCF_000864105.1_noTerminalStopCodon.part_lcl__NC_007362.1_cds_YP_308669.1_6,HA,hemagglutinin,448,negative,0,15.429,-,0.012,L:M:2,1,0.667,M,"M:4536,-:56,L:2"
GCF_000864105.1_noTerminalStopCodon.part_lcl__NC_007362.1_cds_YP_308669.1_6,HA,hemagglutinin,449,negative,0,0.902,-,0,"E:E:16,E:K:1",1,0.667,E,"E:4535,-:58,K:1"
GCF_000864105.1_noTerminalStopCodon.part_lcl__NC_007362.1_cds_YP_308669.1_6,HA,hemagglutinin,450,negative,0,1.501,-,0,"N:N:26,K:N:3",1,0.667,N,"N:4532,-:58,K:3,?:1"
GCF_000864105.1_noTerminalStopCodon.part_lcl__NC_007362.1_cds_YP_308669.1_6,HA,hemagglutinin,451,negative,0,0.903,-,0,"E:E:23,D:E:1",1,0.667,E,"E:4534,-:58,?:1,D:1"
GCF_000864105.1_noTerminalStopCodon.part_lcl__NC_007362.1_cds_YP_308669.1_6,HA,hemagglutinin,452,negative,0,0.813,-,0,R:R:19,1,0.667,R,"R:4536,-:58"
GCF_000864105.1_noTerminalStopCodon.part_lcl__NC_007362.1_cds_YP_308669.1_6,HA,hemagglutinin,453,negative,0,0.691,-,0,T:T:17,1,0.667,T,"T:4536,-:58"
GCF_000864105.1_noTerminalStopCodon.part_lcl__NC_007362.1_cds_YP_308669.1_6,HA,hemagglutinin,454,negative,0,0.621,-,0,L:L:27,1,0.667,L,"L:4536,-:58"
GCF_000864105.1_noTerminalStopCodon.part_lcl__NC_007362.1_cds_YP_308669.1_6,HA,hemagglutinin,455,negative,0,1.344,-,0,"D:D:25,D:Y:2,D:S:1,D:N:1",1,0.667,D,"D:4527,-:58,?:5,Y:2,S:1,N:1"
GCF_000864105.1_noTerminalStopCodon.part_lcl__NC_007362.1_cds_YP_308669.1_6,HA,hemagglutinin,456,negative,0.052,1.646,-,0,"F:F:30,F:L:1,F:Y:1",1,0.667,F,"?:1,F:4528,-:58,L:1,Y:6"
GCF_000864105.1_noTerminalStopCodon.part_lcl__NC_007362.1_cds_YP_308669.1_6,HA,hemagglutinin,457,negative,0,0.461,-,0,"H:H:8,H:P:1",1,0.667,H,"H:4535,-:58,P:1"
GCF_000864105.1_noTerminalStopCodon.part_lcl__NC_007362.1_cds_YP_308669.1_6,HA,hemagglutinin,458,negative,0,1.332,-,0,"D:D:24,D:N:1",1,0.667,D,"D:4535,-:58,N:1"
GCF_000864105.1_noTerminalStopCodon.part_lcl__NC_007362.1_cds_YP_308669.1_6,HA,hemagglutinin,459,negative,0,0.896,-,0,"S:S:21,A:S:2",1,0.667,S,"S:4534,-:58,A:2"
GCF_000864105.1_noTerminalStopCodon.part_lcl__NC_007362.1_cds_YP_308669.1_6,HA,hemagglutinin,460,negative,0,0.341,-,0.002,"N:N:6,K:N:1",1,0.667,N,"N:4535,-:58,K:1"
GCF_000864105.1_noTerminalStopCodon.part_lcl__NC_007362.1_cds_YP_308669.1_6,HA,hemagglutinin,461,negative,0,1.014,-,0,V:V:27,1,0.667,V,"V:4535,-:57,?:2"
GCF_000864105.1_noTerminalStopCodon.part_lcl__NC_007362.1_cds_YP_308669.1_6,HA,hemagglutinin,462,negative,0.2,0.745,-,0.007,"K:K:17,K:R:12,R:R:3",1,0.464,K,"K:4240,-:57,R:297"
GCF_000864105.1_noTerminalStopCodon.part_lcl__NC_007362.1_cds_YP_308669.1_6,HA,hemagglutinin,463,negative,0,1.497,-,0,"N:S:1,N:N:28,K:N:1,D:N:1,N:Y:1",1,0.667,N,"N:4533,S:1,-:57,K:1,D:1,Y:1"
GCF_000864105.1_noTerminalStopCodon.part_lcl__NC_007362.1_cds_YP_308669.1_6,HA,hemagglutinin,464,negative,0,0.628,-,0,L:L:16,1,0.667,L,"L:4537,-:57"
GCF_000864105.1_noTerminalStopCodon.part_lcl__NC_007362.1_cds_YP_308669.1_6,HA,hemagglutinin,465,negative,0,3.328,-,0,"Y:Y:60,H:Y:1",1,0.667,Y,"Y:4536,-:57,H:1"
GCF_000864105.1_noTerminalStopCodon.part_lcl__NC_007362.1_cds_YP_308669.1_6,HA,hemagglutinin,466,negative,0.062,1.185,-,0,"D:D:22,D:N:4,D:E:5",1,0.667,D,"D:4525,N:4,-:56,E:7,?:2"
GCF_000864105.1_noTerminalStopCodon.part_lcl__NC_007362.1_cds_YP_308669.1_6,HA,hemagglutinin,467,negative,0,0.842,-,0,"K:K:20,K:R:3",1,0.667,K,"K:4535,-:56,R:3"
GCF_000864105.1_noTerminalStopCodon.part_lcl__NC_007362.1_cds_YP_308669.1_6,HA,hemagglutinin,468,negative,0,0.434,-,0.001,"V:V:12,A:V:3,I:V:2",1,0.667,V,"V:4533,-:56,A:3,I:2"
GCF_000864105.1_noTerminalStopCodon.part_lcl__NC_007362.1_cds_YP_308669.1_6,HA,hemagglutinin,469,negative,0.052,1.023,-,0,"R:R:25,Q:R:1,R:S:1,K:R:2,G:R:1",1,0.667,R,"R:4532,-:56,Q:1,S:1,K:3,G:1"
GCF_000864105.1_noTerminalStopCodon.part_lcl__NC_007362.1_cds_YP_308669.1_6,HA,hemagglutinin,470,negative,0,1.413,-,0,"L:L:50,I:L:1,L:S:1,L:Q:1,L:V:1",1,0.667,L,"L:4532,-:56,I:1,?:2,S:1,Q:1,V:1"
GCF_000864105.1_noTerminalStopCodon.part_lcl__NC_007362.1_cds_YP_308669.1_6,HA,hemagglutinin,471,negative,0,0.854,-,0,"Q:Q:23,L:Q:2",1,0.667,Q,"Q:4536,-:56,L:2"
GCF_000864105.1_noTerminalStopCodon.part_lcl__NC_007362.1_cds_YP_308669.1_6,HA,hemagglutinin,472,negative,0,0.907,-,0,"I:L:3,L:L:24",1,0.667,L,"L:4534,I:3,-:53,?:4"
GCF_000864105.1_noTerminalStopCodon.part_lcl__NC_007362.1_cds_YP_308669.1_6,HA,hemagglutinin,473,negative,0.291,0.866,-,0.006,"R:R:20,K:R:15,G:R:1,K:K:5",1,0.333,R,"R:3890,-:53,K:650,G:1"
GCF_000864105.1_noTerminalStopCodon.part_lcl__NC_007362.1_cds_YP_308669.1_6,HA,hemagglutinin,474,negative,0.043,1.475,-,0,"D:D:25,D:N:4,D:G:2",1,0.667,D,"D:4534,-:53,N:5,G:2"
GCF_000864105.1_noTerminalStopCodon.part_lcl__NC_007362.1_cds_YP_308669.1_6,HA,hemagglutinin,475,negative,0,0.582,-,0,N:N:10,1,0.667,N,"N:4541,-:53"
GCF_000864105.1_noTerminalStopCodon.part_lcl__NC_007362.1_cds_YP_308669.1_6,HA,hemagglutinin,476,negative,0,0.881,-,0,A:A:21,1,0.667,A,"A:4541,-:53"
GCF_000864105.1_noTerminalStopCodon.part_lcl__NC_007362.1_cds_YP_308669.1_6,HA,hemagglutinin,477,negative,0.153,1.268,-,0,"K:R:8,K:K:30,K:Q:2,K:N:2,E:K:1,K:T:1",1,0.667,K,"K:4522,R:10,-:53,Q:4,?:1,N:2,E:1,T:1"
GCF_000864105.1_noTerminalStopCodon.part_lcl__NC_007362.1_cds_YP_308669.1_6,HA,hemagglutinin,478,negative,0,1.531,-,0,"E:E:38,D:E:1",1,0.667,E,"E:4540,-:53,D:1"
GCF_000864105.1_noTerminalStopCodon.part_lcl__NC_007362.1_cds_YP_308669.1_6,HA,hemagglutinin,479,negative,0.083,0.849,-,0.001,"L:M:5,L:L:40,L:V:1,F:L:1",1,0.667,L,"L:4466,M:72,-:53,V:1,F:1,?:1"
GCF_000864105.1_noTerminalStopCodon.part_lcl__NC_007362.1_cds_YP_308669.1_6,HA,hemagglutinin,480,negative,0,1.564,-,0,G:G:38,1,0.667,G,"G:4540,-:53,?:1"
GCF_000864105.1_noTerminalStopCodon.part_lcl__NC_007362.1_cds_YP_308669.1_6,HA,hemagglutinin,481,negative,0,2.757,-,0,N:N:49,1,0.667,N,"N:4541,-:53"
GCF_000864105.1_noTerminalStopCodon.part_lcl__NC_007362.1_cds_YP_308669.1_6,HA,hemagglutinin,482,negative,0,1.294,-,0,G:G:32,1,0.667,G,"G:4541,-:53"
GCF_000864105.1_noTerminalStopCodon.part_lcl__NC_007362.1_cds_YP_308669.1_6,HA,hemagglutinin,483,negative,0,0.786,-,0,"C:C:14,C:R:1",1,0.667,C,"C:4540,-:53,R:1"
GCF_000864105.1_noTerminalStopCodon.part_lcl__NC_007362.1_cds_YP_308669.1_6,HA,hemagglutinin,484,negative,0,1.567,-,0,"F:F:30,F:L:1,F:I:1",1,0.667,F,"F:4537,-:53,?:2,L:1,I:1"
GCF_000864105.1_noTerminalStopCodon.part_lcl__NC_007362.1_cds_YP_308669.1_6,HA,hemagglutinin,485,negative,0,0.535,-,0,"E:E:13,E:Q:1",1,0.667,E,"E:4538,-:55,Q:1"
GCF_000864105.1_noTerminalStopCodon.part_lcl__NC_007362.1_cds_YP_308669.1_6,HA,hemagglutinin,486,negative,0,0.518,-,0,F:F:10,1,0.667,F,"F:4539,-:55"
GCF_000864105.1_noTerminalStopCodon.part_lcl__NC_007362.1_cds_YP_308669.1_6,HA,hemagglutinin,487,negative,0,1.782,-,0,"Y:Y:29,H:Y:2,W:Y:1,S:Y:1",1,0.667,Y,"Y:4535,-:55,H:2,W:1,S:1"
GCF_000864105.1_noTerminalStopCodon.part_lcl__NC_007362.1_cds_YP_308669.1_6,HA,hemagglutinin,488,negative,0,0.584,-,0,H:H:12,1,0.667,H,"H:4538,-:56"
GCF_000864105.1_noTerminalStopCodon.part_lcl__NC_007362.1_cds_YP_308669.1_6,HA,hemagglutinin,489,negative,0.147,0.782,-,0.003,"K:K:13,K:R:11,I:K:1,R:R:1",1,0.667,K,"K:4211,R:326,-:56,I:1"
GCF_000864105.1_noTerminalStopCodon.part_lcl__NC_007362.1_cds_YP_308669.1_6,HA,hemagglutinin,490,negative,0,0.821,-,0,C:C:14,1,0.667,C,"C:4538,-:56"
GCF_000864105.1_noTerminalStopCodon.part_lcl__NC_007362.1_cds_YP_308669.1_6,HA,hemagglutinin,491,negative,0.261,0.882,-,0.008,"D:N:18,D:D:14,N:N:1,H:N:1,D:G:1",1,0.301,D,"D:4128,-:56,N:407,H:1,?:1,G:1"
GCF_000864105.1_noTerminalStopCodon.part_lcl__NC_007362.1_cds_YP_308669.1_6,HA,hemagglutinin,492,neutral,0.797,0.65,overall,0.608,"N:N:9,D:N:21,D:D:1",0.010170302,0.454,N,"N:4271,-:56,D:266,?:1"
GCF_000864105.1_noTerminalStopCodon.part_lcl__NC_007362.1_cds_YP_308669.1_6,HA,hemagglutinin,493,negative,0.142,0.646,-,0.009,"E:E:12,D:E:6,E:K:5,E:G:7,E:V:1,A:E:1",1,0.667,E,"E:4512,D:11,-:56,K:5,G:8,V:1,A:1"
GCF_000864105.1_noTerminalStopCodon.part_lcl__NC_007362.1_cds_YP_308669.1_6,HA,hemagglutinin,494,negative,0,1.284,-,0,C:C:23,1,0.667,C,"C:4537,-:56,?:1"
GCF_000864105.1_noTerminalStopCodon.part_lcl__NC_007362.1_cds_YP_308669.1_6,HA,hemagglutinin,495,neutral,0.128,0,-,0.862,"I:M:11,L:M:1",1,0.366,M,"M:4518,-:56,I:18,L:1,?:1"
GCF_000864105.1_noTerminalStopCodon.part_lcl__NC_007362.1_cds_YP_308669.1_6,HA,hemagglutinin,496,negative,0.047,0.656,-,0,"E:E:12,E:G:2,D:E:2",1,0.667,E,"E:4531,-:56,G:5,D:2"
GCF_000864105.1_noTerminalStopCodon.part_lcl__NC_007362.1_cds_YP_308669.1_6,HA,hemagglutinin,497,negative,0,0.696,-,0,"N:S:2,S:S:13",1,0.667,S,"S:4536,-:56,N:2"
GCF_000864105.1_noTerminalStopCodon.part_lcl__NC_007362.1_cds_YP_308669.1_6,HA,hemagglutinin,498,negative,0.144,1.05,-,0,"V:V:28,I:V:3",1,0.667,V,"V:4498,-:56,I:39,?:1"
GCF_000864105.1_noTerminalStopCodon.part_lcl__NC_007362.1_cds_YP_308669.1_6,HA,hemagglutinin,499,negative,0.538,1.077,-,0.048,"R:R:21,K:R:31,G:R:1",1,0.667,R,"R:4252,K:284,-:56,G:1,?:1"
GCF_000864105.1_noTerminalStopCodon.part_lcl__NC_007362.1_cds_YP_308669.1_6,HA,hemagglutinin,500,negative,0,1.507,-,0,"N:N:27,K:N:1",1,0.667,N,"N:4537,-:56,K:1"
GCF_000864105.1_noTerminalStopCodon.part_lcl__NC_007362.1_cds_YP_308669.1_6,HA,hemagglutinin,501,negative,0,1.535,-,0,"G:G:42,E:G:1,A:G:1",1,0.667,G,"G:4535,-:56,E:1,A:1,?:1"
GCF_000864105.1_noTerminalStopCodon.part_lcl__NC_007362.1_cds_YP_308669.1_6,HA,hemagglutinin,502,negative,0,1.622,-,0,"T:T:50,S:T:1,P:T:1,M:T:1,A:T:1",1,0.667,T,"T:4533,-:56,S:1,?:1,P:1,M:1,A:1"
GCF_000864105.1_noTerminalStopCodon.part_lcl__NC_007362.1_cds_YP_308669.1_6,HA,hemagglutinin,503,negative,0,0.711,-,0,"Y:Y:12,H:Y:1",1,0.667,Y,"Y:4535,-:57,?:1,H:1"
GCF_000864105.1_noTerminalStopCodon.part_lcl__NC_007362.1_cds_YP_308669.1_6,HA,hemagglutinin,504,negative,0.352,0.891,-,0.026,"D:Y:7,D:D:17,D:N:16,N:S:1,D:E:2,D:V:1",1,0.235,D,"D:4300,Y:177,-:56,N:55,S:3,E:2,V:1"
GCF_000864105.1_noTerminalStopCodon.part_lcl__NC_007362.1_cds_YP_308669.1_6,HA,hemagglutinin,505,negative,0,1.189,-,0,Y:Y:23,1,0.667,Y,"Y:4537,-:56,?:1"
GCF_000864105.1_noTerminalStopCodon.part_lcl__NC_007362.1_cds_YP_308669.1_6,HA,hemagglutinin,506,negative,0.046,0.996,-,0,"P:S:9,P:T:1,L:P:1,P:P:28,A:P:1,P:Q:2,H:P:1",1,0.667,P,"P:4507,S:24,-:56,T:1,L:1,A:1,Q:2,H:1,?:1"
GCF_000864105.1_noTerminalStopCodon.part_lcl__NC_007362.1_cds_YP_308669.1_6,HA,hemagglutinin,507,neutral,1.001,1.087,-,0.812,"Q:Q:26,H:Q:11,Q:R:9,L:Q:2,K:Q:5,K:K:1,R:R:2",1,0.667,Q,"Q:4466,H:20,-:56,R:41,L:2,K:9"
GCF_000864105.1_noTerminalStopCodon.part_lcl__NC_007362.1_cds_YP_308669.1_6,HA,hemagglutinin,508,negative,0,0.725,-,0,Y:Y:13,1,0.667,Y,"Y:4538,-:56"
GCF_000864105.1_noTerminalStopCodon.part_lcl__NC_007362.1_cds_YP_308669.1_6,HA,hemagglutinin,509,negative,0.062,0.418,-,0.021,"L:S:2,S:S:10,Q:S:1,A:S:2",1,0.667,S,"S:4532,L:2,-:56,Q:1,A:3"
GCF_000864105.1_noTerminalStopCodon.part_lcl__NC_007362.1_cds_YP_308669.1_6,HA,hemagglutinin,510,neutral,0.285,0.687,-,0.072,"E:V:2,E:G:6,E:K:8,E:E:12,A:E:1,D:E:4",1,0.353,E,"E:4500,V:2,-:56,G:18,K:9,A:1,D:8"
GCF_000864105.1_noTerminalStopCodon.part_lcl__NC_007362.1_cds_YP_308669.1_6,HA,hemagglutinin,511,negative,0,1.007,-,0,"E:E:19,E:K:1",1,0.667,E,"E:4537,-:56,K:1"
GCF_000864105.1_noTerminalStopCodon.part_lcl__NC_007362.1_cds_YP_308669.1_6,HA,hemagglutinin,512,neutral,0.267,0.324,-,0.728,"A:A:7,A:V:8,A:S:8,S:S:1,A:T:1",1,0.667,A,"A:4390,-:56,V:17,S:130,T:1"
GCF_000864105.1_noTerminalStopCodon.part_lcl__NC_007362.1_cds_YP_308669.1_6,HA,hemagglutinin,513,negative,0.201,1.183,-,0,"K:R:14,R:R:24,R:S:1,G:R:1,I:R:1",1,0.667,R,"R:4500,K:33,-:56,S:1,G:1,I:3"
GCF_000864105.1_noTerminalStopCodon.part_lcl__NC_007362.1_cds_YP_308669.1_6,HA,hemagglutinin,514,negative,0,1.486,-,0,"L:L:46,F:L:1,L:V:2",1,0.667,L,"L:4535,-:56,F:1,V:2"
GCF_000864105.1_noTerminalStopCodon.part_lcl__NC_007362.1_cds_YP_308669.1_6,HA,hemagglutinin,515,negative,0.298,0.869,-,0.021,"K:R:6,K:K:13,K:N:6,D:N:1,N:N:2,K:T:1,I:K:1,K:Q:2",1,0.62,K,"K:4406,R:7,-:57,N:118,?:1,D:1,T:1,I:1,Q:2"
GCF_000864105.1_noTerminalStopCodon.part_lcl__NC_007362.1_cds_YP_308669.1_6,HA,hemagglutinin,516,negative,0,0.682,-,0,"R:R:14,K:R:3",1,0.667,R,"R:4533,-:58,K:3"
GCF_000864105.1_noTerminalStopCodon.part_lcl__NC_007362.1_cds_YP_308669.1_6,HA,hemagglutinin,517,negative,0.047,0.973,-,0,"E:E:21,E:G:1,E:K:2,E:Q:2,D:E:2",1,0.667,E,"E:4527,-:58,G:1,K:4,Q:2,D:2"
GCF_000864105.1_noTerminalStopCodon.part_lcl__NC_007362.1_cds_YP_308669.1_6,HA,hemagglutinin,518,neutral,0.094,0.354,-,0.077,"D:E:2,E:E:6,E:K:4,E:G:1,E:V:1",1,0.643,E,"E:4522,-:58,D:6,K:4,G:3,V:1"
GCF_000864105.1_noTerminalStopCodon.part_lcl__NC_007362.1_cds_YP_308669.1_6,HA,hemagglutinin,519,neutral,0.121,0.278,-,0.41,"I:V:4,I:M:1,I:I:2",1,0.499,I,"I:4527,-:58,V:8,M:1"
GCF_000864105.1_noTerminalStopCodon.part_lcl__NC_007362.1_cds_YP_308669.1_6,HA,hemagglutinin,520,negative,0.452,1.26,-,0.004,"S:S:19,N:S:17,G:S:6,R:S:2,I:S:4,D:G:1,D:D:2,D:E:1,E:G:1,S:T:1",1,0.667,S,"S:4385,N:77,G:6,R:2,-:58,I:24,D:36,E:3,T:3"
GCF_000864105.1_noTerminalStopCodon.part_lcl__NC_007362.1_cds_YP_308669.1_6,HA,hemagglutinin,521,negative,0,1.432,-,0,"G:G:33,E:G:4,G:S:1",1,0.667,G,"G:4530,-:59,E:4,S:1"
GCF_000864105.1_noTerminalStopCodon.part_lcl__NC_007362.1_cds_YP_308669.1_6,HA,hemagglutinin,522,negative,0.048,0.847,-,0,"M:V:2,V:V:23,I:V:3,A:V:1,L:V:1",1,0.667,V,"V:4526,M:3,-:59,?:1,I:3,A:1,L:1"
GCF_000864105.1_noTerminalStopCodon.part_lcl__NC_007362.1_cds_YP_308669.1_6,HA,hemagglutinin,523,negative,0,0.603,-,0,"K:K:11,E:K:3,K:T:1,I:K:1,K:R:2",1,0.667,K,"K:4528,-:59,E:3,T:1,I:1,R:2"
GCF_000864105.1_noTerminalStopCodon.part_lcl__NC_007362.1_cds_YP_308669.1_6,HA,hemagglutinin,524,negative,0.086,0.622,-,0.008,"L:L:23,L:M:1,L:W:1",1,0.667,L,"L:4530,-:59,?:2,M:2,W:1"
GCF_000864105.1_noTerminalStopCodon.part_lcl__NC_007362.1_cds_YP_308669.1_6,HA,hemagglutinin,525,negative,0.047,1.331,-,0,"E:E:24,E:Q:1,D:E:2",1,0.667,E,"E:4522,-:59,Q:11,D:2"
GCF_000864105.1_noTerminalStopCodon.part_lcl__NC_007362.1_cds_YP_308669.1_6,HA,hemagglutinin,526,negative,0.249,0.696,-,0.045,"S:T:6,S:S:16,L:S:2,P:S:5,A:S:1,N:S:1",1,0.24,S,"S:4508,T:16,-:59,L:3,P:5,A:1,N:1,?:1"
GCF_000864105.1_noTerminalStopCodon.part_lcl__NC_007362.1_cds_YP_308669.1_6,HA,hemagglutinin,527,neutral,0.814,0.809,-,0.988,"I:V:22,V:V:5,A:V:1,L:V:2,I:M:10,H:I:1,I:T:5,L:M:1,F:L:1,M:T:1,I:I:2",1,0.249,V,"V:2515,I:1880,-:59,A:1,L:4,M:123,H:1,T:9,F:1,?:1"
GCF_000864105.1_noTerminalStopCodon.part_lcl__NC_007362.1_cds_YP_308669.1_6,HA,hemagglutinin,528,negative,0,1.112,-,0,"G:G:25,G:R:3,E:G:3,A:G:1,D:G:1,G:V:1",1,0.667,G,"G:4526,-:59,R:3,E:3,A:1,D:1,V:1"
GCF_000864105.1_noTerminalStopCodon.part_lcl__NC_007362.1_cds_YP_308669.1_6,HA,hemagglutinin,529,neutral,1.099,0.86,-,0.43,"I:T:42,T:T:10,A:T:4,I:V:11,S:V:1,I:I:9,T:V:1,I:L:2",1,0.067,T,"T:3694,I:725,-:60,A:5,V:105,S:1,L:2,?:2"
GCF_000864105.1_noTerminalStopCodon.part_lcl__NC_007362.1_cds_YP_308669.1_6,HA,hemagglutinin,530,negative,0,1.265,-,0,"Y:Y:24,H:Y:2,L:Y:1,C:Y:1",1,0.667,Y,"Y:4529,?:1,-:60,H:2,L:1,C:1"
GCF_000864105.1_noTerminalStopCodon.part_lcl__NC_007362.1_cds_YP_308669.1_6,HA,hemagglutinin,531,negative,0,0.932,-,0,"L:Q:1,Q:Q:20,H:Q:1,P:Q:2",1,0.667,Q,"Q:4528,L:1,?:1,-:61,H:1,P:2"
GCF_000864105.1_noTerminalStopCodon.part_lcl__NC_007362.1_cds_YP_308669.1_6,HA,hemagglutinin,532,negative,0,0.578,-,0,"I:M:1,I:I:4,I:L:1,I:V:1",1,0.667,I,"I:4523,-:67,M:1,?:1,L:1,V:1"
GCF_000864105.1_noTerminalStopCodon.part_lcl__NC_007362.1_cds_YP_308669.1_6,HA,hemagglutinin,533,negative,0,0.82,-,0,"L:L:41,L:M:2",1,0.667,L,"L:4524,M:2,-:68"
GCF_000864105.1_noTerminalStopCodon.part_lcl__NC_007362.1_cds_YP_308669.1_6,HA,hemagglutinin,534,negative,0,0.451,-,0.001,"S:S:10,S:T:2,A:S:1,P:S:1",1,0.667,S,"S:4521,?:1,-:68,T:2,A:1,P:1"
GCF_000864105.1_noTerminalStopCodon.part_lcl__NC_007362.1_cds_YP_308669.1_6,HA,hemagglutinin,535,negative,0,0.356,-,0.001,"I:I:8,I:V:1,I:T:3,F:I:1",1,0.667,I,"I:4521,V:1,-:68,T:3,F:1"
GCF_000864105.1_noTerminalStopCodon.part_lcl__NC_007362.1_cds_YP_308669.1_6,HA,hemagglutinin,536,negative,0,0.863,-,0,"Y:Y:14,N:Y:2",1,0.667,Y,"Y:4523,-:69,N:2"
GCF_000864105.1_noTerminalStopCodon.part_lcl__NC_007362.1_cds_YP_308669.1_6,HA,hemagglutinin,537,negative,0.061,0.603,-,0.002,"S:S:13,L:S:1,A:S:2",1,0.667,S,"S:4521,-:66,?:2,L:1,A:4"
GCF_000864105.1_noTerminalStopCodon.part_lcl__NC_007362.1_cds_YP_308669.1_6,HA,hemagglutinin,538,negative,0.046,0.812,-,0,"T:T:20,A:T:1",1,0.667,T,"T:4524,-:68,A:2"
GCF_000864105.1_noTerminalStopCodon.part_lcl__NC_007362.1_cds_YP_308669.1_6,HA,hemagglutinin,539,neutral,0.568,0.934,"overall,volume",0.139,"A:A:18,A:V:23,V:V:12,I:V:1",0.033944145,0.667,A,"A:2977,V:1548,-:68,I:1"
GCF_000864105.1_noTerminalStopCodon.part_lcl__NC_007362.1_cds_YP_308669.1_6,HA,hemagglutinin,540,negative,0.176,0.732,-,0.003,"A:T:4,A:A:19,A:S:1,A:C:1,A:V:3,T:T:1",0.08349441,0,A,"A:4493,-:77,T:9,S:1,C:10,V:3,?:1"
GCF_000864105.1_noTerminalStopCodon.part_lcl__NC_007362.1_cds_YP_308669.1_6,HA,hemagglutinin,541,negative,0.086,0.763,-,0,"S:S:13,E:S:1,S:T:1",1,0.004,S,"S:4506,-:77,E:10,T:1"
GCF_000864105.1_noTerminalStopCodon.part_lcl__NC_007362.1_cds_YP_308669.1_6,HA,hemagglutinin,542,negative,0.052,0.51,-,0.002,"S:S:13,S:T:1,F:S:1,F:L:1,S:Y:1",1,0.667,S,"S:4500,?:1,-:81,T:1,F:9,L:1,Y:1"
GCF_000864105.1_noTerminalStopCodon.part_lcl__NC_007362.1_cds_YP_308669.1_6,HA,hemagglutinin,543,neutral,0.089,0.269,-,0.217,"L:L:11,L:P:1,A:P:1",1,0.667,L,"L:4499,-:85,A:1,P:9"
GCF_000864105.1_noTerminalStopCodon.part_lcl__NC_007362.1_cds_YP_308669.1_6,HA,hemagglutinin,544,neutral,0.45,0.472,-,0.913,"A:V:12,A:T:8,A:S:2,A:A:5,A:E:1,V:V:5,M:V:1,G:V:1",1,0,A,"A:3831,-:86,V:650,T:12,S:11,E:1,M:1,G:1,?:1"
GCF_000864105.1_noTerminalStopCodon.part_lcl__NC_007362.1_cds_YP_308669.1_6,HA,hemagglutinin,545,neutral,0.196,0.161,-,0.81,"L:L:8,G:L:1,L:T:1,S:T:1,L:R:1,L:P:1",1,0,L,"L:4493,?:1,-:87,G:1,T:9,S:1,R:1,P:1"
GCF_000864105.1_noTerminalStopCodon.part_lcl__NC_007362.1_cds_YP_308669.1_6,HA,hemagglutinin,546,neutral,0.043,0.119,-,0.345,"A:A:2,A:V:1,A:T:1,A:G:1,A:E:2",1,0.003,A,"A:4487,-:92,V:1,T:1,G:10,?:1,E:2"
GCF_000864105.1_noTerminalStopCodon.part_lcl__NC_007362.1_cds_YP_308669.1_6,HA,hemagglutinin,547,neutral,0.105,0.101,-,0.972,"I:S:3,G:I:1,I:T:1,I:N:1,I:L:1,I:V:1",1,0.646,I,"I:4474,-:101,S:5,G:1,T:1,N:10,L:1,V:1"
GCF_000864105.1_noTerminalStopCodon.part_lcl__NC_007362.1_cds_YP_308669.1_6,HA,hemagglutinin,548,negative,0.176,20.447,-,0.005,"I:M:18,L:M:2,H:M:1,K:M:1,I:I:1",1,0.238,M,"M:4446,I:29,-:106,L:2,H:10,K:1"
GCF_000864105.1_noTerminalStopCodon.part_lcl__NC_007362.1_cds_YP_308669.1_6,HA,hemagglutinin,549,neutral,0.866,0.602,-,0.432,"L:M:3,M:V:25,I:M:15,I:V:7,I:I:2,V:V:3,L:V:2,G:V:2,M:T:2",1,0.356,M,"M:3590,L:8,V:731,I:144,-:107,G:11,?:1,T:2"
GCF_000864105.1_noTerminalStopCodon.part_lcl__NC_007362.1_cds_YP_308669.1_6,HA,hemagglutinin,550,neutral,0.132,0.157,-,0.823,"A:T:2,A:L:1,A:S:4,A:A:1,A:D:1",1,0,A,"A:4468,T:2,-:107,L:1,S:15,D:1"
GCF_000864105.1_noTerminalStopCodon.part_lcl__NC_007362.1_cds_YP_308669.1_6,HA,hemagglutinin,551,neutral,0.038,0.165,-,0.137,"G:G:3,A:G:1,G:V:1",1,0.667,G,"G:4475,-:108,A:1,V:10"
GCF_000864105.1_noTerminalStopCodon.part_lcl__NC_007362.1_cds_YP_308669.1_6,HA,hemagglutinin,552,negative,0.103,0.539,-,0.033,"L:L:21,L:M:2,I:L:3,H:L:1",1,0.031,L,"L:4477,-:110,M:3,I:3,H:1"
GCF_000864105.1_noTerminalStopCodon.part_lcl__NC_007362.1_cds_YP_308669.1_6,HA,hemagglutinin,553,negative,0.197,0.67,-,0.022,"S:S:16,F:S:12,F:G:1,F:L:1",1,0.667,S,"S:4347,-:112,F:133,G:1,L:1"
GCF_000864105.1_noTerminalStopCodon.part_lcl__NC_007362.1_cds_YP_308669.1_6,HA,hemagglutinin,554,negative,0.241,1.146,-,0.002,"L:L:29,F:L:8,F:F:3,I:L:1",1,0.667,L,"L:4408,-:121,F:63,I:1,?:1"
GCF_000864105.1_noTerminalStopCodon.part_lcl__NC_007362.1_cds_YP_308669.1_6,HA,hemagglutinin,555,neutral,0,0,-,1,NA,1,1,W,"W:4473,-:121"
GCF_000864105.1_noTerminalStopCodon.part_lcl__NC_007362.1_cds_YP_308669.1_6,HA,hemagglutinin,556,neutral,0,0,-,1,NA,1,1,M,"M:4466,-:128"
GCF_000864105.1_noTerminalStopCodon.part_lcl__NC_007362.1_cds_YP_308669.1_6,HA,hemagglutinin,557,negative,0,1.638,-,0,"C:C:30,C:W:1",1,0.667,C,"C:4465,-:128,W:1"
GCF_000864105.1_noTerminalStopCodon.part_lcl__NC_007362.1_cds_YP_308669.1_6,HA,hemagglutinin,558,negative,0,0.548,-,0,"S:S:14,S:Y:2,C:S:1,F:S:1",1,0.667,S,"S:4456,?:1,-:133,Y:2,C:1,F:1"
GCF_000864105.1_noTerminalStopCodon.part_lcl__NC_007362.1_cds_YP_308669.1_6,HA,hemagglutinin,559,negative,0.047,1.328,-,0,"N:N:22,I:N:1,K:N:2,N:R:1,N:S:1,H:N:1",1,0.667,N,"N:4449,-:138,I:2,K:2,R:1,S:1,H:1"
GCF_000864105.1_noTerminalStopCodon.part_lcl__NC_007362.1_cds_YP_308669.1_6,HA,hemagglutinin,560,negative,0,1.293,-,0,"G:G:36,G:R:1",1,0.667,G,"G:4445,-:146,?:2,R:1"
GCF_000864105.1_noTerminalStopCodon.part_lcl__NC_007362.1_cds_YP_308669.1_6,HA,hemagglutinin,561,negative,0.061,0.782,-,0,"S:S:23,S:W:4,L:S:1",1,0.667,S,"S:4431,-:148,?:7,W:7,L:1"
GCF_000864105.1_noTerminalStopCodon.part_lcl__NC_007362.1_cds_YP_308669.1_6,HA,hemagglutinin,562,negative,0,1.359,-,0,"L:L:40,L:R:1",1,0.667,L,"L:4428,-:165,R:1"
GCF_000864105.1_noTerminalStopCodon.part_lcl__NC_007362.1_cds_YP_308669.1_6,HA,hemagglutinin,563,negative,0,1.498,-,0,"Q:Q:31,H:Q:1",1,0.667,Q,"Q:4424,-:167,H:1,?:2"
GCF_000864105.1_noTerminalStopCodon.part_lcl__NC_007362.1_cds_YP_308669.1_6,HA,hemagglutinin,564,neutral,0,0.106,-,0.077,"C:F:1,C:S:1,C:C:2,C:Y:2",1,0.667,C,"C:4418,-:172,F:1,S:1,Y:2"
GCF_000864105.1_noTerminalStopCodon.part_lcl__NC_007362.1_cds_YP_308669.1_6,HA,hemagglutinin,565,negative,0.041,0.472,-,0.002,"R:R:8,K:R:5,?:R:1",1,0.667,R,"R:4412,-:175,K:6,?:1"
GCF_000864105.1_noTerminalStopCodon.part_lcl__NC_007362.1_cds_YP_308669.1_6,HA,hemagglutinin,566,negative,0.05,0.598,-,0.001,"I:I:11,I:V:5,F:I:1,I:L:2,I:M:1",1,0.667,I,"I:4381,-:202,?:1,V:6,F:1,L:2,M:1"
GCF_000864105.1_noTerminalStopCodon.part_lcl__NC_007362.1_cds_YP_308669.1_6,HA,hemagglutinin,567,negative,0,0.602,-,0,"C:C:11,C:W:1,C:S:1,C:L:1,C:G:1",1,0.667,C,"C:4341,-:249,W:1,S:1,L:1,G:1"
GCF_000864105.1_noTerminalStopCodon.part_lcl__NC_007362.1_cds_YP_308669.1_6,HA,hemagglutinin,568,negative,0,1.144,-,0,"I:I:22,I:V:1",1,0.667,I,"I:4320,?:2,-:271,V:1"
GCF_000864105.1_noTerminalStopCodon.part_lcl__NC_007363.1_cds_YP_308670.1_9,M2,matrix protein 2,1,neutral,0,0,-,1,"E:G:3,E:K:6,K:R:2,R:R:1",1,1,E,"E:903,G:4,K:63,?:3,R:7"
GCF_000864105.1_noTerminalStopCodon.part_lcl__NC_007363.1_cds_YP_308670.1_9,M2,matrix protein 2,2,neutral,1.064,0,-,0.2,"M:T:1,I:M:1,I:T:12,I:L:1,K:T:1",1,0.233,M,"M:535,T:18,I:425,L:1,K:1"
GCF_000864105.1_noTerminalStopCodon.part_lcl__NC_007363.1_cds_YP_308670.1_9,M2,matrix protein 2,3,positive,1.263,0,-,0.004,"I:T:14,F:I:1",1,0.008,I,"?:7,I:945,T:27,F:1"
GCF_000864105.1_noTerminalStopCodon.part_lcl__NC_007363.1_cds_YP_308670.1_9,M2,matrix protein 2,4,positive,1.543,0.183,-,0.029,"F:S:4,S:S:1,L:S:2,F:L:1",1,0.05,F,"S:470,F:495,?:9,L:6"
GCF_000864105.1_noTerminalStopCodon.part_lcl__NC_007363.1_cds_YP_308670.1_9,M2,matrix protein 2,5,neutral,0.651,0,-,0.066,L:S:1,1,0.092,L,"L:977,S:3"
GCF_000864105.1_noTerminalStopCodon.part_lcl__NC_007363.1_cds_YP_308670.1_9,M2,matrix protein 2,6,neutral,0,0.173,-,0.289,K:K:1,1,0.667,K,K:980
GCF_000864105.1_noTerminalStopCodon.part_lcl__NC_007363.1_cds_YP_308670.1_9,M2,matrix protein 2,7,neutral,0.782,1.342,-,0.482,"I:I:5,I:T:8,I:N:1,I:M:1",1,0.667,I,"I:965,T:13,N:1,M:1"
GCF_000864105.1_noTerminalStopCodon.part_lcl__NC_007363.1_cds_YP_308670.1_9,M2,matrix protein 2,8,positive,0.822,0,-,0.025,"C:Y:7,C:G:1",1,0.042,C,"C:964,Y:15,G:1"
GCF_000864105.1_noTerminalStopCodon.part_lcl__NC_007363.1_cds_YP_308670.1_9,M2,matrix protein 2,9,negative,0,0.798,-,0.021,"R:R:4,K:R:1",1,0.667,R,"R:979,K:1"
GCF_000864105.1_noTerminalStopCodon.part_lcl__NC_007363.1_cds_YP_308670.1_9,M2,matrix protein 2,10,positive,1.737,0.223,-,0.021,"L:P:8,H:P:3,P:S:1,P:P:1",1,0.038,P,"P:846,L:26,H:107,S:1"
GCF_000864105.1_noTerminalStopCodon.part_lcl__NC_007363.1_cds_YP_308670.1_9,M2,matrix protein 2,11,positive,1.225,0,-,0.003,"I:T:11,S:T:1",1,0.006,T,"T:955,I:24,S:1"
GCF_000864105.1_noTerminalStopCodon.part_lcl__NC_007363.1_cds_YP_308670.1_9,M2,matrix protein 2,12,positive,0.881,0,-,0.009,K:R:11,1,0.016,R,"K:468,R:512"
GCF_000864105.1_noTerminalStopCodon.part_lcl__NC_007363.1_cds_YP_308670.1_9,M2,matrix protein 2,13,positive,2.835,0.206,-,0,"D:N:3,N:T:12,N:S:7,K:N:6,N:N:1,H:N:1,I:N:1",1,0.001,N,"N:890,D:3,T:26,S:12,K:46,H:2,I:1"
GCF_000864105.1_noTerminalStopCodon.part_lcl__NC_007363.1_cds_YP_308670.1_9,M2,matrix protein 2,14,positive,1.925,0.153,-,0.002,"G:G:1,E:G:14",1,0.005,G,"G:534,E:446"
GCF_000864105.1_noTerminalStopCodon.part_lcl__NC_007363.1_cds_YP_308670.1_9,M2,matrix protein 2,15,neutral,0,0.025,-,1,L:W:1,1,0.667,W,"W:979,L:1"
GCF_000864105.1_noTerminalStopCodon.part_lcl__NC_007363.1_cds_YP_308670.1_9,M2,matrix protein 2,16,neutral,1.318,0.492,-,0.216,"D:E:2,E:G:8,E:E:1,E:V:1,G:V:1,D:V:1,V:V:1",1,0.263,E,"E:963,D:2,G:11,V:4"
GCF_000864105.1_noTerminalStopCodon.part_lcl__NC_007363.1_cds_YP_308670.1_9,M2,matrix protein 2,17,positive,1.097,0,-,0.01,"C:Y:7,C:G:1",1,0.019,C,"C:963,Y:15,G:1,?:1"
GCF_000864105.1_noTerminalStopCodon.part_lcl__NC_007363.1_cds_YP_308670.1_9,M2,matrix protein 2,18,positive,1.573,0.351,-,0.039,"N:S:2,N:N:1,K:N:2,K:R:12,K:K:1",1,0.067,N,"N:479,S:2,K:65,R:434"
GCF_000864105.1_noTerminalStopCodon.part_lcl__NC_007363.1_cds_YP_308670.1_9,M2,matrix protein 2,19,positive,0.819,0,-,0.025,"C:Y:5,S:Y:1",1,0.042,C,"C:947,S:1,Y:32"
GCF_000864105.1_noTerminalStopCodon.part_lcl__NC_007363.1_cds_YP_308670.1_9,M2,matrix protein 2,20,positive,1.426,0,-,0.002,"R:S:3,N:S:7,I:S:3,G:S:1",1,0.005,S,"S:947,R:5,N:20,I:7,G:1"
GCF_000864105.1_noTerminalStopCodon.part_lcl__NC_007363.1_cds_YP_308670.1_9,M2,matrix protein 2,21,positive,1.461,0,-,0.007,D:G:18,1,0.013,D,"D:932,G:48"
GCF_000864105.1_noTerminalStopCodon.part_lcl__NC_007363.1_cds_YP_308670.1_9,M2,matrix protein 2,22,neutral,0,0,-,1,L:S:1,1,0.667,S,"S:979,L:1"
GCF_000864105.1_noTerminalStopCodon.part_lcl__NC_007363.1_cds_YP_308670.1_9,M2,matrix protein 2,23,neutral,0.404,0,-,0.145,"G:S:4,N:S:6",1,0.18,S,"S:966,G:4,N:10"
GCF_000864105.1_noTerminalStopCodon.part_lcl__NC_007363.1_cds_YP_308670.1_9,M2,matrix protein 2,24,negative,0.485,2.352,-,0.025,"D:N:3,D:D:7,N:S:1,D:E:1",1,0.667,D,"D:974,N:3,S:2,E:1"
GCF_000864105.1_noTerminalStopCodon.part_lcl__NC_007363.1_cds_YP_308670.1_9,M2,matrix protein 2,25,neutral,0,0.655,-,0.061,"P:S:4,P:P:3,L:P:3",1,0.667,P,"P:973,S:4,L:3"
GCF_000864105.1_noTerminalStopCodon.part_lcl__NC_007363.1_cds_YP_308670.1_9,M2,matrix protein 2,26,negative,0.756,3.076,-,0.027,"L:L:16,L:V:1,I:L:1,F:L:1",1,0.642,L,"L:916,V:2,I:61,F:1"
GCF_000864105.1_noTerminalStopCodon.part_lcl__NC_007363.1_cds_YP_308670.1_9,M2,matrix protein 2,27,neutral,3.785,1.566,-,0.066,"A:V:12,I:V:10,T:V:1,V:V:5,G:V:3,I:T:1",1,0.056,V,"V:888,A:27,?:1,I:54,T:3,G:7"
GCF_000864105.1_noTerminalStopCodon.part_lcl__NC_007363.1_cds_YP_308670.1_9,M2,matrix protein 2,28,positive,3.636,0.964,-,0.016,"I:T:5,I:V:9,N:T:1,F:I:2,I:I:1,I:S:1,V:V:3,A:V:3,F:V:4,L:V:1,I:L:1,F:L:1",1,0.033,I,"I:520,T:8,?:1,V:433,N:1,F:11,S:1,A:3,L:2"
GCF_000864105.1_noTerminalStopCodon.part_lcl__NC_007363.1_cds_YP_308670.1_9,M2,matrix protein 2,29,negative,0.507,3.905,-,0,"A:T:6,A:A:23,A:S:2,A:V:4",1,0.667,A,"A:963,T:8,S:2,V:6,?:1"
GCF_000864105.1_noTerminalStopCodon.part_lcl__NC_007363.1_cds_YP_308670.1_9,M2,matrix protein 2,30,neutral,0.512,1.412,-,0.149,"A:A:10,A:S:8,A:E:1,A:T:2",1,0.64,A,"A:967,S:10,E:1,T:2"
GCF_000864105.1_noTerminalStopCodon.part_lcl__NC_007363.1_cds_YP_308670.1_9,M2,matrix protein 2,31,negative,1.694,4.114,-,0.042,"S:S:13,N:S:18,G:S:3,N:N:1",1,0.667,S,"S:881,N:95,G:4"
GCF_000864105.1_noTerminalStopCodon.part_lcl__NC_007363.1_cds_YP_308670.1_9,M2,matrix protein 2,32,neutral,0.316,0.878,-,0.303,"I:I:5,I:V:7,I:S:1,I:T:2",1,0.667,I,"I:968,V:9,S:1,T:2"
GCF_000864105.1_noTerminalStopCodon.part_lcl__NC_007363.1_cds_YP_308670.1_9,M2,matrix protein 2,33,neutral,0.898,1.348,-,0.571,"I:I:4,I:V:5,V:V:1,I:L:1",1,0.667,I,"I:970,V:8,L:2"
GCF_000864105.1_noTerminalStopCodon.part_lcl__NC_007363.1_cds_YP_308670.1_9,M2,matrix protein 2,34,negative,0,1.506,-,0.002,G:G:8,1,0.667,G,G:980
GCF_000864105.1_noTerminalStopCodon.part_lcl__NC_007363.1_cds_YP_308670.1_9,M2,matrix protein 2,35,negative,0,1.264,-,0.011,"I:V:3,I:I:7",1,0.667,I,"I:977,V:3"
GCF_000864105.1_noTerminalStopCodon.part_lcl__NC_007363.1_cds_YP_308670.1_9,M2,matrix protein 2,36,neutral,0,0.442,-,0.269,L:L:3,1,0.667,L,L:980
GCF_000864105.1_noTerminalStopCodon.part_lcl__NC_007363.1_cds_YP_308670.1_9,M2,matrix protein 2,37,neutral,0,0,-,1,H:L:1,1,0.667,H,"H:979,L:1"
GCF_000864105.1_noTerminalStopCodon.part_lcl__NC_007363.1_cds_YP_308670.1_9,M2,matrix protein 2,38,neutral,0.651,0.891,-,0.764,"L:L:6,F:L:1,K:L:1",1,0.667,L,"L:975,F:4,K:1"
GCF_000864105.1_noTerminalStopCodon.part_lcl__NC_007363.1_cds_YP_308670.1_9,M2,matrix protein 2,39,neutral,0.209,0,-,0.451,"I:T:2,I:M:1,I:K:1,I:V:1",1,0.419,I,"I:973,T:2,M:3,K:1,V:1"
GCF_000864105.1_noTerminalStopCodon.part_lcl__NC_007363.1_cds_YP_308670.1_9,M2,matrix protein 2,40,negative,0,1.483,-,0.044,L:L:10,1,0.667,L,L:980
GCF_000864105.1_noTerminalStopCodon.part_lcl__NC_007363.1_cds_YP_308670.1_9,M2,matrix protein 2,41,neutral,0,0.025,-,1,L:W:1,1,0.667,W,"W:979,L:1"
GCF_000864105.1_noTerminalStopCodon.part_lcl__NC_007363.1_cds_YP_308670.1_9,M2,matrix protein 2,42,neutral,0.298,1.634,-,0.061,"I:I:6,I:L:1,I:V:2,I:T:3",1,0.667,I,"I:973,L:2,V:2,T:3"
GCF_000864105.1_noTerminalStopCodon.part_lcl__NC_007363.1_cds_YP_308670.1_9,M2,matrix protein 2,43,neutral,0.379,0.218,-,0.699,"I:L:1,F:L:4,L:L:1",1,0.565,L,"L:958,I:1,F:21"
GCF_000864105.1_noTerminalStopCodon.part_lcl__NC_007363.1_cds_YP_308670.1_9,M2,matrix protein 2,44,neutral,0,0.289,-,0.209,"D:D:1,D:N:2",1,0.667,D,"D:978,N:2"
GCF_000864105.1_noTerminalStopCodon.part_lcl__NC_007363.1_cds_YP_308670.1_9,M2,matrix protein 2,45,negative,0,1.758,-,0.001,"H:R:5,R:R:9",1,0.667,R,"R:975,H:5"
GCF_000864105.1_noTerminalStopCodon.part_lcl__NC_007363.1_cds_YP_308670.1_9,M2,matrix protein 2,46,neutral,0,0.217,-,0.341,"I:L:2,L:L:1",1,0.667,L,"L:978,I:2"
GCF_000864105.1_noTerminalStopCodon.part_lcl__NC_007363.1_cds_YP_308670.1_9,M2,matrix protein 2,47,neutral,0.405,1.921,-,0.072,"F:V:1,F:F:9,F:L:2",1,0.667,F,"F:970,V:1,L:9"
GCF_000864105.1_noTerminalStopCodon.part_lcl__NC_007363.1_cds_YP_308670.1_9,M2,matrix protein 2,48,neutral,0.404,0.63,-,0.69,"F:S:5,F:L:4,F:F:3",1,0.652,F,"F:970,S:6,L:4"
GCF_000864105.1_noTerminalStopCodon.part_lcl__NC_007363.1_cds_YP_308670.1_9,M2,matrix protein 2,49,neutral,0,0.349,-,0.133,"K:K:2,E:K:1",1,0.667,K,"K:979,E:1"
GCF_000864105.1_noTerminalStopCodon.part_lcl__NC_007363.1_cds_YP_308670.1_9,M2,matrix protein 2,50,neutral,0.824,2.15,-,0.119,"C:Y:6,C:C:10,C:F:3",1,0.667,C,"C:960,Y:6,F:13,?:1"
GCF_000864105.1_noTerminalStopCodon.part_lcl__NC_007363.1_cds_YP_308670.1_9,M2,matrix protein 2,51,neutral,1.894,1.729,-,0.866,"I:V:13,F:V:1,V:V:7,A:V:2,?:I:1,I:L:3,?:V:1",1,0.651,I,"I:472,F:1,V:447,?:6,A:2,L:52"
GCF_000864105.1_noTerminalStopCodon.part_lcl__NC_007363.1_cds_YP_308670.1_9,M2,matrix protein 2,52,neutral,1.016,1.759,-,0.427,"S:Y:1,C:Y:3,Y:Y:6,H:Y:3,H:Q:1",1,0.667,Y,"Y:966,S:1,C:4,Q:1,H:6,?:2"
GCF_000864105.1_noTerminalStopCodon.part_lcl__NC_007363.1_cds_YP_308670.1_9,M2,matrix protein 2,53,neutral,0.242,0.217,-,0.942,"?:R:2,R:R:1,C:R:2",1,0.664,R,"R:974,?:2,C:4"
GCF_000864105.1_noTerminalStopCodon.part_lcl__NC_007363.1_cds_YP_308670.1_9,M2,matrix protein 2,54,negative,0,2.201,-,0,"H:R:3,R:R:13,?:R:2,L:R:1,C:R:1",1,0.667,R,"R:972,H:3,?:3,L:1,C:1"
GCF_000864105.1_noTerminalStopCodon.part_lcl__NC_007363.1_cds_YP_308670.1_9,M2,matrix protein 2,55,neutral,1.499,0.662,-,0.293,"I:L:1,F:L:12,?:L:2,L:L:3",1,0.328,L,"L:948,I:1,F:29,?:2"
GCF_000864105.1_noTerminalStopCodon.part_lcl__NC_007363.1_cds_YP_308670.1_9,M2,matrix protein 2,56,neutral,0.695,0.175,-,0.194,"E:K:2,K:R:3,?:K:2,K:K:1",1,0.235,K,"K:967,E:2,R:9,?:2"
GCF_000864105.1_noTerminalStopCodon.part_lcl__NC_007363.1_cds_YP_308670.1_9,M2,matrix protein 2,57,neutral,0.337,0.21,-,0.74,"H:Y:4,Y:Y:1",1,0.584,Y,"Y:973,H:5,?:2"
GCF_000864105.1_noTerminalStopCodon.part_lcl__NC_007363.1_cds_YP_308670.1_9,M2,matrix protein 2,58,negative,0.439,1.812,-,0.048,"G:G:8,D:G:5,G:S:1,G:V:1,?:G:2,G:R:1",1,0.667,G,"G:954,D:21,S:1,V:1,?:2,R:1"
GCF_000864105.1_noTerminalStopCodon.part_lcl__NC_007363.1_cds_YP_308670.1_9,M2,matrix protein 2,59,neutral,0.651,0.443,-,0.75,"L:L:3,L:S:2",1,0.59,L,"L:958,S:20,?:2"
GCF_000864105.1_noTerminalStopCodon.part_lcl__NC_007363.1_cds_YP_308670.1_9,M2,matrix protein 2,60,neutral,0.231,0,-,0.194,"K:Q:1,?:K:2,K:R:2",1,0.225,K,"K:974,Q:1,?:2,R:3"
GCF_000864105.1_noTerminalStopCodon.part_lcl__NC_007363.1_cds_YP_308670.1_9,M2,matrix protein 2,61,positive,2.476,0.89,-,0.039,"G:R:26,R:R:5,K:R:2,G:G:1,?:R:2,I:R:1,R:S:2",1,0.072,R,"G:372,R:598,K:2,?:3,I:3,S:2"
GCF_000864105.1_noTerminalStopCodon.part_lcl__NC_007363.1_cds_YP_308670.1_9,M2,matrix protein 2,62,neutral,0.451,1.553,-,0.084,"G:V:2,G:R:3,G:G:8,G:W:1,?:G:2,A:G:1",1,0.667,G,"G:969,V:2,R:4,W:2,?:2,A:1"
GCF_000864105.1_noTerminalStopCodon.part_lcl__NC_007363.1_cds_YP_308670.1_9,M2,matrix protein 2,63,neutral,0,0,-,1,"?:P:2,P:S:1",1,0.667,P,"P:977,?:2,S:1"
GCF_000864105.1_noTerminalStopCodon.part_lcl__NC_007363.1_cds_YP_308670.1_9,M2,matrix protein 2,64,neutral,0.636,0.435,-,0.716,"F:S:6,S:S:2,P:S:1,A:S:1,A:V:1,S:V:1",1,0.58,S,"S:900,F:8,?:5,P:1,A:64,V:2"
GCF_000864105.1_noTerminalStopCodon.part_lcl__NC_007363.1_cds_YP_308670.1_9,M2,matrix protein 2,65,neutral,0.971,1.352,-,0.597,"A:T:3,T:T:7,M:T:6,K:T:3,?:T:2,S:T:1,R:T:1",1,0.667,T,"T:953,A:3,M:12,K:4,?:2,S:1,R:5"
GCF_000864105.1_noTerminalStopCodon.part_lcl__NC_007363.1_cds_YP_308670.1_9,M2,matrix protein 2,66,positive,2.335,0.51,-,0.013,"E:G:7,G:G:1,?:E:1,E:E:2,E:K:5,A:E:1,A:T:2,?:G:1",1,0.028,E,"E:874,G:15,?:2,K:9,A:78,T:2"
GCF_000864105.1_noTerminalStopCodon.part_lcl__NC_007363.1_cds_YP_308670.1_9,M2,matrix protein 2,67,negative,0.234,3.103,-,0,"G:G:20,?:G:2,G:R:2",1,0.667,G,"G:975,?:2,R:3"
GCF_000864105.1_noTerminalStopCodon.part_lcl__NC_007363.1_cds_YP_308670.1_9,M2,matrix protein 2,68,neutral,2.647,3.102,-,0.706,"I:V:10,A:V:4,V:V:20,L:V:3,?:V:2,I:M:2,M:V:1",1,0.667,V,"V:924,I:40,A:5,L:6,?:3,M:2"
GCF_000864105.1_noTerminalStopCodon.part_lcl__NC_007363.1_cds_YP_308670.1_9,M2,matrix protein 2,69,negative,0,1.731,-,0.002,"P:P:8,?:P:2",1,0.667,P,"P:978,?:2"
GCF_000864105.1_noTerminalStopCodon.part_lcl__NC_007363.1_cds_YP_308670.1_9,M2,matrix protein 2,70,neutral,0.513,0.726,-,0.705,"E:K:2,D:E:1,A:E:1,E:E:2,?:E:2,E:Q:1,E:G:1",1,0.667,E,"E:970,K:4,D:1,A:1,?:2,Q:1,G:1"
GCF_000864105.1_noTerminalStopCodon.part_lcl__NC_007363.1_cds_YP_308670.1_9,M2,matrix protein 2,71,negative,0,2.173,-,0.001,"S:S:11,F:S:2",1,0.667,S,"S:976,F:2,?:2"
GCF_000864105.1_noTerminalStopCodon.part_lcl__NC_007363.1_cds_YP_308670.1_9,M2,matrix protein 2,72,neutral,0,0.078,-,1,"M:V:1,?:M:2",1,0.667,M,"M:977,V:1,?:2"
GCF_000864105.1_noTerminalStopCodon.part_lcl__NC_007363.1_cds_YP_308670.1_9,M2,matrix protein 2,73,neutral,0.214,0.199,-,0.956,"?:R:2,K:R:3,R:R:1",1,0.667,R,"R:974,?:2,K:4"
GCF_000864105.1_noTerminalStopCodon.part_lcl__NC_007363.1_cds_YP_308670.1_9,M2,matrix protein 2,74,neutral,0,0.351,-,0.145,"E:E:2,D:E:1,?:E:2,E:G:1",1,0.667,E,"E:976,D:1,?:2,G:1"
GCF_000864105.1_noTerminalStopCodon.part_lcl__NC_007363.1_cds_YP_308670.1_9,M2,matrix protein 2,75,negative,0,4.662,-,0,"D:E:1,E:E:19,?:E:2,E:V:1,E:K:1",1,0.667,E,"E:974,D:1,?:3,V:1,K:1"
GCF_000864105.1_noTerminalStopCodon.part_lcl__NC_007363.1_cds_YP_308670.1_9,M2,matrix protein 2,76,negative,0,3.476,-,0,"Y:Y:15,?:Y:1",1,0.667,Y,"Y:977,?:3"
GCF_000864105.1_noTerminalStopCodon.part_lcl__NC_007363.1_cds_YP_308670.1_9,M2,matrix protein 2,77,negative,0.269,1.811,-,0.018,"L:R:3,R:R:12,?:R:3,Q:R:5,P:Q:1",1,0.667,R,"R:965,?:6,L:3,Q:5,P:1"
GCF_000864105.1_noTerminalStopCodon.part_lcl__NC_007363.1_cds_YP_308670.1_9,M2,matrix protein 2,78,neutral,0,0.242,-,0.32,"Q:Q:1,?:Q:3,P:Q:1",1,0.667,Q,"Q:976,?:3,P:1"
GCF_000864105.1_noTerminalStopCodon.part_lcl__NC_007363.1_cds_YP_308670.1_9,M2,matrix protein 2,79,negative,0.25,1.441,-,0.042,"E:K:2,E:E:8,E:G:2,D:E:1,?:E:3",1,0.667,E,"E:971,K:2,G:3,D:1,?:3"
GCF_000864105.1_noTerminalStopCodon.part_lcl__NC_007363.1_cds_YP_308670.1_9,M2,matrix protein 2,80,neutral,0,0.241,-,0.32,"Q:R:2,K:Q:1,?:Q:3,P:Q:1,Q:Q:1",1,0.667,Q,"Q:973,R:2,K:1,?:3,P:1"
GCF_000864105.1_noTerminalStopCodon.part_lcl__NC_007363.1_cds_YP_308670.1_9,M2,matrix protein 2,81,neutral,0.377,0.484,-,0.839,"Q:R:1,H:Q:2,E:Q:1,Q:Q:2,?:Q:3",1,0.667,Q,"Q:971,R:2,H:2,E:1,?:4"
GCF_000864105.1_noTerminalStopCodon.part_lcl__NC_007363.1_cds_YP_308670.1_9,M2,matrix protein 2,82,positive,2.991,0,-,0,"N:S:25,C:S:1,I:S:1,?:S:3,D:S:1",1,0,S,"S:740,N:230,C:3,I:1,?:4,D:2"
GCF_000864105.1_noTerminalStopCodon.part_lcl__NC_007363.1_cds_YP_308670.1_9,M2,matrix protein 2,83,neutral,0,0.436,-,0.115,"?:A:4,A:S:3,A:T:1,A:A:1",1,0.667,A,"A:972,?:4,S:3,T:1"
GCF_000864105.1_noTerminalStopCodon.part_lcl__NC_007363.1_cds_YP_308670.1_9,M2,matrix protein 2,84,negative,0,3.043,-,0,"V:V:16,?:V:6",1,0.667,V,"V:974,?:6"
GCF_000864105.1_noTerminalStopCodon.part_lcl__NC_007363.1_cds_YP_308670.1_9,M2,matrix protein 2,85,neutral,0.728,0.291,-,0.397,"D:N:3,D:D:1,D:G:2,D:E:1,?:D:8",1,0.399,D,"D:948,N:4,G:18,E:2,?:8"
GCF_000864105.1_noTerminalStopCodon.part_lcl__NC_007363.1_cds_YP_308670.1_9,M2,matrix protein 2,86,neutral,0.34,0.438,-,0.836,"A:V:3,F:V:2,?:V:12,V:V:2",1,0.667,V,"V:959,A:7,F:2,?:12"
GCF_000864105.1_noTerminalStopCodon.part_lcl__NC_007363.1_cds_YP_308670.1_9,M2,matrix protein 2,87,neutral,0.24,0.415,-,0.651,"?:D:20,D:D:2,D:Y:1,D:N:1,D:E:1,E:K:1,D:V:1",1,0.65,D,"D:955,?:20,Y:1,N:1,E:1,K:1,V:1"
GCF_000864105.1_noTerminalStopCodon.part_lcl__NC_007363.1_cds_YP_308670.1_9,M2,matrix protein 2,88,positive,3.018,0.601,-,0.013,"D:N:35,?:D:29,D:Y:9,?:N:2,D:G:7,G:V:1,D:D:2,D:K:1,D:E:1,D:M:1",1,0.018,D,"D:825,N:96,?:33,Y:11,V:1,G:11,K:1,E:1,M:1"
GCF_000864105.1_noTerminalStopCodon.part_lcl__NC_007363.1_cds_YP_308670.1_9,M2,matrix protein 2,89,positive,3.3,0.679,-,0.004,"G:G:3,?:G:30,G:S:19,D:G:11,G:V:3,C:G:2,A:D:1",1,0.008,G,"G:859,?:36,S:58,D:17,V:7,C:2,A:1"
GCF_000864105.1_noTerminalStopCodon.part_lcl__NC_007363.1_cds_YP_308670.1_9,M2,matrix protein 2,90,neutral,0.264,1.195,-,0.128,"H:H:4,H:L:1,?:H:44,H:Y:1,H:R:1,H:N:1,H:Q:1",1,0.667,H,"H:926,L:1,?:48,Y:1,R:1,N:1,Q:2"
GCF_000864105.1_noTerminalStopCodon.part_lcl__NC_007363.1_cds_YP_308670.1_9,M2,matrix protein 2,91,neutral,0.413,0.605,-,0.754,"F:L:3,F:F:2,?:L:1,F:Y:1",1,0.667,F,"F:914,?:61,L:4,Y:1"
GCF_000864105.1_noTerminalStopCodon.part_lcl__NC_007363.1_cds_YP_308670.1_9,M2,matrix protein 2,92,neutral,0,0.171,-,0.371,"?:V:55,A:V:1,V:V:1",1,0.667,V,"V:917,?:62,A:1"
GCF_000864105.1_noTerminalStopCodon.part_lcl__NC_007363.1_cds_YP_308670.1_9,M2,matrix protein 2,93,neutral,0.472,0,-,0.087,"?:N:57,D:N:1,H:N:2,N:S:1,N:Y:1",1,0.119,N,"N:908,?:64,D:1,H:4,S:2,Y:1"
GCF_000864105.1_noTerminalStopCodon.part_lcl__NC_007363.1_cds_YP_308670.1_9,M2,matrix protein 2,94,neutral,0,0,-,1,"?:I:63,I:M:3",1,0.667,I,"I:907,?:70,M:3"
GCF_000864105.1_noTerminalStopCodon.part_lcl__NC_007363.1_cds_YP_308670.1_9,M2,matrix protein 2,95,negative,1.073,4.424,-,0.007,"E:K:4,E:E:19,?:E:65,E:P:1,E:V:1,E:G:3,?:K:1,E:Q:1,E:N:1",1,0.026,E,"E:891,K:5,?:73,P:1,V:1,G:7,Q:1,N:1"
GCF_000864105.1_noTerminalStopCodon.part_lcl__NC_007363.1_cds_YP_308670.1_9,M2,matrix protein 2,96,neutral,2.45,1.927,"overall,bipolar,structure,volume,composition,charge",0.743,"L:L:14,?:L:28,K:L:1,L:P:1,E:L:1",0.006927105,0,L,"L:895,?:82,K:1,P:1,E:1"
GCF_000864105.1_noTerminalStopCodon.part_lcl__NC_007363.1_cds_YP_308670.1_9,M2,matrix protein 2,97,neutral,1.104,1.297,-,0.816,"E:G:1,E:V:2,?:E:103,E:T:1,E:E:5,E:K:5,D:E:1",1,0.218,E,"E:857,G:1,V:2,?:111,T:1,K:7,D:1"
GCF_000864105.1_noTerminalStopCodon.part_lcl__NC_007363.1_cds_YP_308671.1_10,M1,matrix protein 1,1,neutral,0,0,-,1,NA,1,1,M,"M:2016,-:60"
GCF_000864105.1_noTerminalStopCodon.part_lcl__NC_007363.1_cds_YP_308671.1_10,M1,matrix protein 1,2,negative,0,1.026,-,0,S:S:10,1,0.667,S,"S:2022,-:54"
GCF_000864105.1_noTerminalStopCodon.part_lcl__NC_007363.1_cds_YP_308671.1_10,M1,matrix protein 1,3,neutral,0,0.282,-,0.05,"L:L:4,I:L:1,L:P:1,F:L:2",1,0.667,L,"L:2020,-:50,I:1,P:1,F:2,?:2"
GCF_000864105.1_noTerminalStopCodon.part_lcl__NC_007363.1_cds_YP_308671.1_10,M1,matrix protein 1,4,negative,0,0.455,-,0.021,"L:L:12,L:V:1,L:P:1",1,0.667,L,"L:2030,-:44,V:1,P:1"
GCF_000864105.1_noTerminalStopCodon.part_lcl__NC_007363.1_cds_YP_308671.1_10,M1,matrix protein 1,5,negative,0,1.173,-,0,"T:T:15,S:T:1,I:T:2",1,0.667,T,"T:2030,-:43,S:1,I:2"
GCF_000864105.1_noTerminalStopCodon.part_lcl__NC_007363.1_cds_YP_308671.1_10,M1,matrix protein 1,6,negative,0,0.308,-,0.022,"E:E:4,E:G:1",1,0.667,E,"E:2039,-:36,G:1"
GCF_000864105.1_noTerminalStopCodon.part_lcl__NC_007363.1_cds_YP_308671.1_10,M1,matrix protein 1,7,negative,0.086,1.438,-,0,"V:V:19,G:V:1",1,0.667,V,"V:2042,-:32,G:2"
GCF_000864105.1_noTerminalStopCodon.part_lcl__NC_007363.1_cds_YP_308671.1_10,M1,matrix protein 1,8,neutral,0.158,0,-,0.067,"E:R:1,A:E:1",1,0,E,"E:2043,-:28,?:1,R:3,A:1"
GCF_000864105.1_noTerminalStopCodon.part_lcl__NC_007363.1_cds_YP_308671.1_10,M1,matrix protein 1,9,neutral,0,0,-,1,"M:T:1,K:T:1,A:T:1",1,0.667,T,"T:2043,-:25,M:1,?:5,K:1,A:1"
GCF_000864105.1_noTerminalStopCodon.part_lcl__NC_007363.1_cds_YP_308671.1_10,M1,matrix protein 1,10,negative,0,1.333,-,0,"Y:Y:14,H:Y:1",1,0.667,Y,"Y:2051,-:20,?:4,H:1"
GCF_000864105.1_noTerminalStopCodon.part_lcl__NC_007363.1_cds_YP_308671.1_10,M1,matrix protein 1,11,neutral,0,0.07,-,0.275,"A:V:1,V:V:1",1,0.667,V,"V:2055,-:19,?:1,A:1"
GCF_000864105.1_noTerminalStopCodon.part_lcl__NC_007363.1_cds_YP_308671.1_10,M1,matrix protein 1,12,negative,0,0.352,-,0.029,"F:L:2,L:L:4",1,0.667,L,"L:2058,-:16,F:2"
GCF_000864105.1_noTerminalStopCodon.part_lcl__NC_007363.1_cds_YP_308671.1_10,M1,matrix protein 1,13,negative,0,0.849,-,0,"S:S:12,S:Y:1,F:S:1",1,0.667,S,"S:2060,-:14,Y:1,F:1"
GCF_000864105.1_noTerminalStopCodon.part_lcl__NC_007363.1_cds_YP_308671.1_10,M1,matrix protein 1,14,negative,0.163,0.807,-,0.015,"I:T:3,I:I:11,I:V:6",1,0.667,I,"I:2040,-:14,T:3,V:19"
GCF_000864105.1_noTerminalStopCodon.part_lcl__NC_007363.1_cds_YP_308671.1_10,M1,matrix protein 1,15,neutral,0.607,1.328,-,0.069,"V:V:6,I:V:15,I:I:11,I:T:2",1,0.667,V,"V:1354,-:14,?:2,I:703,T:3"
GCF_000864105.1_noTerminalStopCodon.part_lcl__NC_007363.1_cds_YP_308671.1_10,M1,matrix protein 1,16,negative,0,2.416,-,0,"P:P:37,P:S:1,P:Q:1,P:R:1",1,0.667,P,"P:2062,-:11,S:1,Q:1,R:1"
GCF_000864105.1_noTerminalStopCodon.part_lcl__NC_007363.1_cds_YP_308671.1_10,M1,matrix protein 1,17,negative,0,1.317,-,0,"S:S:24,S:T:1",1,0.667,S,"S:2062,-:11,?:2,T:1"
GCF_000864105.1_noTerminalStopCodon.part_lcl__NC_007363.1_cds_YP_308671.1_10,M1,matrix protein 1,18,neutral,0,0.14,-,0.107,"G:G:2,G:S:1",1,0.667,G,"G:2062,-:11,?:2,S:1"
GCF_000864105.1_noTerminalStopCodon.part_lcl__NC_007363.1_cds_YP_308671.1_10,M1,matrix protein 1,19,neutral,0.105,0,-,0.176,"L:P:1,P:S:1",1,0.193,P,"P:2062,-:11,L:2,S:1"
GCF_000864105.1_noTerminalStopCodon.part_lcl__NC_007363.1_cds_YP_308671.1_10,M1,matrix protein 1,20,neutral,0,0.07,-,0.328,"?:L:1,F:L:3,L:P:2",1,0.667,L,"L:2059,-:11,?:1,F:3,P:2"
GCF_000864105.1_noTerminalStopCodon.part_lcl__NC_007363.1_cds_YP_308671.1_10,M1,matrix protein 1,21,neutral,0,0.06,-,0.28,K:K:1,1,0.667,K,"K:2063,-:11,?:2"
GCF_000864105.1_noTerminalStopCodon.part_lcl__NC_007363.1_cds_YP_308671.1_10,M1,matrix protein 1,22,neutral,0,0.139,-,0.113,"A:A:2,A:V:1",1,0.667,A,"A:2067,-:8,V:1"
GCF_000864105.1_noTerminalStopCodon.part_lcl__NC_007363.1_cds_YP_308671.1_10,M1,matrix protein 1,23,negative,0,1.41,-,0,"E:E:18,A:E:1",1,0.667,E,"E:2067,-:8,A:1"
GCF_000864105.1_noTerminalStopCodon.part_lcl__NC_007363.1_cds_YP_308671.1_10,M1,matrix protein 1,24,negative,0,1.358,-,0,I:I:17,1,0.667,I,"I:2067,-:7,?:2"
GCF_000864105.1_noTerminalStopCodon.part_lcl__NC_007363.1_cds_YP_308671.1_10,M1,matrix protein 1,25,negative,0,1.589,-,0,A:A:24,1,0.667,A,"A:2068,-:7,?:1"
GCF_000864105.1_noTerminalStopCodon.part_lcl__NC_007363.1_cds_YP_308671.1_10,M1,matrix protein 1,26,negative,0,0.534,-,0.012,Q:Q:7,1,0.667,Q,"Q:2070,-:5,?:1"
GCF_000864105.1_noTerminalStopCodon.part_lcl__NC_007363.1_cds_YP_308671.1_10,M1,matrix protein 1,27,neutral,0.377,0.277,-,0.629,"R:S:2,K:R:13,K:K:5",1,0.488,R,"R:1403,-:5,S:2,?:1,K:665"
GCF_000864105.1_noTerminalStopCodon.part_lcl__NC_007363.1_cds_YP_308671.1_10,M1,matrix protein 1,28,neutral,0.115,0.423,-,0.164,"I:L:2,?:L:1,L:L:6,H:L:1,F:L:1",1,0.667,L,"L:2065,-:5,I:2,?:1,H:1,F:2"
GCF_000864105.1_noTerminalStopCodon.part_lcl__NC_007363.1_cds_YP_308671.1_10,M1,matrix protein 1,29,negative,0,1.342,-,0,E:E:20,1,0.667,E,"E:2071,-:5"
GCF_000864105.1_noTerminalStopCodon.part_lcl__NC_007363.1_cds_YP_308671.1_10,M1,matrix protein 1,30,neutral,0.076,0,-,0.288,"A:D:1,D:N:1,D:E:1",1,0.287,D,"D:2067,-:5,A:2,N:1,E:1"
GCF_000864105.1_noTerminalStopCodon.part_lcl__NC_007363.1_cds_YP_308671.1_10,M1,matrix protein 1,31,negative,0,2.477,-,0,"V:V:36,I:V:2",1,0.667,V,"V:2069,-:5,I:2"
GCF_000864105.1_noTerminalStopCodon.part_lcl__NC_007363.1_cds_YP_308671.1_10,M1,matrix protein 1,32,neutral,0,0.1,-,0.212,F:F:1,1,0.667,F,"F:2070,-:5,?:1"
GCF_000864105.1_noTerminalStopCodon.part_lcl__NC_007363.1_cds_YP_308671.1_10,M1,matrix protein 1,33,neutral,0.162,0.144,-,0.895,"A:V:4,A:S:1,A:A:3",1,0.618,A,"A:2059,-:6,V:6,S:5"
GCF_000864105.1_noTerminalStopCodon.part_lcl__NC_007363.1_cds_YP_308671.1_10,M1,matrix protein 1,34,negative,0,2.09,-,0,"G:G:33,?:G:1",1,0.667,G,"G:2070,-:5,?:1"
GCF_000864105.1_noTerminalStopCodon.part_lcl__NC_007363.1_cds_YP_308671.1_10,M1,matrix protein 1,35,negative,0,1.484,-,0,"K:K:19,K:R:1",1,0.667,K,"K:2070,-:5,R:1"
GCF_000864105.1_noTerminalStopCodon.part_lcl__NC_007363.1_cds_YP_308671.1_10,M1,matrix protein 1,36,negative,0.077,0.761,-,0.005,"E:N:1,N:S:2,N:N:8",1,0.667,N,"N:2067,-:5,E:1,S:3"
GCF_000864105.1_noTerminalStopCodon.part_lcl__NC_007363.1_cds_YP_308671.1_10,M1,matrix protein 1,37,negative,0.483,1.804,-,0.001,"T:T:25,I:T:2,A:T:16,P:T:1,A:A:1",1,0.667,T,"T:2035,-:5,I:2,A:33,P:1"
GCF_000864105.1_noTerminalStopCodon.part_lcl__NC_007363.1_cds_YP_308671.1_10,M1,matrix protein 1,38,negative,0,1.12,-,0,D:D:11,1,0.667,D,"D:2070,-:5,?:1"
GCF_000864105.1_noTerminalStopCodon.part_lcl__NC_007363.1_cds_YP_308671.1_10,M1,matrix protein 1,39,negative,0,1.718,-,0,"L:L:24,F:L:1",1,0.667,L,"L:2069,-:5,?:1,F:1"
GCF_000864105.1_noTerminalStopCodon.part_lcl__NC_007363.1_cds_YP_308671.1_10,M1,matrix protein 1,40,negative,0,0.617,-,0.001,"E:E:8,D:E:1",1,0.667,E,"E:2070,-:5,D:1"
GCF_000864105.1_noTerminalStopCodon.part_lcl__NC_007363.1_cds_YP_308671.1_10,M1,matrix protein 1,41,negative,0,0.922,-,0,"A:V:1,A:A:13,A:T:1",1,0.667,A,"A:2069,-:5,V:1,T:1"
GCF_000864105.1_noTerminalStopCodon.part_lcl__NC_007363.1_cds_YP_308671.1_10,M1,matrix protein 1,42,negative,0,0.632,-,0.003,"L:L:9,I:L:3",1,0.667,L,"L:2067,-:5,?:1,I:3"
GCF_000864105.1_noTerminalStopCodon.part_lcl__NC_007363.1_cds_YP_308671.1_10,M1,matrix protein 1,43,neutral,0,0.061,-,1,L:M:2,1,0.667,M,"M:2070,-:4,L:2"
GCF_000864105.1_noTerminalStopCodon.part_lcl__NC_007363.1_cds_YP_308671.1_10,M1,matrix protein 1,44,negative,0,1.654,-,0,E:E:24,1,0.667,E,"E:2072,-:4"
GCF_000864105.1_noTerminalStopCodon.part_lcl__NC_007363.1_cds_YP_308671.1_10,M1,matrix protein 1,45,neutral,0,0.157,-,1,NA,1,0.667,W,"W:2071,-:4,?:1"
GCF_000864105.1_noTerminalStopCodon.part_lcl__NC_007363.1_cds_YP_308671.1_10,M1,matrix protein 1,46,neutral,0.144,0.378,-,0.293,"L:L:10,I:L:4",1,0.667,L,"L:2059,-:4,I:13"
GCF_000864105.1_noTerminalStopCodon.part_lcl__NC_007363.1_cds_YP_308671.1_10,M1,matrix protein 1,47,neutral,0,0,-,1,NA,1,1,K,"K:2072,-:4"
GCF_000864105.1_noTerminalStopCodon.part_lcl__NC_007363.1_cds_YP_308671.1_10,M1,matrix protein 1,48,neutral,0,0,-,1,NA,1,1,T,"T:2072,-:4"
GCF_000864105.1_noTerminalStopCodon.part_lcl__NC_007363.1_cds_YP_308671.1_10,M1,matrix protein 1,49,negative,0,0.363,-,0.006,"R:R:7,G:R:1",1,0.667,R,"R:2071,-:4,G:1"
GCF_000864105.1_noTerminalStopCodon.part_lcl__NC_007363.1_cds_YP_308671.1_10,M1,matrix protein 1,50,negative,0,0.385,-,0.014,"P:P:8,L:P:1",1,0.667,P,"P:2070,-:4,?:1,L:1"
GCF_000864105.1_noTerminalStopCodon.part_lcl__NC_007363.1_cds_YP_308671.1_10,M1,matrix protein 1,51,neutral,0,0.144,-,0.112,I:I:2,1,0.667,I,"I:2073,-:3"
GCF_000864105.1_noTerminalStopCodon.part_lcl__NC_007363.1_cds_YP_308671.1_10,M1,matrix protein 1,52,negative,0,0.464,-,0.021,L:L:10,1,0.667,L,"L:2073,-:3"
GCF_000864105.1_noTerminalStopCodon.part_lcl__NC_007363.1_cds_YP_308671.1_10,M1,matrix protein 1,53,neutral,0,0.048,-,0.382,S:S:1,1,0.667,S,"S:2073,-:3"
GCF_000864105.1_noTerminalStopCodon.part_lcl__NC_007363.1_cds_YP_308671.1_10,M1,matrix protein 1,54,neutral,0.106,0.14,-,0.819,"P:P:2,P:S:2,H:P:1",1,0.667,P,"P:2068,-:3,S:4,H:1"
GCF_000864105.1_noTerminalStopCodon.part_lcl__NC_007363.1_cds_YP_308671.1_10,M1,matrix protein 1,55,neutral,0.148,0.461,-,0.208,"L:L:10,L:M:1,L:P:2",1,0.654,L,"L:2028,-:3,M:42,P:2,?:1"
GCF_000864105.1_noTerminalStopCodon.part_lcl__NC_007363.1_cds_YP_308671.1_10,M1,matrix protein 1,56,negative,0,0.92,-,0,"T:T:13,S:T:1",1,0.667,T,"T:2070,-:3,?:2,S:1"
GCF_000864105.1_noTerminalStopCodon.part_lcl__NC_007363.1_cds_YP_308671.1_10,M1,matrix protein 1,57,negative,0,0.909,-,0,"K:K:12,I:K:1",1,0.667,K,"K:2072,-:3,I:1"
GCF_000864105.1_noTerminalStopCodon.part_lcl__NC_007363.1_cds_YP_308671.1_10,M1,matrix protein 1,58,negative,0,1.187,-,0,"G:G:18,E:G:1",1,0.667,G,"G:2072,-:3,E:1"
GCF_000864105.1_noTerminalStopCodon.part_lcl__NC_007363.1_cds_YP_308671.1_10,M1,matrix protein 1,59,negative,0.238,1.826,-,0,"I:V:3,I:I:18,I:M:3",1,0.667,I,"I:2002,-:3,V:5,M:64,?:2"
GCF_000864105.1_noTerminalStopCodon.part_lcl__NC_007363.1_cds_YP_308671.1_10,M1,matrix protein 1,60,negative,0,0.932,-,0.001,"L:L:22,L:S:1,L:W:2",1,0.667,L,"L:2067,-:4,S:1,?:2,W:2"
GCF_000864105.1_noTerminalStopCodon.part_lcl__NC_007363.1_cds_YP_308671.1_10,M1,matrix protein 1,61,negative,0,1.281,-,0,G:G:25,1,0.667,G,"G:2071,-:4,?:1"
GCF_000864105.1_noTerminalStopCodon.part_lcl__NC_007363.1_cds_YP_308671.1_10,M1,matrix protein 1,62,negative,0,0.913,-,0,"F:F:9,F:L:2,F:V:2",1,0.667,F,"F:2068,-:3,L:2,V:2,?:1"
GCF_000864105.1_noTerminalStopCodon.part_lcl__NC_007363.1_cds_YP_308671.1_10,M1,matrix protein 1,63,negative,0,0.879,-,0,V:V:15,1,0.667,V,"V:2070,-:3,?:3"
GCF_000864105.1_noTerminalStopCodon.part_lcl__NC_007363.1_cds_YP_308671.1_10,M1,matrix protein 1,64,negative,0,1.135,-,0,"F:F:12,F:Y:1",1,0.667,F,"F:2072,-:3,Y:1"
GCF_000864105.1_noTerminalStopCodon.part_lcl__NC_007363.1_cds_YP_308671.1_10,M1,matrix protein 1,65,negative,0,0.324,-,0.014,T:T:5,1,0.667,T,"T:2068,-:3,?:5"
GCF_000864105.1_noTerminalStopCodon.part_lcl__NC_007363.1_cds_YP_308671.1_10,M1,matrix protein 1,66,neutral,0,0,-,1,NA,1,1,L,"L:2073,-:3"
GCF_000864105.1_noTerminalStopCodon.part_lcl__NC_007363.1_cds_YP_308671.1_10,M1,matrix protein 1,67,neutral,0,0.07,-,0.257,T:T:1,1,0.667,T,"T:2071,-:3,?:2"
GCF_000864105.1_noTerminalStopCodon.part_lcl__NC_007363.1_cds_YP_308671.1_10,M1,matrix protein 1,68,neutral,0,0.065,-,0.29,V:V:1,1,0.667,V,"V:2073,-:3"
GCF_000864105.1_noTerminalStopCodon.part_lcl__NC_007363.1_cds_YP_308671.1_10,M1,matrix protein 1,69,neutral,0,0,-,1,"L:P:1,H:P:1",1,0.667,P,"P:2070,-:3,L:1,?:1,H:1"
GCF_000864105.1_noTerminalStopCodon.part_lcl__NC_007363.1_cds_YP_308671.1_10,M1,matrix protein 1,70,neutral,0,0.102,-,0.177,"N:S:2,S:S:1",1,0.667,S,"S:2071,-:3,N:2"
GCF_000864105.1_noTerminalStopCodon.part_lcl__NC_007363.1_cds_YP_308671.1_10,M1,matrix protein 1,71,negative,0,0.307,-,0.022,E:E:4,1,0.667,E,"E:2073,-:3"
GCF_000864105.1_noTerminalStopCodon.part_lcl__NC_007363.1_cds_YP_308671.1_10,M1,matrix protein 1,72,negative,0,0.734,-,0.004,"R:R:18,Q:R:1",1,0.667,R,"R:2070,-:4,Q:1,?:1"
GCF_000864105.1_noTerminalStopCodon.part_lcl__NC_007363.1_cds_YP_308671.1_10,M1,matrix protein 1,73,neutral,0,0.192,-,0.052,"G:V:1,G:G:3",1,0.667,G,"G:2072,-:3,V:1"
GCF_000864105.1_noTerminalStopCodon.part_lcl__NC_007363.1_cds_YP_308671.1_10,M1,matrix protein 1,74,neutral,0,0.045,-,0.47,L:L:1,1,0.667,L,"L:2074,-:2"
GCF_000864105.1_noTerminalStopCodon.part_lcl__NC_007363.1_cds_YP_308671.1_10,M1,matrix protein 1,75,negative,0,0.455,-,0.021,Q:Q:6,1,0.667,Q,"Q:2073,-:2,?:1"
GCF_000864105.1_noTerminalStopCodon.part_lcl__NC_007363.1_cds_YP_308671.1_10,M1,matrix protein 1,76,neutral,0,0,-,1,"R:S:1,C:R:1",1,0.667,R,"R:2071,-:2,?:1,S:1,C:1"
GCF_000864105.1_noTerminalStopCodon.part_lcl__NC_007363.1_cds_YP_308671.1_10,M1,matrix protein 1,77,neutral,0,0.051,-,0.304,"I:R:2,R:R:1",1,0.667,R,"R:2072,-:2,I:2"
GCF_000864105.1_noTerminalStopCodon.part_lcl__NC_007363.1_cds_YP_308671.1_10,M1,matrix protein 1,78,negative,0,2.291,-,0,R:R:32,1,0.667,R,"R:2073,-:2,?:1"
GCF_000864105.1_noTerminalStopCodon.part_lcl__NC_007363.1_cds_YP_308671.1_10,M1,matrix protein 1,79,negative,0,0.398,-,0.013,"F:F:4,F:L:1",1,0.667,F,"F:2072,-:2,?:1,L:1"
GCF_000864105.1_noTerminalStopCodon.part_lcl__NC_007363.1_cds_YP_308671.1_10,M1,matrix protein 1,80,negative,0,1.126,-,0,"V:V:16,I:V:1",1,0.667,V,"V:2073,-:2,I:1"
GCF_000864105.1_noTerminalStopCodon.part_lcl__NC_007363.1_cds_YP_308671.1_10,M1,matrix protein 1,81,negative,0,0.725,-,0.003,Q:Q:11,1,0.667,Q,"Q:2074,-:2"
GCF_000864105.1_noTerminalStopCodon.part_lcl__NC_007363.1_cds_YP_308671.1_10,M1,matrix protein 1,82,negative,0.147,0.799,-,0.016,"N:N:8,N:S:15,H:N:2,N:T:3,G:S:1",1,0.667,N,"N:1870,-:2,S:198,H:2,T:3,G:1"
GCF_000864105.1_noTerminalStopCodon.part_lcl__NC_007363.1_cds_YP_308671.1_10,M1,matrix protein 1,83,negative,0.161,1.563,-,0,"A:A:22,A:S:3,A:T:1",1,0.667,A,"A:2061,-:2,S:12,T:1"
GCF_000864105.1_noTerminalStopCodon.part_lcl__NC_007363.1_cds_YP_308671.1_10,M1,matrix protein 1,84,negative,0,1.123,-,0,"L:L:28,L:S:1",1,0.667,L,"L:2073,-:2,S:1"
GCF_000864105.1_noTerminalStopCodon.part_lcl__NC_007363.1_cds_YP_308671.1_10,M1,matrix protein 1,85,negative,0.22,0.83,-,0.036,"N:S:9,N:N:7,N:T:1,S:S:1",1,0.625,N,"S:428,-:2,N:1645,T:1"
GCF_000864105.1_noTerminalStopCodon.part_lcl__NC_007363.1_cds_YP_308671.1_10,M1,matrix protein 1,86,negative,0,1.036,-,0,"G:G:20,E:G:1",1,0.667,G,"G:2073,E:1,?:1,-:1"
GCF_000864105.1_noTerminalStopCodon.part_lcl__NC_007363.1_cds_YP_308671.1_10,M1,matrix protein 1,87,negative,0.22,1.365,-,0.001,"N:T:5,N:S:3,N:N:13,A:T:1,T:T:1",1,0.171,N,"T:322,N:1749,S:3,-:1,A:1"
GCF_000864105.1_noTerminalStopCodon.part_lcl__NC_007363.1_cds_YP_308671.1_10,M1,matrix protein 1,88,negative,0,1.464,-,0,G:G:29,1,0.667,G,"G:2075,-:1"
GCF_000864105.1_noTerminalStopCodon.part_lcl__NC_007363.1_cds_YP_308671.1_10,M1,matrix protein 1,89,negative,0,1.065,-,0,"D:D:11,D:E:2",1,0.667,D,"D:2073,E:2,-:1"
GCF_000864105.1_noTerminalStopCodon.part_lcl__NC_007363.1_cds_YP_308671.1_10,M1,matrix protein 1,90,negative,0,0.578,-,0.003,"P:P:11,P:T:1",1,0.667,P,"P:2072,?:2,-:1,T:1"
GCF_000864105.1_noTerminalStopCodon.part_lcl__NC_007363.1_cds_YP_308671.1_10,M1,matrix protein 1,91,negative,0,2.29,-,0,"N:N:23,N:T:2,H:N:1,N:S:2",1,0.667,N,"N:2070,T:2,H:1,S:2,-:1"
GCF_000864105.1_noTerminalStopCodon.part_lcl__NC_007363.1_cds_YP_308671.1_10,M1,matrix protein 1,92,negative,0,2.572,-,0,"N:N:26,H:N:1",1,0.667,N,"N:2074,H:1,-:1"
GCF_000864105.1_noTerminalStopCodon.part_lcl__NC_007363.1_cds_YP_308671.1_10,M1,matrix protein 1,93,neutral,0,0.061,-,1,I:M:2,1,0.667,M,"M:2073,I:2,-:1"
GCF_000864105.1_noTerminalStopCodon.part_lcl__NC_007363.1_cds_YP_308671.1_10,M1,matrix protein 1,94,negative,0,1.364,-,0,"D:D:14,D:N:1",1,0.667,D,"D:2074,-:1,N:1"
GCF_000864105.1_noTerminalStopCodon.part_lcl__NC_007363.1_cds_YP_308671.1_10,M1,matrix protein 1,95,negative,0.344,1.757,-,0,"R:R:25,K:R:21",1,0.667,R,"R:2031,K:44,-:1"
GCF_000864105.1_noTerminalStopCodon.part_lcl__NC_007363.1_cds_YP_308671.1_10,M1,matrix protein 1,96,negative,0.081,0.834,-,0.001,"A:A:17,A:G:1",1,0.667,A,"A:2063,G:12,-:1"
GCF_000864105.1_noTerminalStopCodon.part_lcl__NC_007363.1_cds_YP_308671.1_10,M1,matrix protein 1,97,negative,0,1.797,-,0,"V:V:25,I:V:3",1,0.667,V,"V:2072,I:3,-:1"
GCF_000864105.1_noTerminalStopCodon.part_lcl__NC_007363.1_cds_YP_308671.1_10,M1,matrix protein 1,98,negative,0.079,0.864,-,0.002,"K:R:2,K:K:12",1,0.667,K,"K:2072,R:3,-:1"
GCF_000864105.1_noTerminalStopCodon.part_lcl__NC_007363.1_cds_YP_308671.1_10,M1,matrix protein 1,99,negative,0,1.372,-,0,"L:L:33,L:M:2",1,0.667,L,"L:2073,M:2,-:1"
GCF_000864105.1_noTerminalStopCodon.part_lcl__NC_007363.1_cds_YP_308671.1_10,M1,matrix protein 1,100,negative,0,1.765,-,0,"Y:Y:18,C:Y:2",1,0.667,Y,"Y:2072,C:2,?:1,-:1"
GCF_000864105.1_noTerminalStopCodon.part_lcl__NC_007363.1_cds_YP_308671.1_10,M1,matrix protein 1,101,negative,0.234,1.169,-,0.003,"K:R:11,R:R:7,K:K:8,K:Q:1",1,0.667,R,"R:1306,K:767,Q:1,-:1,?:1"
GCF_000864105.1_noTerminalStopCodon.part_lcl__NC_007363.1_cds_YP_308671.1_10,M1,matrix protein 1,102,negative,0,1.042,-,0,K:K:15,1,0.667,K,"K:2075,-:1"
GCF_000864105.1_noTerminalStopCodon.part_lcl__NC_007363.1_cds_YP_308671.1_10,M1,matrix protein 1,103,negative,0,2.081,-,0,"L:L:43,L:M:1",1,0.667,L,"L:2074,-:1,M:1"
GCF_000864105.1_noTerminalStopCodon.part_lcl__NC_007363.1_cds_YP_308671.1_10,M1,matrix protein 1,104,negative,0,1.063,-,0,K:K:15,1,0.667,K,"K:2075,-:1"
GCF_000864105.1_noTerminalStopCodon.part_lcl__NC_007363.1_cds_YP_308671.1_10,M1,matrix protein 1,105,negative,0,1.513,-,0,"R:R:28,K:R:2",1,0.667,R,"R:2071,K:2,-:1,?:2"
GCF_000864105.1_noTerminalStopCodon.part_lcl__NC_007363.1_cds_YP_308671.1_10,M1,matrix protein 1,106,negative,0,1.123,-,0,"E:E:16,E:K:1",1,0.667,E,"E:2074,K:1,-:1"
GCF_000864105.1_noTerminalStopCodon.part_lcl__NC_007363.1_cds_YP_308671.1_10,M1,matrix protein 1,107,negative,0.058,2.396,-,0,"I:I:11,I:M:3,I:V:2",1,0.667,I,"I:2059,-:1,M:13,V:2,?:1"
GCF_000864105.1_noTerminalStopCodon.part_lcl__NC_007363.1_cds_YP_308671.1_10,M1,matrix protein 1,108,negative,0,0.334,-,0.01,T:T:7,1,0.667,T,"T:2074,-:2"
GCF_000864105.1_noTerminalStopCodon.part_lcl__NC_007363.1_cds_YP_308671.1_10,M1,matrix protein 1,109,negative,0,1.425,-,0,F:F:15,1,0.667,F,"F:2074,-:2"
GCF_000864105.1_noTerminalStopCodon.part_lcl__NC_007363.1_cds_YP_308671.1_10,M1,matrix protein 1,110,neutral,0.098,0.398,-,0.159,"H:Y:4,H:H:4",1,0.659,H,"H:2068,Y:6,-:2"
GCF_000864105.1_noTerminalStopCodon.part_lcl__NC_007363.1_cds_YP_308671.1_10,M1,matrix protein 1,111,negative,0,1.698,-,0,G:G:26,1,0.667,G,"G:2074,-:2"
GCF_000864105.1_noTerminalStopCodon.part_lcl__NC_007363.1_cds_YP_308671.1_10,M1,matrix protein 1,112,negative,0,1.766,-,0,"A:A:25,A:S:1,A:G:1",1,0.667,A,"A:2072,S:1,-:2,G:1"
GCF_000864105.1_noTerminalStopCodon.part_lcl__NC_007363.1_cds_YP_308671.1_10,M1,matrix protein 1,113,negative,0,1.722,-,0,"K:K:24,K:R:1",1,0.667,K,"K:2073,R:1,-:2"
GCF_000864105.1_noTerminalStopCodon.part_lcl__NC_007363.1_cds_YP_308671.1_10,M1,matrix protein 1,114,negative,0,1.576,-,0,"E:E:23,E:G:1",1,0.667,E,"E:2073,G:1,-:2"
GCF_000864105.1_noTerminalStopCodon.part_lcl__NC_007363.1_cds_YP_308671.1_10,M1,matrix protein 1,115,negative,0,2.069,-,0,"V:V:29,I:V:6",1,0.667,V,"V:2068,I:6,-:2"
GCF_000864105.1_noTerminalStopCodon.part_lcl__NC_007363.1_cds_YP_308671.1_10,M1,matrix protein 1,116,neutral,0.245,0.431,-,0.376,"A:S:9,A:A:8,S:S:1",1,0.577,A,"A:2007,S:67,-:2"
GCF_000864105.1_noTerminalStopCodon.part_lcl__NC_007363.1_cds_YP_308671.1_10,M1,matrix protein 1,117,negative,0,1.276,-,0,"I:L:1,L:L:18,F:L:1",1,0.667,L,"L:2072,I:1,F:1,-:2"
GCF_000864105.1_noTerminalStopCodon.part_lcl__NC_007363.1_cds_YP_308671.1_10,M1,matrix protein 1,118,negative,0,1.392,-,0,"S:S:14,G:S:2,N:S:1",1,0.667,S,"S:2071,G:2,-:2,N:1"
GCF_000864105.1_noTerminalStopCodon.part_lcl__NC_007363.1_cds_YP_308671.1_10,M1,matrix protein 1,119,negative,0,0.846,-,0,"Y:Y:9,F:Y:1",1,0.667,Y,"Y:2073,-:2,F:1"
GCF_000864105.1_noTerminalStopCodon.part_lcl__NC_007363.1_cds_YP_308671.1_10,M1,matrix protein 1,120,negative,0,0.827,-,0,"P:S:5,S:S:17",1,0.667,S,"S:2069,P:5,-:2"
GCF_000864105.1_noTerminalStopCodon.part_lcl__NC_007363.1_cds_YP_308671.1_10,M1,matrix protein 1,121,negative,0,1.887,-,0,"A:T:3,T:T:27",1,0.667,T,"T:2071,A:3,-:2"
GCF_000864105.1_noTerminalStopCodon.part_lcl__NC_007363.1_cds_YP_308671.1_10,M1,matrix protein 1,122,negative,0,0.277,-,0.023,G:G:4,1,0.667,G,"G:2075,-:1"
GCF_000864105.1_noTerminalStopCodon.part_lcl__NC_007363.1_cds_YP_308671.1_10,M1,matrix protein 1,123,negative,0,0.536,-,0.001,"A:A:11,A:S:1,A:V:1",1,0.667,A,"A:2073,-:1,S:1,V:1"
GCF_000864105.1_noTerminalStopCodon.part_lcl__NC_007363.1_cds_YP_308671.1_10,M1,matrix protein 1,124,negative,0,0.84,-,0.001,L:L:12,1,0.667,L,"L:2075,-:1"
GCF_000864105.1_noTerminalStopCodon.part_lcl__NC_007363.1_cds_YP_308671.1_10,M1,matrix protein 1,125,neutral,0.161,0.626,-,0.051,"A:A:9,A:S:1,A:T:4",1,0.657,A,"A:2065,S:2,-:1,T:8"
GCF_000864105.1_noTerminalStopCodon.part_lcl__NC_007363.1_cds_YP_308671.1_10,M1,matrix protein 1,126,negative,0.067,2.159,-,0,"G:S:3,S:S:21,C:S:1",1,0.667,S,"S:2070,G:5,C:1"
GCF_000864105.1_noTerminalStopCodon.part_lcl__NC_007363.1_cds_YP_308671.1_10,M1,matrix protein 1,127,negative,0,2.108,-,0,C:C:21,1,0.667,C,C:2076
GCF_000864105.1_noTerminalStopCodon.part_lcl__NC_007363.1_cds_YP_308671.1_10,M1,matrix protein 1,128,neutral,0,0,-,1,NA,1,1,M,M:2076
GCF_000864105.1_noTerminalStopCodon.part_lcl__NC_007363.1_cds_YP_308671.1_10,M1,matrix protein 1,129,negative,0,1.565,-,0,G:G:22,1,0.667,G,G:2076
GCF_000864105.1_noTerminalStopCodon.part_lcl__NC_007363.1_cds_YP_308671.1_10,M1,matrix protein 1,130,negative,0,0.79,-,0.001,L:L:11,1,0.667,L,L:2076
GCF_000864105.1_noTerminalStopCodon.part_lcl__NC_007363.1_cds_YP_308671.1_10,M1,matrix protein 1,131,negative,0,0.944,-,0,I:I:4,1,0.667,I,I:2076
GCF_000864105.1_noTerminalStopCodon.part_lcl__NC_007363.1_cds_YP_308671.1_10,M1,matrix protein 1,132,negative,0,0.458,-,0.01,Y:Y:5,1,0.667,Y,Y:2076
GCF_000864105.1_noTerminalStopCodon.part_lcl__NC_007363.1_cds_YP_308671.1_10,M1,matrix protein 1,133,negative,0,1.023,-,0,"N:S:2,N:N:11,H:N:1",1,0.667,N,"N:2073,S:2,H:1"
GCF_000864105.1_noTerminalStopCodon.part_lcl__NC_007363.1_cds_YP_308671.1_10,M1,matrix protein 1,134,negative,0.076,2.329,-,0,"R:R:35,K:R:1",1,0.667,R,"R:2074,K:2"
GCF_000864105.1_noTerminalStopCodon.part_lcl__NC_007363.1_cds_YP_308671.1_10,M1,matrix protein 1,135,neutral,0,0.086,-,1,M:V:1,1,0.667,M,"M:2075,V:1"
GCF_000864105.1_noTerminalStopCodon.part_lcl__NC_007363.1_cds_YP_308671.1_10,M1,matrix protein 1,136,negative,0,1.257,-,0,G:G:22,1,0.667,G,G:2076
GCF_000864105.1_noTerminalStopCodon.part_lcl__NC_007363.1_cds_YP_308671.1_10,M1,matrix protein 1,137,negative,0.156,2.555,-,0,"T:T:39,A:T:5",1,0.461,T,"T:2065,A:10,?:1"
GCF_000864105.1_noTerminalStopCodon.part_lcl__NC_007363.1_cds_YP_308671.1_10,M1,matrix protein 1,138,negative,0,1.671,-,0,V:V:25,1,0.667,V,V:2076
GCF_000864105.1_noTerminalStopCodon.part_lcl__NC_007363.1_cds_YP_308671.1_10,M1,matrix protein 1,139,negative,0.204,2.007,-,0,"T:T:28,A:T:8,N:T:2",1,0.667,T,"T:2061,A:10,?:1,N:4"
GCF_000864105.1_noTerminalStopCodon.part_lcl__NC_007363.1_cds_YP_308671.1_10,M1,matrix protein 1,140,negative,0.239,1.474,-,0,"A:A:3,A:T:5,T:T:24,A:S:1",1,0.667,A,"A:1297,T:775,?:1,S:3"
GCF_000864105.1_noTerminalStopCodon.part_lcl__NC_007363.1_cds_YP_308671.1_10,M1,matrix protein 1,141,negative,0,1.054,-,0,E:E:17,1,0.667,E,E:2076
GCF_000864105.1_noTerminalStopCodon.part_lcl__NC_007363.1_cds_YP_308671.1_10,M1,matrix protein 1,142,negative,0.173,1.484,-,0,"V:V:23,G:V:5,A:V:1",1,0.667,V,"V:2060,G:14,A:2"
GCF_000864105.1_noTerminalStopCodon.part_lcl__NC_007363.1_cds_YP_308671.1_10,M1,matrix protein 1,143,negative,0,1.196,-,0,"A:A:20,A:V:2",1,0.667,A,"A:2074,V:2"
GCF_000864105.1_noTerminalStopCodon.part_lcl__NC_007363.1_cds_YP_308671.1_10,M1,matrix protein 1,144,negative,0.199,0.981,-,0.011,"L:L:10,F:L:6,F:F:5",1,0.667,L,"L:1314,F:762"
GCF_000864105.1_noTerminalStopCodon.part_lcl__NC_007363.1_cds_YP_308671.1_10,M1,matrix protein 1,145,negative,0,0.977,-,0,G:G:14,1,0.667,G,G:2076
GCF_000864105.1_noTerminalStopCodon.part_lcl__NC_007363.1_cds_YP_308671.1_10,M1,matrix protein 1,146,negative,0,0.802,-,0.002,"L:L:21,I:L:1",1,0.667,L,"L:2075,I:1"
GCF_000864105.1_noTerminalStopCodon.part_lcl__NC_007363.1_cds_YP_308671.1_10,M1,matrix protein 1,147,negative,0,2.029,-,0,"V:V:30,M:V:2",1,0.667,V,"V:2074,M:2"
GCF_000864105.1_noTerminalStopCodon.part_lcl__NC_007363.1_cds_YP_308671.1_10,M1,matrix protein 1,148,negative,0,0.598,-,0.002,C:C:6,1,0.667,C,C:2076
GCF_000864105.1_noTerminalStopCodon.part_lcl__NC_007363.1_cds_YP_308671.1_10,M1,matrix protein 1,149,negative,0,0.348,-,0.013,"A:A:5,A:T:2,A:D:1,A:S:1",1,0.667,A,"A:2072,T:2,D:1,S:1"
GCF_000864105.1_noTerminalStopCodon.part_lcl__NC_007363.1_cds_YP_308671.1_10,M1,matrix protein 1,150,negative,0,1.35,-,0,T:T:19,1,0.667,T,T:2076
GCF_000864105.1_noTerminalStopCodon.part_lcl__NC_007363.1_cds_YP_308671.1_10,M1,matrix protein 1,151,negative,0,0.5,-,0.004,C:C:5,1,0.667,C,C:2076
GCF_000864105.1_noTerminalStopCodon.part_lcl__NC_007363.1_cds_YP_308671.1_10,M1,matrix protein 1,152,negative,0,0.691,-,0.001,E:E:9,1,0.667,E,E:2076
GCF_000864105.1_noTerminalStopCodon.part_lcl__NC_007363.1_cds_YP_308671.1_10,M1,matrix protein 1,153,negative,0.134,1.397,-,0.001,"Q:Q:18,H:Q:1",1,0.667,Q,"Q:2072,?:1,H:3"
GCF_000864105.1_noTerminalStopCodon.part_lcl__NC_007363.1_cds_YP_308671.1_10,M1,matrix protein 1,154,negative,0,0.688,-,0.001,"I:I:8,I:V:1",1,0.667,I,"I:2075,V:1"
GCF_000864105.1_noTerminalStopCodon.part_lcl__NC_007363.1_cds_YP_308671.1_10,M1,matrix protein 1,155,negative,0,0.892,-,0,"A:A:15,A:T:1",1,0.667,A,"A:2075,T:1"
GCF_000864105.1_noTerminalStopCodon.part_lcl__NC_007363.1_cds_YP_308671.1_10,M1,matrix protein 1,156,negative,0,1.646,-,0,"D:E:2,D:D:16",1,0.667,D,"D:2070,E:2,?:4"
GCF_000864105.1_noTerminalStopCodon.part_lcl__NC_007363.1_cds_YP_308671.1_10,M1,matrix protein 1,157,negative,0.099,0.55,-,0.038,"S:S:8,L:S:1,A:S:1,A:A:2",1,0.667,S,"S:2060,?:1,L:1,A:14"
GCF_000864105.1_noTerminalStopCodon.part_lcl__NC_007363.1_cds_YP_308671.1_10,M1,matrix protein 1,158,negative,0,0.841,-,0.002,"Q:Q:11,P:Q:1,H:Q:1",1,0.667,Q,"Q:2074,P:1,H:1"
GCF_000864105.1_noTerminalStopCodon.part_lcl__NC_007363.1_cds_YP_308671.1_10,M1,matrix protein 1,159,negative,0,1.756,-,0,H:H:17,1,0.667,H,H:2076
GCF_000864105.1_noTerminalStopCodon.part_lcl__NC_007363.1_cds_YP_308671.1_10,M1,matrix protein 1,160,negative,0,1.299,-,0,R:R:24,1,0.667,R,R:2076
GCF_000864105.1_noTerminalStopCodon.part_lcl__NC_007363.1_cds_YP_308671.1_10,M1,matrix protein 1,161,negative,0,1.52,-,0,S:S:21,1,0.667,S,S:2076
GCF_000864105.1_noTerminalStopCodon.part_lcl__NC_007363.1_cds_YP_308671.1_10,M1,matrix protein 1,162,negative,0,0.945,-,0,"H:H:10,H:R:1",1,0.667,H,"H:2075,R:1"
GCF_000864105.1_noTerminalStopCodon.part_lcl__NC_007363.1_cds_YP_308671.1_10,M1,matrix protein 1,163,negative,0,1.686,-,0,R:R:30,1,0.667,R,"R:2075,?:1"
GCF_000864105.1_noTerminalStopCodon.part_lcl__NC_007363.1_cds_YP_308671.1_10,M1,matrix protein 1,164,negative,0,1.615,-,0,"Q:Q:21,L:Q:1",1,0.667,Q,"Q:2075,L:1"
GCF_000864105.1_noTerminalStopCodon.part_lcl__NC_007363.1_cds_YP_308671.1_10,M1,matrix protein 1,165,neutral,0.057,0.613,-,0.127,"I:M:2,I:T:1,M:V:1,I:I:1",1,0.667,I,"I:1294,M:780,T:1,V:1"
GCF_000864105.1_noTerminalStopCodon.part_lcl__NC_007363.1_cds_YP_308671.1_10,M1,matrix protein 1,166,neutral,0.411,0.879,-,0.122,"A:S:2,A:A:12,A:T:4,A:V:5,V:V:2",1,0.667,A,"A:2006,S:2,T:5,V:63"
GCF_000864105.1_noTerminalStopCodon.part_lcl__NC_007363.1_cds_YP_308671.1_10,M1,matrix protein 1,167,negative,0.234,1.18,-,0.003,"A:T:10,T:T:17,S:T:1",1,0.667,T,"T:2061,A:14,S:1"
GCF_000864105.1_noTerminalStopCodon.part_lcl__NC_007363.1_cds_YP_308671.1_10,M1,matrix protein 1,168,neutral,0.566,0.694,-,0.677,"T:T:9,I:T:16,I:V:1,I:I:1",1,0.582,T,"T:1424,I:651,V:1"
GCF_000864105.1_noTerminalStopCodon.part_lcl__NC_007363.1_cds_YP_308671.1_10,M1,matrix protein 1,169,negative,0,0.979,-,0,"T:T:14,N:T:2,I:T:1",1,0.667,T,"T:2073,N:2,I:1"
GCF_000864105.1_noTerminalStopCodon.part_lcl__NC_007363.1_cds_YP_308671.1_10,M1,matrix protein 1,170,negative,0,1.414,-,0,"N:N:15,N:T:1",1,0.667,N,"N:2075,T:1"
GCF_000864105.1_noTerminalStopCodon.part_lcl__NC_007363.1_cds_YP_308671.1_10,M1,matrix protein 1,171,negative,0,0.487,-,0.006,P:P:10,1,0.667,P,P:2076
GCF_000864105.1_noTerminalStopCodon.part_lcl__NC_007363.1_cds_YP_308671.1_10,M1,matrix protein 1,172,negative,0,1.297,-,0,L:L:34,1,0.667,L,L:2076
GCF_000864105.1_noTerminalStopCodon.part_lcl__NC_007363.1_cds_YP_308671.1_10,M1,matrix protein 1,173,negative,0,0.659,-,0.001,"I:L:1,I:I:9,I:V:1",1,0.667,I,"I:2074,L:1,V:1"
GCF_000864105.1_noTerminalStopCodon.part_lcl__NC_007363.1_cds_YP_308671.1_10,M1,matrix protein 1,174,negative,0,1.821,-,0,"R:R:31,K:R:2,R:S:1",1,0.667,R,"R:2072,K:2,?:1,S:1"
GCF_000864105.1_noTerminalStopCodon.part_lcl__NC_007363.1_cds_YP_308671.1_10,M1,matrix protein 1,175,negative,0,0.602,-,0.004,H:H:6,1,0.667,H,H:2076
GCF_000864105.1_noTerminalStopCodon.part_lcl__NC_007363.1_cds_YP_308671.1_10,M1,matrix protein 1,176,negative,0,1.796,-,0,E:E:26,1,0.667,E,E:2076
GCF_000864105.1_noTerminalStopCodon.part_lcl__NC_007363.1_cds_YP_308671.1_10,M1,matrix protein 1,177,negative,0,0.556,-,0.002,N:N:6,1,0.667,N,N:2076
GCF_000864105.1_noTerminalStopCodon.part_lcl__NC_007363.1_cds_YP_308671.1_10,M1,matrix protein 1,178,negative,0,1.111,-,0,R:R:21,1,0.667,R,R:2076
GCF_000864105.1_noTerminalStopCodon.part_lcl__NC_007363.1_cds_YP_308671.1_10,M1,matrix protein 1,179,neutral,0,0.061,-,1,"M:V:1,L:M:1",1,0.667,M,"M:2074,V:1,L:1"
GCF_000864105.1_noTerminalStopCodon.part_lcl__NC_007363.1_cds_YP_308671.1_10,M1,matrix protein 1,180,negative,0,1.367,-,0,V:V:21,1,0.667,V,V:2076
GCF_000864105.1_noTerminalStopCodon.part_lcl__NC_007363.1_cds_YP_308671.1_10,M1,matrix protein 1,181,negative,0,1.358,-,0,"L:L:30,L:M:1,L:P:1",1,0.667,L,"L:2073,M:1,-:1,P:1"
GCF_000864105.1_noTerminalStopCodon.part_lcl__NC_007363.1_cds_YP_308671.1_10,M1,matrix protein 1,182,negative,0.161,0.696,-,0.03,"A:T:6,A:A:10",1,0.649,A,"A:2065,T:9,?:1,-:1"
GCF_000864105.1_noTerminalStopCodon.part_lcl__NC_007363.1_cds_YP_308671.1_10,M1,matrix protein 1,183,negative,0,1.574,-,0,S:S:16,1,0.667,S,"S:2075,-:1"
GCF_000864105.1_noTerminalStopCodon.part_lcl__NC_007363.1_cds_YP_308671.1_10,M1,matrix protein 1,184,negative,0,1.429,-,0,"T:T:20,A:T:1",1,0.667,T,"T:2074,-:1,A:1"
GCF_000864105.1_noTerminalStopCodon.part_lcl__NC_007363.1_cds_YP_308671.1_10,M1,matrix protein 1,185,negative,0,1.469,-,0,"T:T:28,I:T:1",1,0.667,T,"T:2074,I:1,-:1"
GCF_000864105.1_noTerminalStopCodon.part_lcl__NC_007363.1_cds_YP_308671.1_10,M1,matrix protein 1,186,negative,0,1.414,-,0,"A:A:20,A:P:1",1,0.667,A,"A:2074,-:1,P:1"
GCF_000864105.1_noTerminalStopCodon.part_lcl__NC_007363.1_cds_YP_308671.1_10,M1,matrix protein 1,187,negative,0,1.324,-,0,K:K:17,1,0.667,K,"K:2075,-:1"
GCF_000864105.1_noTerminalStopCodon.part_lcl__NC_007363.1_cds_YP_308671.1_10,M1,matrix protein 1,188,negative,0,1.779,-,0,A:A:25,1,0.667,A,"A:2075,-:1"
GCF_000864105.1_noTerminalStopCodon.part_lcl__NC_007363.1_cds_YP_308671.1_10,M1,matrix protein 1,189,neutral,0,0,-,1,NA,1,1,M,"M:2075,-:1"
GCF_000864105.1_noTerminalStopCodon.part_lcl__NC_007363.1_cds_YP_308671.1_10,M1,matrix protein 1,190,negative,0,1.007,-,0,E:E:13,1,0.667,E,"E:2075,-:1"
GCF_000864105.1_noTerminalStopCodon.part_lcl__NC_007363.1_cds_YP_308671.1_10,M1,matrix protein 1,191,negative,0.134,1.633,-,0,"Q:Q:21,H:Q:3,K:Q:1,Q:R:1",1,0.667,Q,"Q:2067,H:6,K:1,-:1,R:1"
GCF_000864105.1_noTerminalStopCodon.part_lcl__NC_007363.1_cds_YP_308671.1_10,M1,matrix protein 1,192,neutral,0.059,0,-,0.861,"L:M:1,I:M:1,M:V:1",1,0.622,M,"M:2070,L:1,I:1,-:1,V:3"
GCF_000864105.1_noTerminalStopCodon.part_lcl__NC_007363.1_cds_YP_308671.1_10,M1,matrix protein 1,193,negative,0,1.861,-,0,"A:A:27,A:E:1",1,0.667,A,"A:2074,-:1,E:1"
GCF_000864105.1_noTerminalStopCodon.part_lcl__NC_007363.1_cds_YP_308671.1_10,M1,matrix protein 1,194,negative,0,1.54,-,0,G:G:29,1,0.667,G,"G:2075,-:1"
GCF_000864105.1_noTerminalStopCodon.part_lcl__NC_007363.1_cds_YP_308671.1_10,M1,matrix protein 1,195,negative,0.102,1.215,-,0,"S:S:22,S:T:1",1,0.667,S,"S:2073,-:1,T:2"
GCF_000864105.1_noTerminalStopCodon.part_lcl__NC_007363.1_cds_YP_308671.1_10,M1,matrix protein 1,196,negative,0,1.914,-,0,"S:S:19,N:S:1",1,0.667,S,"S:2074,-:1,N:1"
GCF_000864105.1_noTerminalStopCodon.part_lcl__NC_007363.1_cds_YP_308671.1_10,M1,matrix protein 1,197,negative,0,1.866,-,0,"E:E:24,E:G:1,E:Q:2,E:K:1",1,0.667,E,"E:2071,G:1,Q:2,K:1,-:1"
GCF_000864105.1_noTerminalStopCodon.part_lcl__NC_007363.1_cds_YP_308671.1_10,M1,matrix protein 1,198,negative,0,1.641,-,0,"Q:Q:23,P:Q:1,L:Q:1",1,0.667,Q,"Q:2073,P:1,-:1,L:1"
GCF_000864105.1_noTerminalStopCodon.part_lcl__NC_007363.1_cds_YP_308671.1_10,M1,matrix protein 1,199,negative,0,0.383,-,0.006,A:A:8,1,0.667,A,"A:2075,-:1"
GCF_000864105.1_noTerminalStopCodon.part_lcl__NC_007363.1_cds_YP_308671.1_10,M1,matrix protein 1,200,negative,0.492,1.639,-,0.003,"M:V:8,G:V:2,A:V:9,V:V:3,A:A:22,A:S:1,L:V:1",1,0.305,A,"V:1005,M:9,G:36,?:1,A:1022,S:1,-:1,L:1"
GCF_000864105.1_noTerminalStopCodon.part_lcl__NC_007363.1_cds_YP_308671.1_10,M1,matrix protein 1,201,negative,0,1.516,-,0,"E:E:24,E:K:1",1,0.667,E,"E:2074,-:1,K:1"
GCF_000864105.1_noTerminalStopCodon.part_lcl__NC_007363.1_cds_YP_308671.1_10,M1,matrix protein 1,202,negative,0,1.338,-,0,A:A:19,1,0.667,A,"A:2075,-:1"
GCF_000864105.1_noTerminalStopCodon.part_lcl__NC_007363.1_cds_YP_308671.1_10,M1,matrix protein 1,203,neutral,0.174,0,-,0.89,"I:M:4,L:M:2",1,0.592,M,"M:2060,I:9,L:6,-:1"
GCF_000864105.1_noTerminalStopCodon.part_lcl__NC_007363.1_cds_YP_308671.1_10,M1,matrix protein 1,204,negative,0,1.548,-,0,"E:E:20,D:E:1",1,0.667,E,"E:2067,-:1,?:7,D:1"
GCF_000864105.1_noTerminalStopCodon.part_lcl__NC_007363.1_cds_YP_308671.1_10,M1,matrix protein 1,205,negative,0.427,1.763,-,0.001,"V:V:20,I:V:10,I:I:3",1,0.616,V,"V:1717,I:355,?:3,-:1"
GCF_000864105.1_noTerminalStopCodon.part_lcl__NC_007363.1_cds_YP_308671.1_10,M1,matrix protein 1,206,negative,0,1.263,-,0,"A:A:18,A:P:1",1,0.667,A,"A:2074,-:1,P:1"
GCF_000864105.1_noTerminalStopCodon.part_lcl__NC_007363.1_cds_YP_308671.1_10,M1,matrix protein 1,207,neutral,0.562,1.211,-,0.091,"S:S:8,N:S:10,G:S:3,R:S:1,N:N:4",1,0.615,S,"S:1372,N:695,G:6,R:1,?:1,-:1"
GCF_000864105.1_noTerminalStopCodon.part_lcl__NC_007363.1_cds_YP_308671.1_10,M1,matrix protein 1,208,neutral,0.135,0.686,-,0.059,"Q:R:4,H:Q:1,Q:Q:9",1,0.667,Q,"Q:2068,R:5,H:1,?:1,-:1"
GCF_000864105.1_noTerminalStopCodon.part_lcl__NC_007363.1_cds_YP_308671.1_10,M1,matrix protein 1,209,negative,0.244,1.511,-,0,"A:A:21,A:T:3",1,0.667,A,"A:2069,-:1,T:6"
GCF_000864105.1_noTerminalStopCodon.part_lcl__NC_007363.1_cds_YP_308671.1_10,M1,matrix protein 1,210,negative,0,1.274,-,0,"R:R:20,K:R:2",1,0.667,R,"R:2072,K:2,?:1,-:1"
GCF_000864105.1_noTerminalStopCodon.part_lcl__NC_007363.1_cds_YP_308671.1_10,M1,matrix protein 1,211,negative,0.133,1.048,-,0.008,"Q:Q:14,K:Q:2,H:Q:2",1,0.667,Q,"Q:2070,K:2,H:3,-:1"
GCF_000864105.1_noTerminalStopCodon.part_lcl__NC_007363.1_cds_YP_308671.1_10,M1,matrix protein 1,212,neutral,0,0.061,-,1,M:V:2,1,0.667,M,"M:2073,V:2,-:1"
GCF_000864105.1_noTerminalStopCodon.part_lcl__NC_007363.1_cds_YP_308671.1_10,M1,matrix protein 1,213,negative,0,0.838,-,0,"V:V:13,A:V:1,G:V:1,E:V:1",1,0.667,V,"V:2072,A:1,-:1,G:1,E:1"
GCF_000864105.1_noTerminalStopCodon.part_lcl__NC_007363.1_cds_YP_308671.1_10,M1,matrix protein 1,214,negative,0,1.205,-,0,"Q:Q:15,H:Q:3",1,0.667,Q,"Q:2071,H:3,?:1,-:1"
GCF_000864105.1_noTerminalStopCodon.part_lcl__NC_007363.1_cds_YP_308671.1_10,M1,matrix protein 1,215,negative,0,1.665,-,0,"A:A:29,A:S:1",1,0.667,A,"A:2073,?:1,-:1,S:1"
GCF_000864105.1_noTerminalStopCodon.part_lcl__NC_007363.1_cds_YP_308671.1_10,M1,matrix protein 1,216,neutral,0,0,-,1,NA,1,1,M,"M:2075,-:1"
GCF_000864105.1_noTerminalStopCodon.part_lcl__NC_007363.1_cds_YP_308671.1_10,M1,matrix protein 1,217,negative,0,1.414,-,0,"R:R:22,G:R:1",1,0.667,R,"R:2074,G:1,-:1"
GCF_000864105.1_noTerminalStopCodon.part_lcl__NC_007363.1_cds_YP_308671.1_10,M1,matrix protein 1,218,negative,0.156,0.905,-,0.004,"A:T:7,T:T:16",1,0.667,T,"T:2063,A:12,-:1"
GCF_000864105.1_noTerminalStopCodon.part_lcl__NC_007363.1_cds_YP_308671.1_10,M1,matrix protein 1,219,negative,0.078,0.686,-,0.009,"I:V:5,I:I:7,I:M:1",1,0.667,I,"I:2060,V:14,-:1,M:1"
GCF_000864105.1_noTerminalStopCodon.part_lcl__NC_007363.1_cds_YP_308671.1_10,M1,matrix protein 1,220,negative,0,1.763,-,0,G:G:30,1,0.667,G,"G:2075,-:1"
GCF_000864105.1_noTerminalStopCodon.part_lcl__NC_007363.1_cds_YP_308671.1_10,M1,matrix protein 1,221,negative,0,0.775,-,0,T:T:11,1,0.667,T,"T:2075,-:1"
GCF_000864105.1_noTerminalStopCodon.part_lcl__NC_007363.1_cds_YP_308671.1_10,M1,matrix protein 1,222,negative,0,2.4,-,0,"H:H:23,H:Q:1",1,0.667,H,"H:2074,Q:1,-:1"
GCF_000864105.1_noTerminalStopCodon.part_lcl__NC_007363.1_cds_YP_308671.1_10,M1,matrix protein 1,223,negative,0.21,1.414,-,0.001,"P:P:20,H:P:7",1,0.667,P,"P:2065,H:10,-:1"
GCF_000864105.1_noTerminalStopCodon.part_lcl__NC_007363.1_cds_YP_308671.1_10,M1,matrix protein 1,224,negative,0.144,1.834,-,0,"S:S:5,G:S:1,N:S:9,N:N:14",1,0.667,S,"S:1371,G:1,N:697,-:7"
GCF_000864105.1_noTerminalStopCodon.part_lcl__NC_007363.1_cds_YP_308671.1_10,M1,matrix protein 1,225,negative,0.091,0.914,-,0.002,"P:S:1,S:S:13,S:T:1",1,0.667,S,"S:2066,P:1,T:2,-:7"
GCF_000864105.1_noTerminalStopCodon.part_lcl__NC_007363.1_cds_YP_308671.1_10,M1,matrix protein 1,226,negative,0,0.702,-,0,"S:S:7,N:S:1",1,0.667,S,"S:2068,-:7,N:1"
GCF_000864105.1_noTerminalStopCodon.part_lcl__NC_007363.1_cds_YP_308671.1_10,M1,matrix protein 1,227,neutral,0.914,0.688,-,0.52,"A:A:8,A:T:18,A:P:1,T:T:2,A:S:1",1,0.414,A,"A:1738,T:328,-:7,P:1,S:2"
GCF_000864105.1_noTerminalStopCodon.part_lcl__NC_007363.1_cds_YP_308671.1_10,M1,matrix protein 1,228,negative,0,0.704,-,0,G:G:10,1,0.667,G,"G:2069,-:7"
GCF_000864105.1_noTerminalStopCodon.part_lcl__NC_007363.1_cds_YP_308671.1_10,M1,matrix protein 1,229,negative,0.152,0.776,-,0.043,"L:L:17,L:M:2",1,0.667,L,"L:2065,?:1,-:7,M:3"
GCF_000864105.1_noTerminalStopCodon.part_lcl__NC_007363.1_cds_YP_308671.1_10,M1,matrix protein 1,230,neutral,0.156,0.265,-,0.522,"K:R:5,R:R:3,K:K:2",1,0.667,R,"R:1985,K:81,-:7,?:3"
GCF_000864105.1_noTerminalStopCodon.part_lcl__NC_007363.1_cds_YP_308671.1_10,M1,matrix protein 1,231,negative,0,1.214,-,0,"D:D:12,D:E:1,D:V:1,D:N:1",1,0.667,D,"D:2066,E:1,-:7,V:1,N:1"
GCF_000864105.1_noTerminalStopCodon.part_lcl__NC_007363.1_cds_YP_308671.1_10,M1,matrix protein 1,232,negative,0.075,1.843,-,0,"D:D:7,D:N:1,N:N:11,I:N:1",1,0.667,D,"D:1370,N:698,I:1,-:7"
GCF_000864105.1_noTerminalStopCodon.part_lcl__NC_007363.1_cds_YP_308671.1_10,M1,matrix protein 1,233,negative,0,0.561,-,0.006,L:L:8,1,0.667,L,"?:10,L:2059,-:7"
GCF_000864105.1_noTerminalStopCodon.part_lcl__NC_007363.1_cds_YP_308671.1_10,M1,matrix protein 1,234,neutral,0.222,0.07,-,0.327,"L:L:1,I:L:3",1,0.311,L,"L:2059,-:7,I:10"
GCF_000864105.1_noTerminalStopCodon.part_lcl__NC_007363.1_cds_YP_308671.1_10,M1,matrix protein 1,235,neutral,0,0,-,1,NA,1,1,E,"E:2069,-:7"
GCF_000864105.1_noTerminalStopCodon.part_lcl__NC_007363.1_cds_YP_308671.1_10,M1,matrix protein 1,236,negative,0,0.912,-,0,"N:N:9,D:N:1,K:N:1",1,0.667,N,"N:2067,D:1,-:7,K:1"
GCF_000864105.1_noTerminalStopCodon.part_lcl__NC_007363.1_cds_YP_308671.1_10,M1,matrix protein 1,237,negative,0,0.683,-,0.004,"L:L:16,L:V:1,L:W:1",1,0.667,L,"L:2067,V:1,-:7,W:1"
GCF_000864105.1_noTerminalStopCodon.part_lcl__NC_007363.1_cds_YP_308671.1_10,M1,matrix protein 1,238,neutral,0,0.075,-,0.347,Q:Q:1,1,0.667,Q,"Q:2069,-:7"
GCF_000864105.1_noTerminalStopCodon.part_lcl__NC_007363.1_cds_YP_308671.1_10,M1,matrix protein 1,239,negative,0,1.015,-,0,"A:A:15,A:T:5,A:V:1",1,0.667,A,"A:2063,T:5,-:7,V:1"
GCF_000864105.1_noTerminalStopCodon.part_lcl__NC_007363.1_cds_YP_308671.1_10,M1,matrix protein 1,240,negative,0,1.498,-,0,"Y:Y:16,F:Y:1,H:Y:1",1,0.667,Y,"Y:2067,-:7,F:1,H:1"
GCF_000864105.1_noTerminalStopCodon.part_lcl__NC_007363.1_cds_YP_308671.1_10,M1,matrix protein 1,241,negative,0,1.006,-,0.001,"Q:Q:14,H:Q:1",1,0.667,Q,"Q:2068,-:7,H:1"
GCF_000864105.1_noTerminalStopCodon.part_lcl__NC_007363.1_cds_YP_308671.1_10,M1,matrix protein 1,242,neutral,0.537,0.549,-,0.965,"K:N:17,K:R:3,K:K:9,K:T:1",0.1355421806923873,0.654,K,"K:2032,N:32,R:3,T:2,-:7"
GCF_000864105.1_noTerminalStopCodon.part_lcl__NC_007363.1_cds_YP_308671.1_10,M1,matrix protein 1,243,negative,0,1.043,-,0,"R:R:22,R:W:1",1,0.667,R,"R:2068,W:1,-:7"
GCF_000864105.1_noTerminalStopCodon.part_lcl__NC_007363.1_cds_YP_308671.1_10,M1,matrix protein 1,244,neutral,0,0.061,-,1,"L:M:1,I:M:1",1,0.667,M,"M:2067,L:1,I:1,-:7"
GCF_000864105.1_noTerminalStopCodon.part_lcl__NC_007363.1_cds_YP_308671.1_10,M1,matrix protein 1,245,negative,0,0.736,-,0,G:G:15,1,0.667,G,"G:2069,-:7"
GCF_000864105.1_noTerminalStopCodon.part_lcl__NC_007363.1_cds_YP_308671.1_10,M1,matrix protein 1,246,negative,0.088,0.577,-,0.025,"V:V:8,L:V:2,G:V:1,L:L:1,M:V:1",1,0.667,V,"V:2062,L:4,G:1,-:7,?:1,M:1"
GCF_000864105.1_noTerminalStopCodon.part_lcl__NC_007363.1_cds_YP_308671.1_10,M1,matrix protein 1,247,negative,0,1.359,-,0,Q:Q:20,1,0.667,Q,"Q:2069,-:7"
GCF_000864105.1_noTerminalStopCodon.part_lcl__NC_007363.1_cds_YP_308671.1_10,M1,matrix protein 1,248,neutral,0.275,0.433,-,0.538,"L:L:4,L:M:3,I:M:3,M:V:1",1,0.667,L,"L:1304,M:759,I:5,-:7,V:1"
GCF_000864105.1_noTerminalStopCodon.part_lcl__NC_007363.1_cds_YP_308671.1_10,M1,matrix protein 1,249,negative,0.135,0.768,-,0.038,"Q:Q:10,Q:R:2,H:Q:4",1,0.667,Q,"Q:2060,-:7,R:2,H:7"
GCF_000864105.1_noTerminalStopCodon.part_lcl__NC_007363.1_cds_YP_308671.1_10,M1,matrix protein 1,250,negative,0,0.811,-,0.002,R:R:20,1,0.667,R,"R:2069,-:7"
GCF_000864105.1_noTerminalStopCodon.part_lcl__NC_007363.1_cds_YP_308671.1_10,M1,matrix protein 1,251,neutral,0,0.092,-,0.232,F:F:1,1,0.667,F,"F:2069,-:7"
GCF_000864105.1_noTerminalStopCodon.part_lcl__NC_007363.1_cds_YP_308671.1_10,M1,matrix protein 1,252,negative,0,0.768,-,0,"K:R:4,K:K:10",1,0.667,K,"K:2065,R:4,-:7"
GCF_000864105.1_noTerminalStopCodon.part_lcl__NC_007364.1_cds_YP_308672.1_11,NEP,nonstructural protein 2,1,neutral,0,0,-,1,"A:V:6,A:E:5,A:A:1,E:L:1,E:G:12,G:G:1,E:V:1,E:E:1,A:L:2",1,1,E,"A:408,V:8,E:935,L:24,G:48,-:1,?:6"
GCF_000864105.1_noTerminalStopCodon.part_lcl__NC_007364.1_cds_YP_308672.1_11,NEP,nonstructural protein 2,2,neutral,0.39,0.09,-,0.168,"K:R:11,E:K:2,K:K:1",1,0.089,K,"K:1347,R:78,-:3,E:2"
GCF_000864105.1_noTerminalStopCodon.part_lcl__NC_007364.1_cds_YP_308672.1_11,NEP,nonstructural protein 2,3,neutral,0.773,0.734,-,0.93,"F:S:13,S:Y:5,I:S:1,S:S:5,L:S:2,F:Y:2",1,0.601,S,"F:428,S:970,Y:25,-:3,I:1,L:2,?:1"
GCF_000864105.1_noTerminalStopCodon.part_lcl__NC_007364.1_cds_YP_308672.1_11,NEP,nonstructural protein 2,4,neutral,0.2,0.007,-,0.443,"H:Y:6,H:S:1,H:L:1",1,0.4,H,"H:1395,Y:9,-:3,S:1,L:22"
GCF_000864105.1_noTerminalStopCodon.part_lcl__NC_007364.1_cds_YP_308672.1_11,NEP,nonstructural protein 2,5,neutral,0.835,1.596,-,0.185,"H:H:8,H:R:17,H:Q:5,H:P:3,R:R:1,H:Y:1,H:N:1,L:P:1",1,0.667,H,"H:1312,R:73,Q:6,-:3,P:22,Y:1,N:11,L:2"
GCF_000864105.1_noTerminalStopCodon.part_lcl__NC_007364.1_cds_YP_308672.1_11,NEP,nonstructural protein 2,6,neutral,0.513,0.725,-,0.629,"C:Y:13,H:Y:3,Y:Y:3,L:Y:1,C:F:1,C:C:1",1,0.667,Y,"C:404,Y:996,H:3,-:3,L:1,F:22,?:1"
GCF_000864105.1_noTerminalStopCodon.part_lcl__NC_007364.1_cds_YP_308672.1_11,NEP,nonstructural protein 2,7,positive,0.789,0,-,0.002,"L:P:12,I:L:4,F:L:3,P:T:1,H:L:1",1,0.002,L,"L:1326,?:1,P:91,-:3,I:4,F:3,T:1,H:1"
GCF_000864105.1_noTerminalStopCodon.part_lcl__NC_007364.1_cds_YP_308672.1_11,NEP,nonstructural protein 2,8,negative,1.048,2.638,-,0.013,"F:L:8,L:L:22,L:P:10,I:L:10,L:S:1,I:I:1,P:P:1,I:V:1",1,0.667,L,"L:1309,F:28,P:49,I:38,-:3,?:1,S:1,V:1"
GCF_000864105.1_noTerminalStopCodon.part_lcl__NC_007364.1_cds_YP_308672.1_11,NEP,nonstructural protein 2,9,negative,0.234,1.279,-,0.019,"F:L:1,F:F:6,F:S:1,C:F:1,C:Y:1",1,0.667,F,"F:1405,L:1,-:1,S:1,C:19,Y:3"
GCF_000864105.1_noTerminalStopCodon.part_lcl__NC_007364.1_cds_YP_308672.1_11,NEP,nonstructural protein 2,10,neutral,0,0,-,1,NA,1,1,Q,"Q:1429,-:1"
GCF_000864105.1_noTerminalStopCodon.part_lcl__NC_007364.1_cds_YP_308672.1_11,NEP,nonstructural protein 2,11,neutral,0,0,-,1,"D:E:1,A:D:1,D:G:7",1,0.667,D,"D:1420,E:1,A:1,G:7,-:1"
GCF_000864105.1_noTerminalStopCodon.part_lcl__NC_007364.1_cds_YP_308672.1_11,NEP,nonstructural protein 2,12,neutral,0,0.413,-,0.067,"I:T:3,I:I:1",1,0.667,I,"I:1426,T:3,-:1"
GCF_000864105.1_noTerminalStopCodon.part_lcl__NC_007364.1_cds_YP_308672.1_11,NEP,nonstructural protein 2,13,negative,0,1.048,-,0.006,"L:L:26,L:M:1",1,0.667,L,"L:1426,-:1,?:2,M:1"
GCF_000864105.1_noTerminalStopCodon.part_lcl__NC_007364.1_cds_YP_308672.1_11,NEP,nonstructural protein 2,14,positive,1.957,0,-,0,"M:V:20,L:M:2,K:M:4,I:M:5,M:T:6,M:R:1,A:V:5,G:V:2,E:G:1,A:M:1,M:Q:1",1,0,M,"M:1035,V:278,L:2,K:5,I:11,T:6,R:1,A:40,G:29,E:1,Q:21,-:1"
GCF_000864105.1_noTerminalStopCodon.part_lcl__NC_007364.1_cds_YP_308672.1_11,NEP,nonstructural protein 2,15,neutral,0,0.256,-,0.05,"R:R:4,K:R:1",1,0.667,R,"R:1428,K:1,-:1"
GCF_000864105.1_noTerminalStopCodon.part_lcl__NC_007364.1_cds_YP_308672.1_11,NEP,nonstructural protein 2,16,neutral,0,0.036,-,1,I:M:2,1,0.667,M,"M:1427,I:2,-:1"
GCF_000864105.1_noTerminalStopCodon.part_lcl__NC_007364.1_cds_YP_308672.1_11,NEP,nonstructural protein 2,17,neutral,0,0.15,-,0.151,S:S:2,1,0.667,S,"S:1429,-:1"
GCF_000864105.1_noTerminalStopCodon.part_lcl__NC_007364.1_cds_YP_308672.1_11,NEP,nonstructural protein 2,18,neutral,0.129,0.456,-,0.194,"K:K:5,K:R:3,K:N:1",1,0.643,K,"K:1419,R:9,N:1,-:1"
GCF_000864105.1_noTerminalStopCodon.part_lcl__NC_007364.1_cds_YP_308672.1_11,NEP,nonstructural protein 2,19,neutral,0.081,0,-,0.934,"M:V:3,I:M:2,L:M:9",1,0.65,M,"M:1413,V:6,I:2,L:9"
GCF_000864105.1_noTerminalStopCodon.part_lcl__NC_007364.1_cds_YP_308672.1_11,NEP,nonstructural protein 2,20,neutral,0.188,0.273,-,0.741,"Q:Q:3,P:Q:1,Q:R:1,E:Q:1",1,0.667,Q,"Q:1426,P:1,R:2,E:1"
GCF_000864105.1_noTerminalStopCodon.part_lcl__NC_007364.1_cds_YP_308672.1_11,NEP,nonstructural protein 2,21,neutral,0,0.091,-,0.459,L:L:2,1,0.667,L,L:1430
GCF_000864105.1_noTerminalStopCodon.part_lcl__NC_007364.1_cds_YP_308672.1_11,NEP,nonstructural protein 2,22,neutral,1.122,1.544,-,0.393,"E:G:12,G:G:11,G:R:1,A:G:3,A:T:2,A:E:4,A:A:8,E:E:1",1,0.667,G,"G:985,E:71,R:1,A:368,T:3,?:2"
GCF_000864105.1_noTerminalStopCodon.part_lcl__NC_007364.1_cds_YP_308672.1_11,NEP,nonstructural protein 2,23,positive,0.284,0,-,0.044,"F:S:4,S:Y:4",1,0.053,S,"S:1417,F:4,Y:9"
GCF_000864105.1_noTerminalStopCodon.part_lcl__NC_007364.1_cds_YP_308672.1_11,NEP,nonstructural protein 2,24,neutral,0,0.15,-,0.151,"S:S:2,L:S:1",1,0.667,S,"S:1429,L:1"
GCF_000864105.1_noTerminalStopCodon.part_lcl__NC_007364.1_cds_YP_308672.1_11,NEP,nonstructural protein 2,25,negative,0,0.28,-,0.047,"S:S:4,L:S:1,P:S:2",1,0.667,S,"S:1427,L:1,P:2"
GCF_000864105.1_noTerminalStopCodon.part_lcl__NC_007364.1_cds_YP_308672.1_11,NEP,nonstructural protein 2,26,neutral,0.413,0.149,-,0.258,"E:V:2,E:G:12,E:E:2",1,0.241,E,"E:1387,V:23,G:20"
GCF_000864105.1_noTerminalStopCodon.part_lcl__NC_007364.1_cds_YP_308672.1_11,NEP,nonstructural protein 2,27,neutral,1.099,1.242,-,0.806,"D:G:23,D:D:7,A:D:1",0.2090821509578449,0.101,D,"D:1381,G:48,A:1"
GCF_000864105.1_noTerminalStopCodon.part_lcl__NC_007364.1_cds_YP_308672.1_11,NEP,nonstructural protein 2,28,neutral,0,0.229,-,0.242,"L:L:5,L:S:1,L:W:1",1,0.667,L,"L:1428,S:1,W:1"
GCF_000864105.1_noTerminalStopCodon.part_lcl__NC_007364.1_cds_YP_308672.1_11,NEP,nonstructural protein 2,29,neutral,0.117,0,-,0.297,"N:Y:1,N:S:5,H:N:1,G:S:1",1,0.288,N,"N:1422,Y:1,S:5,H:1,G:1"
GCF_000864105.1_noTerminalStopCodon.part_lcl__NC_007364.1_cds_YP_308672.1_11,NEP,nonstructural protein 2,30,neutral,0,0,-,1,NA,1,0.667,G,"G:1429,-:1"
GCF_000864105.1_noTerminalStopCodon.part_lcl__NC_007364.1_cds_YP_308672.1_11,NEP,nonstructural protein 2,31,neutral,0.081,0.039,-,0.985,I:M:10,1,0.663,M,"M:1416,I:13,-:1"
GCF_000864105.1_noTerminalStopCodon.part_lcl__NC_007364.1_cds_YP_308672.1_11,NEP,nonstructural protein 2,32,neutral,0.273,0,-,0.286,"I:V:8,I:T:2",1,0.096,I,"I:1416,V:11,T:2,-:1"
GCF_000864105.1_noTerminalStopCodon.part_lcl__NC_007364.1_cds_YP_308672.1_11,NEP,nonstructural protein 2,33,neutral,0,0.156,-,0.118,"I:T:4,T:T:2",1,0.667,T,"T:1425,I:4,-:1"
GCF_000864105.1_noTerminalStopCodon.part_lcl__NC_007364.1_cds_YP_308672.1_11,NEP,nonstructural protein 2,34,neutral,1,0.452,-,0.204,"Q:Q:6,Q:R:7,L:Q:3,H:Q:1",1,0.172,Q,"Q:1370,R:55,L:3,H:1,-:1"
GCF_000864105.1_noTerminalStopCodon.part_lcl__NC_007364.1_cds_YP_308672.1_11,NEP,nonstructural protein 2,35,neutral,0.361,0,-,0.067,F:L:4,1,0.077,F,"F:1350,L:77,?:2,-:1"
GCF_000864105.1_noTerminalStopCodon.part_lcl__NC_007364.1_cds_YP_308672.1_11,NEP,nonstructural protein 2,36,neutral,1.431,1.225,-,0.703,"E:E:12,E:K:10,E:G:13,K:K:1,G:G:3,G:R:4,K:R:1,K:Q:1",1,0.149,E,"E:1085,K:102,G:234,R:6,?:1,Q:1,-:1"
GCF_000864105.1_noTerminalStopCodon.part_lcl__NC_007364.1_cds_YP_308672.1_11,NEP,nonstructural protein 2,37,neutral,0.204,0.54,-,0.217,"S:Y:2,S:S:5,C:S:1,R:S:2",1,0.068,S,"S:1404,Y:2,C:1,R:22,-:1"
GCF_000864105.1_noTerminalStopCodon.part_lcl__NC_007364.1_cds_YP_308672.1_11,NEP,nonstructural protein 2,38,neutral,0,0.273,-,0.156,L:L:7,1,0.667,L,"L:1429,-:1"
GCF_000864105.1_noTerminalStopCodon.part_lcl__NC_007364.1_cds_YP_308672.1_11,NEP,nonstructural protein 2,39,neutral,0.383,0.911,-,0.165,"K:K:8,K:R:9,R:R:2,K:Q:1",1,0.433,K,"K:1281,R:147,Q:1,-:1"
GCF_000864105.1_noTerminalStopCodon.part_lcl__NC_007364.1_cds_YP_308672.1_11,NEP,nonstructural protein 2,40,negative,0.568,2.651,-,0.001,"L:L:33,I:L:7,F:L:6",1,0.667,L,"L:1382,?:1,I:38,F:8,-:1"
GCF_000864105.1_noTerminalStopCodon.part_lcl__NC_007364.1_cds_YP_308672.1_11,NEP,nonstructural protein 2,41,neutral,0,0,-,1,NA,1,0.667,Y,"Y:1427,-:1,?:2"
GCF_000864105.1_noTerminalStopCodon.part_lcl__NC_007364.1_cds_YP_308672.1_11,NEP,nonstructural protein 2,42,neutral,0,0,-,1,"K:R:3,I:R:1",1,0.667,R,"R:1423,K:3,I:1,-:3"
GCF_000864105.1_noTerminalStopCodon.part_lcl__NC_007364.1_cds_YP_308672.1_11,NEP,nonstructural protein 2,43,negative,0,0.655,-,0.008,"D:D:4,D:V:1,D:G:1,D:N:2,D:E:1",1,0.667,D,"D:1421,?:1,V:1,G:1,N:2,E:1,-:3"
GCF_000864105.1_noTerminalStopCodon.part_lcl__NC_007364.1_cds_YP_308672.1_11,NEP,nonstructural protein 2,44,negative,0.221,1.143,-,0.008,"S:S:16,L:S:6,S:T:3",1,0.667,S,"S:1390,L:7,T:30,-:3"
GCF_000864105.1_noTerminalStopCodon.part_lcl__NC_007364.1_cds_YP_308672.1_11,NEP,nonstructural protein 2,45,neutral,0,0.217,-,0.108,"F:L:1,L:L:2,I:L:1",1,0.667,L,"L:1423,F:1,?:2,-:3,I:1"
GCF_000864105.1_noTerminalStopCodon.part_lcl__NC_007364.1_cds_YP_308672.1_11,NEP,nonstructural protein 2,46,negative,0,1.143,-,0,G:G:15,1,0.667,G,"G:1425,-:4,?:1"
GCF_000864105.1_noTerminalStopCodon.part_lcl__NC_007364.1_cds_YP_308672.1_11,NEP,nonstructural protein 2,47,neutral,0.38,1.154,-,0.061,"E:K:6,E:E:12,E:G:3,D:E:1",1,0.445,E,"E:1411,?:2,K:6,-:4,G:6,D:1"
GCF_000864105.1_noTerminalStopCodon.part_lcl__NC_007364.1_cds_YP_308672.1_11,NEP,nonstructural protein 2,48,neutral,0.654,1.293,-,0.123,"A:S:8,A:A:14,S:S:1,A:T:8,A:V:2,S:T:1,A:E:1",1,0.667,A,"A:1303,?:2,S:30,T:86,-:4,V:4,E:1"
GCF_000864105.1_noTerminalStopCodon.part_lcl__NC_007364.1_cds_YP_308672.1_11,NEP,nonstructural protein 2,49,neutral,0.588,1.098,-,0.247,"V:V:14,L:V:4,A:V:6,I:V:2,M:V:6",1,0.261,V,"V:1343,L:62,A:8,I:2,-:4,M:11"
GCF_000864105.1_noTerminalStopCodon.part_lcl__NC_007364.1_cds_YP_308672.1_11,NEP,nonstructural protein 2,50,neutral,0.081,0.002,-,0.897,"I:M:4,M:V:1",1,0.618,M,"M:1411,?:1,I:4,V:11,-:3"
GCF_000864105.1_noTerminalStopCodon.part_lcl__NC_007364.1_cds_YP_308672.1_11,NEP,nonstructural protein 2,51,negative,0,2.548,-,0,"R:R:37,K:R:1",1,0.667,R,"R:1426,K:1,-:3"
GCF_000864105.1_noTerminalStopCodon.part_lcl__NC_007364.1_cds_YP_308672.1_11,NEP,nonstructural protein 2,52,neutral,1.501,1.217,-,0.716,"I:M:9,M:V:20,M:T:4,V:V:3,T:T:1,I:V:2,L:M:1,L:V:1",1,0.497,M,"M:1080,I:34,V:277,T:8,L:27,?:4"
GCF_000864105.1_noTerminalStopCodon.part_lcl__NC_007364.1_cds_YP_308672.1_11,NEP,nonstructural protein 2,53,negative,0.101,0.918,-,0.004,"G:G:12,G:R:7",1,0.667,G,"G:1420,R:9,?:1"
GCF_000864105.1_noTerminalStopCodon.part_lcl__NC_007364.1_cds_YP_308672.1_11,NEP,nonstructural protein 2,54,negative,0.107,2.085,-,0,"D:D:11,D:G:1,D:E:4,D:N:2,E:E:1",1,0.667,D,"D:1323,G:1,E:104,N:2"
GCF_000864105.1_noTerminalStopCodon.part_lcl__NC_007364.1_cds_YP_308672.1_11,NEP,nonstructural protein 2,55,negative,0.483,2.205,-,0.002,"L:L:15,F:L:11,F:F:4,F:S:1,I:L:1",1,0.667,L,"L:1043,F:385,S:1,I:1"
GCF_000864105.1_noTerminalStopCodon.part_lcl__NC_007364.1_cds_YP_308672.1_11,NEP,nonstructural protein 2,56,negative,0.094,3.166,-,0,"H:H:17,H:Y:4,H:R:1",1,0.667,H,"H:1421,Y:8,R:1"
GCF_000864105.1_noTerminalStopCodon.part_lcl__NC_007364.1_cds_YP_308672.1_11,NEP,nonstructural protein 2,57,negative,0.094,1.289,-,0,"S:S:12,S:T:2,N:T:1",1,0.667,S,"S:1420,T:9,N:1"
GCF_000864105.1_noTerminalStopCodon.part_lcl__NC_007364.1_cds_YP_308672.1_11,NEP,nonstructural protein 2,58,negative,0.363,2.125,-,0.001,"F:L:6,I:L:2,L:L:20,F:F:1",1,0.407,L,"L:1387,F:40,I:2,?:1"
GCF_000864105.1_noTerminalStopCodon.part_lcl__NC_007364.1_cds_YP_308672.1_11,NEP,nonstructural protein 2,59,neutral,0.187,0.922,-,0.062,"Q:Q:10,K:Q:1,H:Q:1,H:N:1,L:Q:1",1,0.667,Q,"Q:1403,K:1,?:1,H:23,N:1,L:1"
GCF_000864105.1_noTerminalStopCodon.part_lcl__NC_007364.1_cds_YP_308672.1_11,NEP,nonstructural protein 2,60,neutral,1.754,0.871,-,0.128,"N:S:19,R:S:6,S:S:4,I:S:4,I:T:9,I:N:1,I:I:2,I:L:1,H:R:1,G:S:1",1,0.035,S,"S:947,N:39,R:27,I:363,T:46,L:6,H:1,G:1"
GCF_000864105.1_noTerminalStopCodon.part_lcl__NC_007364.1_cds_YP_308672.1_11,NEP,nonstructural protein 2,61,negative,0.103,0.764,-,0.014,"R:R:10,K:R:5",1,0.667,R,"R:1424,K:6"
GCF_000864105.1_noTerminalStopCodon.part_lcl__NC_007364.1_cds_YP_308672.1_11,NEP,nonstructural protein 2,62,negative,0.109,1.972,-,0,"N:N:11,N:T:1",1,0.667,N,"N:1378,T:52"
GCF_000864105.1_noTerminalStopCodon.part_lcl__NC_007364.1_cds_YP_308672.1_11,NEP,nonstructural protein 2,63,neutral,0.894,0.792,-,0.806,"G:G:9,E:G:11,G:R:13,A:G:1",1,0.496,G,"G:1313,?:1,E:68,R:26,A:22"
GCF_000864105.1_noTerminalStopCodon.part_lcl__NC_007364.1_cds_YP_308672.1_11,NEP,nonstructural protein 2,64,neutral,0.739,1.333,-,0.212,"K:K:12,K:R:6,E:K:3,K:T:3,K:N:3,N:N:2,N:S:1",1,0.667,K,"K:1273,R:7,E:3,T:39,N:106,S:1,?:1"
GCF_000864105.1_noTerminalStopCodon.part_lcl__NC_007364.1_cds_YP_308672.1_11,NEP,nonstructural protein 2,65,neutral,0,0,-,1,NA,1,1,W,W:1430
GCF_000864105.1_noTerminalStopCodon.part_lcl__NC_007364.1_cds_YP_308672.1_11,NEP,nonstructural protein 2,66,negative,0,1.166,-,0,"R:R:18,K:R:1",1,0.667,R,"R:1429,K:1"
GCF_000864105.1_noTerminalStopCodon.part_lcl__NC_007364.1_cds_YP_308672.1_11,NEP,nonstructural protein 2,67,neutral,1.4,1.495,-,0.869,"E:G:19,E:E:12,E:K:1,G:G:3,D:E:4,D:D:1,D:G:1,D:N:3",1,0.655,E,"E:1154,G:260,K:1,D:12,N:3"
GCF_000864105.1_noTerminalStopCodon.part_lcl__NC_007364.1_cds_YP_308672.1_11,NEP,nonstructural protein 2,68,negative,0.201,1.282,-,0.018,"Q:Q:12,Q:R:1,E:Q:1,E:E:1,K:Q:1",1,0.667,Q,"Q:1405,?:1,R:1,E:22,K:1"
GCF_000864105.1_noTerminalStopCodon.part_lcl__NC_007364.1_cds_YP_308672.1_11,NEP,nonstructural protein 2,69,negative,0,1.075,-,0.012,"L:L:23,L:V:1",1,0.667,L,"L:1429,V:1"
GCF_000864105.1_noTerminalStopCodon.part_lcl__NC_007364.1_cds_YP_308672.1_11,NEP,nonstructural protein 2,70,negative,0.444,4.454,-,0,"S:S:26,G:S:12,C:S:2",1,0.667,S,"S:1395,G:32,C:2,?:1"
GCF_000864105.1_noTerminalStopCodon.part_lcl__NC_007364.1_cds_YP_308672.1_11,NEP,nonstructural protein 2,71,neutral,0.623,0.769,-,0.747,"L:M:1,L:Q:3,Q:Q:10,H:Q:1",1,0.655,Q,"L:3,M:2,Q:1422,H:3"
GCF_000864105.1_noTerminalStopCodon.part_lcl__NC_007364.1_cds_YP_308672.1_11,NEP,nonstructural protein 2,72,negative,0.138,0.915,-,0.019,"K:K:12,K:R:4,K:Q:1",1,0.667,K,"K:1411,R:18,Q:1"
GCF_000864105.1_noTerminalStopCodon.part_lcl__NC_007364.1_cds_YP_308672.1_11,NEP,nonstructural protein 2,73,negative,0,0.489,-,0.026,F:F:3,1,0.667,F,"F:1429,-:1"
GCF_000864105.1_noTerminalStopCodon.part_lcl__NC_007364.1_cds_YP_308672.1_11,NEP,nonstructural protein 2,74,negative,0,1.404,-,0,"E:E:15,D:E:1",1,0.667,E,"E:1411,-:18,D:1"
GCF_000864105.1_noTerminalStopCodon.part_lcl__NC_007364.1_cds_YP_308672.1_11,NEP,nonstructural protein 2,75,negative,0,0.91,-,0.001,"E:G:1,D:E:2,E:E:10",1,0.667,E,"E:1408,G:1,D:2,-:19"
GCF_000864105.1_noTerminalStopCodon.part_lcl__NC_007364.1_cds_YP_308672.1_11,NEP,nonstructural protein 2,76,neutral,0.588,0.707,-,0.825,"I:V:4,I:M:10,I:T:1,I:L:1,I:I:2",1,0.667,I,"I:1365,V:4,M:40,-:19,T:1,L:1"
GCF_000864105.1_noTerminalStopCodon.part_lcl__NC_007364.1_cds_YP_308672.1_11,NEP,nonstructural protein 2,77,negative,0.317,1.537,-,0.002,"R:R:19,K:R:7,K:K:1",1,0.582,R,"R:1390,-:19,K:21"
GCF_000864105.1_noTerminalStopCodon.part_lcl__NC_007364.1_cds_YP_308672.1_11,NEP,nonstructural protein 2,78,neutral,0.197,0.002,-,0.889,"L:W:1,G:W:1",1,0.622,W,"W:1405,L:4,-:20,G:1"
GCF_000864105.1_noTerminalStopCodon.part_lcl__NC_007364.1_cds_YP_308672.1_11,NEP,nonstructural protein 2,79,negative,0.219,1.24,-,0.025,"L:M:4,L:L:29",1,0.667,L,"L:1405,M:5,-:20"
GCF_000864105.1_noTerminalStopCodon.part_lcl__NC_007364.1_cds_YP_308672.1_11,NEP,nonstructural protein 2,80,negative,0,0.521,-,0.02,"I:I:4,I:V:1",1,0.667,I,"I:1408,-:21,V:1"
GCF_000864105.1_noTerminalStopCodon.part_lcl__NC_007364.1_cds_YP_308672.1_11,NEP,nonstructural protein 2,81,neutral,0.639,1.622,-,0.054,"E:E:13,E:G:11,D:E:1,A:E:1,A:A:2,A:T:1",1,0.667,E,"E:1363,?:1,G:22,-:21,D:2,A:20,T:1"
GCF_000864105.1_noTerminalStopCodon.part_lcl__NC_007364.1_cds_YP_308672.1_11,NEP,nonstructural protein 2,82,neutral,0.632,1.095,-,0.292,"E:G:8,E:E:12,G:R:2,R:S:1,E:Q:1,D:E:2",1,0.274,E,"E:1194,G:208,S:1,R:2,-:21,Q:2,D:2"
GCF_000864105.1_noTerminalStopCodon.part_lcl__NC_007364.1_cds_YP_308672.1_11,NEP,nonstructural protein 2,83,neutral,1.437,1.521,-,0.888,"V:V:16,M:V:4,L:V:2,I:V:7,I:M:1,A:V:1,C:V:1,C:C:1",1,0.026,V,"V:1284,M:8,L:2,-:21,I:93,A:1,C:21"
GCF_000864105.1_noTerminalStopCodon.part_lcl__NC_007364.1_cds_YP_308672.1_11,NEP,nonstructural protein 2,84,negative,0,1.287,-,0,R:R:20,1,0.667,R,"R:1408,-:21,?:1"
GCF_000864105.1_noTerminalStopCodon.part_lcl__NC_007364.1_cds_YP_308672.1_11,NEP,nonstructural protein 2,85,negative,0.619,2.525,-,0.003,"H:R:2,H:Y:9,H:H:11,H:N:5,H:Q:3,N:N:3,N:S:1",1,0.667,H,"H:1353,R:3,Y:11,?:2,N:23,-:21,Q:15,S:2"
GCF_000864105.1_noTerminalStopCodon.part_lcl__NC_007364.1_cds_YP_308672.1_11,NEP,nonstructural protein 2,86,negative,0.209,1.721,-,0,"R:R:19,K:R:9,I:R:1,I:V:1",1,0.667,R,"R:1368,K:19,-:21,?:1,I:20,V:1"
GCF_000864105.1_noTerminalStopCodon.part_lcl__NC_007364.1_cds_YP_308672.1_11,NEP,nonstructural protein 2,87,negative,0,1.395,-,0.002,"L:L:30,L:M:1,L:V:1,I:L:2",1,0.667,L,"L:1404,M:1,-:22,V:1,I:2"
GCF_000864105.1_noTerminalStopCodon.part_lcl__NC_007364.1_cds_YP_308672.1_11,NEP,nonstructural protein 2,88,negative,0.255,1.477,-,0.004,"K:K:15,K:Q:1,K:R:5,K:N:1,K:T:1,T:T:2,A:T:1",1,0.667,K,"K:1378,Q:1,R:5,N:3,-:22,T:20,A:1"
GCF_000864105.1_noTerminalStopCodon.part_lcl__NC_007364.1_cds_YP_308672.1_11,NEP,nonstructural protein 2,89,neutral,1.697,2.351,-,0.398,"I:I:14,I:V:11,I:T:12,V:V:1,N:T:1,I:N:1,I:S:1,I:K:1,K:K:2,F:I:1",1,0.667,I,"I:1329,V:20,T:32,-:23,N:2,S:2,K:21,F:1"
GCF_000864105.1_noTerminalStopCodon.part_lcl__NC_007364.1_cds_YP_308672.1_11,NEP,nonstructural protein 2,90,negative,0,1.077,-,0,T:T:13,1,0.667,T,"T:1406,-:24"
GCF_000864105.1_noTerminalStopCodon.part_lcl__NC_007364.1_cds_YP_308672.1_11,NEP,nonstructural protein 2,91,negative,0,0.946,-,0.001,E:E:11,1,0.667,E,"E:1406,-:24"
GCF_000864105.1_noTerminalStopCodon.part_lcl__NC_007364.1_cds_YP_308672.1_11,NEP,nonstructural protein 2,92,negative,0.334,2.764,-,0,"N:N:15,N:S:9,D:N:1,N:T:1,K:N:1",1,0.667,N,"N:1382,S:21,D:1,T:1,-:24,K:1"
GCF_000864105.1_noTerminalStopCodon.part_lcl__NC_007364.1_cds_YP_308672.1_11,NEP,nonstructural protein 2,93,negative,0,3.394,-,0,S:S:19,1,0.667,S,"S:1406,-:24"
GCF_000864105.1_noTerminalStopCodon.part_lcl__NC_007364.1_cds_YP_308672.1_11,NEP,nonstructural protein 2,94,negative,0,2.339,-,0,F:F:13,1,0.667,F,"F:1404,?:2,-:24"
GCF_000864105.1_noTerminalStopCodon.part_lcl__NC_007364.1_cds_YP_308672.1_11,NEP,nonstructural protein 2,95,negative,0,1.319,-,0,"E:E:14,D:E:1",1,0.667,E,"E:1405,D:1,-:24"
GCF_000864105.1_noTerminalStopCodon.part_lcl__NC_007364.1_cds_YP_308672.1_11,NEP,nonstructural protein 2,96,negative,0,2.238,-,0,"Q:Q:26,H:Q:3",1,0.667,Q,"Q:1402,H:3,-:24,?:1"
GCF_000864105.1_noTerminalStopCodon.part_lcl__NC_007364.1_cds_YP_308672.1_11,NEP,nonstructural protein 2,97,neutral,0,0.444,-,0.059,I:I:1,1,0.667,I,"I:1405,-:24,?:1"
GCF_000864105.1_noTerminalStopCodon.part_lcl__NC_007364.1_cds_YP_308672.1_11,NEP,nonstructural protein 2,98,negative,0,2.46,-,0,T:T:29,1,0.667,T,"T:1406,-:24"
GCF_000864105.1_noTerminalStopCodon.part_lcl__NC_007364.1_cds_YP_308672.1_11,NEP,nonstructural protein 2,99,negative,0.25,2.198,-,0,"F:L:3,F:F:13",1,0.667,F,"F:1400,L:6,-:24"
GCF_000864105.1_noTerminalStopCodon.part_lcl__NC_007364.1_cds_YP_308672.1_11,NEP,nonstructural protein 2,100,negative,0.177,2.308,-,0.022,"I:M:5,L:M:1,L:L:2",1,0.667,M,"M:1378,I:8,-:24,L:20"
GCF_000864105.1_noTerminalStopCodon.part_lcl__NC_007364.1_cds_YP_308672.1_11,NEP,nonstructural protein 2,101,neutral,0.187,0.278,-,0.733,"E:Q:1,P:Q:1,Q:Q:3",1,0.667,Q,"Q:1400,E:1,-:24,P:5"
GCF_000864105.1_noTerminalStopCodon.part_lcl__NC_007364.1_cds_YP_308672.1_11,NEP,nonstructural protein 2,102,negative,0,1.389,-,0,A:A:14,1,0.667,A,"A:1406,-:24"
GCF_000864105.1_noTerminalStopCodon.part_lcl__NC_007364.1_cds_YP_308672.1_11,NEP,nonstructural protein 2,103,negative,0,1.099,-,0.009,L:L:21,1,0.667,L,"L:1406,-:24"
GCF_000864105.1_noTerminalStopCodon.part_lcl__NC_007364.1_cds_YP_308672.1_11,NEP,nonstructural protein 2,104,neutral,0,0.274,-,0.123,"Q:Q:3,Q:R:1",1,0.667,Q,"Q:1405,-:24,R:1"
GCF_000864105.1_noTerminalStopCodon.part_lcl__NC_007364.1_cds_YP_308672.1_11,NEP,nonstructural protein 2,105,negative,0,0.564,-,0.033,"L:L:13,I:L:1",1,0.667,L,"L:1405,I:1,-:24"
GCF_000864105.1_noTerminalStopCodon.part_lcl__NC_007364.1_cds_YP_308672.1_11,NEP,nonstructural protein 2,106,negative,0,1.13,-,0.006,L:L:25,1,0.667,L,"L:1402,?:2,-:26"
GCF_000864105.1_noTerminalStopCodon.part_lcl__NC_007364.1_cds_YP_308672.1_11,NEP,nonstructural protein 2,107,negative,0,0.562,-,0.01,L:L:5,1,0.667,L,"L:1401,-:28,?:1"
GCF_000864105.1_noTerminalStopCodon.part_lcl__NC_007364.1_cds_YP_308672.1_11,NEP,nonstructural protein 2,108,neutral,0.126,0.555,-,0.109,"E:E:6,E:V:1,D:E:1",1,0.667,E,"E:1400,V:1,-:28,D:1"
GCF_000864105.1_noTerminalStopCodon.part_lcl__NC_007364.1_cds_YP_308672.1_11,NEP,nonstructural protein 2,109,negative,0,1.589,-,0,"V:V:21,M:V:1",1,0.667,V,"V:1400,-:29,M:1"
GCF_000864105.1_noTerminalStopCodon.part_lcl__NC_007364.1_cds_YP_308672.1_11,NEP,nonstructural protein 2,110,negative,0,1.689,-,0,E:E:21,1,0.667,E,"E:1401,-:29"
GCF_000864105.1_noTerminalStopCodon.part_lcl__NC_007364.1_cds_YP_308672.1_11,NEP,nonstructural protein 2,111,neutral,0.833,0.303,-,0.177,"L:Q:1,Q:Q:3,Q:R:1,H:Q:1,P:Q:1,Q:S:1,N:S:1",1,0.007,Q,"Q:1374,?:1,L:1,R:2,-:29,H:1,P:2,S:19,N:1"
GCF_000864105.1_noTerminalStopCodon.part_lcl__NC_007364.1_cds_YP_308672.1_11,NEP,nonstructural protein 2,112,negative,0,0.693,-,0.004,E:E:9,1,0.667,E,"E:1400,-:30"
GCF_000864105.1_noTerminalStopCodon.part_lcl__NC_007364.1_cds_YP_308672.1_11,NEP,nonstructural protein 2,113,neutral,0.182,0.914,-,0.126,"I:M:6,I:I:2",1,0.667,I,"I:1389,M:9,-:32"
GCF_000864105.1_noTerminalStopCodon.part_lcl__NC_007364.1_cds_YP_308672.1_11,NEP,nonstructural protein 2,114,negative,0,0.994,-,0,"R:R:13,K:R:2,R:S:1",1,0.667,R,"R:1393,-:34,K:2,S:1"
GCF_000864105.1_noTerminalStopCodon.part_lcl__NC_007364.1_cds_YP_308672.1_11,NEP,nonstructural protein 2,115,negative,0.281,1.964,-,0,"S:T:1,T:T:16,A:T:8,A:A:1,A:P:1,A:V:1,A:S:1",1,0.511,T,"T:1117,S:2,-:44,A:265,P:1,V:1"
GCF_000864105.1_noTerminalStopCodon.part_lcl__NC_007364.1_cds_YP_308672.1_11,NEP,nonstructural protein 2,116,negative,0,0.55,-,0.018,"F:L:1,F:I:1,F:S:2,F:F:1",1,0.667,F,"F:1375,L:1,-:51,I:1,S:2"
GCF_000864105.1_noTerminalStopCodon.part_lcl__NC_007364.1_cds_YP_308672.1_11,NEP,nonstructural protein 2,117,negative,0,1.127,-,0,"S:S:14,R:S:1",1,0.667,S,"S:1357,-:69,R:1,?:3"
GCF_000864105.1_noTerminalStopCodon.part_lcl__NC_007364.1_cds_YP_308672.1_11,NEP,nonstructural protein 2,118,negative,0,1.173,-,0.001,"F:F:7,F:Y:1",1,0.667,F,"F:1346,-:83,Y:1"
GCF_000864105.1_noTerminalStopCodon.part_lcl__NC_007364.1_cds_YP_308672.1_11,NEP,nonstructural protein 2,119,neutral,0,0.165,-,0.248,"Q:Q:2,Q:S:1,L:Q:1",1,0.667,Q,"Q:1341,?:1,-:86,S:1,L:1"
GCF_000864105.1_noTerminalStopCodon.part_lcl__NC_007364.1_cds_YP_308672.1_11,NEP,nonstructural protein 2,120,negative,0,0.336,-,0.048,"L:L:3,H:L:1,F:L:1",1,0.667,L,"L:1335,-:93,H:1,F:1"
GCF_000864105.1_noTerminalStopCodon.part_lcl__NC_007364.1_cds_YP_308672.1_11,NEP,nonstructural protein 2,121,negative,0,0.803,-,0.004,"I:I:6,I:V:1",1,0.667,I,"I:1333,V:1,-:96"
GCF_000864105.1_noTerminalStopCodon.part_lcl__NC_007364.1_cds_YP_308673.1_12,NS1,nonstructural protein 1,1,neutral,0,0,-,1,NA,1,1,M,"M:2513,-:61"
GCF_000864105.1_noTerminalStopCodon.part_lcl__NC_007364.1_cds_YP_308673.1_12,NS1,nonstructural protein 1,2,negative,0.141,3.736,-,0,"D:D:28,D:N:4,D:E:2,D:S:1,A:D:2",1,0.621,D,"D:2505,N:6,-:59,E:2,S:1,A:1"
GCF_000864105.1_noTerminalStopCodon.part_lcl__NC_007364.1_cds_YP_308673.1_12,NS1,nonstructural protein 1,3,neutral,0.688,1.253,-,0.161,"P:S:13,S:S:17,F:S:4,S:Y:1",1,0.356,S,"S:2460,P:53,F:6,-:53,Y:1,?:1"
GCF_000864105.1_noTerminalStopCodon.part_lcl__NC_007364.1_cds_YP_308673.1_12,NS1,nonstructural protein 1,4,negative,0.062,1.63,-,0,"N:N:15,N:S:2",1,0.667,N,"N:2522,S:4,-:48"
GCF_000864105.1_noTerminalStopCodon.part_lcl__NC_007364.1_cds_YP_308673.1_12,NS1,nonstructural protein 1,5,negative,0,1.054,-,0,T:T:12,1,0.667,T,"T:2533,-:41"
GCF_000864105.1_noTerminalStopCodon.part_lcl__NC_007364.1_cds_YP_308673.1_12,NS1,nonstructural protein 1,6,neutral,0.179,0.596,-,0.085,"V:V:9,L:V:2,M:V:3,I:V:1,I:T:1",1,0.667,V,"V:2507,?:1,L:2,-:35,M:5,I:23,T:1"
GCF_000864105.1_noTerminalStopCodon.part_lcl__NC_007364.1_cds_YP_308673.1_12,NS1,nonstructural protein 1,7,neutral,0.514,0.697,-,0.574,"S:S:9,L:S:7,A:S:1,F:S:1,S:T:2",1,0.667,S,"S:2197,L:316,A:1,-:34,F:1,T:25"
GCF_000864105.1_noTerminalStopCodon.part_lcl__NC_007364.1_cds_YP_308673.1_12,NS1,nonstructural protein 1,8,negative,0.309,1.71,-,0,"S:S:16,D:S:1",0.6538436288487048,0.02,S,"S:2542,-:30,D:2"
GCF_000864105.1_noTerminalStopCodon.part_lcl__NC_007364.1_cds_YP_308673.1_12,NS1,nonstructural protein 1,9,negative,0,1.112,-,0,F:F:9,1,0.667,F,"F:2546,-:28"
GCF_000864105.1_noTerminalStopCodon.part_lcl__NC_007364.1_cds_YP_308673.1_12,NS1,nonstructural protein 1,10,neutral,0,0,-,1,K:Q:2,1,0.667,Q,"Q:2545,K:2,-:27"
GCF_000864105.1_noTerminalStopCodon.part_lcl__NC_007364.1_cds_YP_308673.1_12,NS1,nonstructural protein 1,11,neutral,0,0,-,1,NA,1,1,V,"V:2552,-:22"
GCF_000864105.1_noTerminalStopCodon.part_lcl__NC_007364.1_cds_YP_308673.1_12,NS1,nonstructural protein 1,12,negative,0,1.373,-,0,"D:D:13,D:E:2",1,0.667,D,"D:2551,E:2,-:21"
GCF_000864105.1_noTerminalStopCodon.part_lcl__NC_007364.1_cds_YP_308673.1_12,NS1,nonstructural protein 1,13,negative,0,2.005,-,0,"C:C:18,C:S:1",1,0.667,C,"C:2552,-:20,S:1,?:1"
GCF_000864105.1_noTerminalStopCodon.part_lcl__NC_007364.1_cds_YP_308673.1_12,NS1,nonstructural protein 1,14,negative,0.093,1.364,-,0,"F:Y:2,F:F:10,F:I:1,Y:Y:1",1,0.667,F,"F:2532,-:16,Y:25,I:1"
GCF_000864105.1_noTerminalStopCodon.part_lcl__NC_007364.1_cds_YP_308673.1_12,NS1,nonstructural protein 1,15,neutral,0.225,0.594,-,0.194,"I:L:8,L:L:7",1,0.513,L,"L:2554,I:10,-:9,?:1"
GCF_000864105.1_noTerminalStopCodon.part_lcl__NC_007364.1_cds_YP_308673.1_12,NS1,nonstructural protein 1,16,neutral,0,0.027,-,1,L:W:1,1,0.667,W,"W:2563,-:9,?:1,L:1"
GCF_000864105.1_noTerminalStopCodon.part_lcl__NC_007364.1_cds_YP_308673.1_12,NS1,nonstructural protein 1,17,neutral,0.168,0.707,-,0.058,"H:N:4,H:Y:5,H:H:6,H:Q:1",1,0.645,H,"H:2551,N:4,-:8,Y:9,?:1,Q:1"
GCF_000864105.1_noTerminalStopCodon.part_lcl__NC_007364.1_cds_YP_308673.1_12,NS1,nonstructural protein 1,18,neutral,0.504,0.22,-,0.235,"V:V:2,I:V:10",1,0.192,V,"V:2520,I:46,-:8"
GCF_000864105.1_noTerminalStopCodon.part_lcl__NC_007364.1_cds_YP_308673.1_12,NS1,nonstructural protein 1,19,negative,0,0.431,-,0.013,"R:R:5,C:R:1",1,0.667,R,"R:2566,-:7,C:1"
GCF_000864105.1_noTerminalStopCodon.part_lcl__NC_007364.1_cds_YP_308673.1_12,NS1,nonstructural protein 1,20,negative,0.131,0.962,-,0.002,"K:K:11,K:N:2,G:K:1,E:K:1",1,0.012,K,"K:2561,-:7,N:2,G:2,?:1,E:1"
GCF_000864105.1_noTerminalStopCodon.part_lcl__NC_007364.1_cds_YP_308673.1_12,NS1,nonstructural protein 1,21,neutral,0.714,0.889,-,0.665,"R:R:15,Q:R:15,P:R:5,L:R:1,L:L:1",1,0.667,R,"R:2475,Q:57,P:6,-:6,?:6,L:24"
GCF_000864105.1_noTerminalStopCodon.part_lcl__NC_007364.1_cds_YP_308673.1_12,NS1,nonstructural protein 1,22,neutral,0.358,0.68,-,0.322,"F:I:4,F:F:5,F:Y:2,F:L:4,F:V:2",1,0.667,F,"F:2501,I:17,Y:2,-:6,L:28,V:20"
GCF_000864105.1_noTerminalStopCodon.part_lcl__NC_007364.1_cds_YP_308673.1_12,NS1,nonstructural protein 1,23,neutral,0.228,0.091,-,0.431,"A:S:2,A:V:2,A:G:1,S:S:1",1,0.009,A,"A:2540,S:25,V:2,-:6,G:1"
GCF_000864105.1_noTerminalStopCodon.part_lcl__NC_007364.1_cds_YP_308673.1_12,NS1,nonstructural protein 1,24,neutral,0.22,0,-,0.167,"D:N:2,D:M:1",1,0.003,D,"D:2542,-:6,N:2,M:24"
GCF_000864105.1_noTerminalStopCodon.part_lcl__NC_007364.1_cds_YP_308673.1_12,NS1,nonstructural protein 1,25,neutral,0.237,0.307,-,0.777,"Q:Q:3,K:Q:2,Q:R:4",1,0.667,Q,"Q:2536,-:6,K:2,R:28,?:2"
GCF_000864105.1_noTerminalStopCodon.part_lcl__NC_007364.1_cds_YP_308673.1_12,NS1,nonstructural protein 1,26,negative,0.153,0.811,-,0.017,"E:E:8,E:K:3,D:E:1,D:D:1",1,0.667,E,"E:2512,K:20,-:6,D:36"
GCF_000864105.1_noTerminalStopCodon.part_lcl__NC_007364.1_cds_YP_308673.1_12,NS1,nonstructural protein 1,27,neutral,1.239,0.713,overall,0.23,"L:L:15,L:M:26,L:Q:2",0.004627503,0.035,L,"L:2478,M:88,Q:2,-:6"
GCF_000864105.1_noTerminalStopCodon.part_lcl__NC_007364.1_cds_YP_308673.1_12,NS1,nonstructural protein 1,28,neutral,0.218,0.617,-,0.117,"G:S:7,G:G:6,C:G:2,C:C:1",1,0.667,G,"G:2450,S:60,-:6,C:58"
GCF_000864105.1_noTerminalStopCodon.part_lcl__NC_007364.1_cds_YP_308673.1_12,NS1,nonstructural protein 1,29,neutral,0,0.118,-,0.159,"D:G:1,D:D:1",1,0.667,D,"D:2567,G:1,-:6"
GCF_000864105.1_noTerminalStopCodon.part_lcl__NC_007364.1_cds_YP_308673.1_12,NS1,nonstructural protein 1,30,negative,0,0.496,-,0.002,"A:A:7,A:T:3",1,0.667,A,"A:2565,-:6,T:3"
GCF_000864105.1_noTerminalStopCodon.part_lcl__NC_007364.1_cds_YP_308673.1_12,NS1,nonstructural protein 1,31,negative,0,0.803,-,0,P:P:12,1,0.667,P,"P:2568,-:6"
GCF_000864105.1_noTerminalStopCodon.part_lcl__NC_007364.1_cds_YP_308673.1_12,NS1,nonstructural protein 1,32,negative,0,0.83,-,0,"F:F:8,F:I:1",1,0.667,F,"F:2568,-:5,I:1"
GCF_000864105.1_noTerminalStopCodon.part_lcl__NC_007364.1_cds_YP_308673.1_12,NS1,nonstructural protein 1,33,neutral,0.514,1.272,-,0.075,"L:L:14,F:L:5,D:L:1",1,0.325,L,"L:2535,F:9,?:1,-:5,D:24"
GCF_000864105.1_noTerminalStopCodon.part_lcl__NC_007364.1_cds_YP_308673.1_12,NS1,nonstructural protein 1,34,negative,0,1.75,-,0,D:D:16,1,0.667,D,"D:2568,?:1,-:5"
GCF_000864105.1_noTerminalStopCodon.part_lcl__NC_007364.1_cds_YP_308673.1_12,NS1,nonstructural protein 1,35,negative,0,0.486,-,0.004,"R:R:10,Q:R:1,R:W:1",1,0.667,R,"R:2564,-:5,Q:1,W:1,?:3"
GCF_000864105.1_noTerminalStopCodon.part_lcl__NC_007364.1_cds_YP_308673.1_12,NS1,nonstructural protein 1,36,negative,0.216,1.464,-,0.001,"I:L:7,L:L:18",1,0.254,L,"L:2559,I:11,-:4"
GCF_000864105.1_noTerminalStopCodon.part_lcl__NC_007364.1_cds_YP_308673.1_12,NS1,nonstructural protein 1,37,negative,0,0.857,-,0,"R:R:11,C:R:1,R:S:1",1,0.667,R,"R:2568,C:1,-:4,S:1"
GCF_000864105.1_noTerminalStopCodon.part_lcl__NC_007364.1_cds_YP_308673.1_12,NS1,nonstructural protein 1,38,negative,0,1.105,-,0,R:R:20,1,0.667,R,"R:2570,-:4"
GCF_000864105.1_noTerminalStopCodon.part_lcl__NC_007364.1_cds_YP_308673.1_12,NS1,nonstructural protein 1,39,negative,0,1.841,-,0,"D:D:15,D:E:1,D:N:1",1,0.667,D,"D:2568,E:1,-:4,N:1"
GCF_000864105.1_noTerminalStopCodon.part_lcl__NC_007364.1_cds_YP_308673.1_12,NS1,nonstructural protein 1,40,negative,0,0.929,-,0,"Q:R:3,Q:Q:14,K:Q:2,H:Q:4",1,0.667,Q,"Q:2561,R:3,-:4,K:2,H:4"
GCF_000864105.1_noTerminalStopCodon.part_lcl__NC_007364.1_cds_YP_308673.1_12,NS1,nonstructural protein 1,41,negative,0.067,1.39,-,0,"K:K:19,K:R:2",1,0.518,K,"K:2567,-:4,R:3"
GCF_000864105.1_noTerminalStopCodon.part_lcl__NC_007364.1_cds_YP_308673.1_12,NS1,nonstructural protein 1,42,negative,0.083,1.547,-,0,"S:S:19,P:S:1,A:S:1",1,0.667,S,"S:2545,-:4,P:1,A:24"
GCF_000864105.1_noTerminalStopCodon.part_lcl__NC_007364.1_cds_YP_308673.1_12,NS1,nonstructural protein 1,43,negative,0.15,0.931,-,0.02,"I:L:4,L:L:20",1,0.667,L,"L:2564,I:5,-:4,?:1"
GCF_000864105.1_noTerminalStopCodon.part_lcl__NC_007364.1_cds_YP_308673.1_12,NS1,nonstructural protein 1,44,negative,0.533,1.359,-,0.024,"K:R:18,R:R:18,I:R:1",1,0.667,R,"R:2451,K:112,-:4,I:1,?:6"
GCF_000864105.1_noTerminalStopCodon.part_lcl__NC_007364.1_cds_YP_308673.1_12,NS1,nonstructural protein 1,45,negative,0,0.397,-,0.005,"G:G:6,G:R:1",1,0.667,G,"G:2569,R:1,-:4"
GCF_000864105.1_noTerminalStopCodon.part_lcl__NC_007364.1_cds_YP_308673.1_12,NS1,nonstructural protein 1,46,negative,0,1.855,-,0,R:R:25,1,0.667,R,"R:2570,-:3,?:1"
GCF_000864105.1_noTerminalStopCodon.part_lcl__NC_007364.1_cds_YP_308673.1_12,NS1,nonstructural protein 1,47,neutral,0.214,0.14,-,0.64,"G:S:9,G:G:2,D:G:1",1,0.469,G,"G:2543,S:26,-:3,D:1,?:1"
GCF_000864105.1_noTerminalStopCodon.part_lcl__NC_007364.1_cds_YP_308673.1_12,NS1,nonstructural protein 1,48,positive,0.761,0,-,0.001,"N:S:25,I:S:5,I:T:1,G:S:1",0.095634053,0,S,"S:2043,N:507,I:19,T:1,-:3,G:1"
GCF_000864105.1_noTerminalStopCodon.part_lcl__NC_007364.1_cds_YP_308673.1_12,NS1,nonstructural protein 1,49,negative,0,0.967,-,0,"T:T:11,S:T:1,N:T:1",1,0.667,T,"T:2568,?:1,-:3,S:1,N:1"
GCF_000864105.1_noTerminalStopCodon.part_lcl__NC_007364.1_cds_YP_308673.1_12,NS1,nonstructural protein 1,50,neutral,0,0,-,1,NA,1,1,L,"L:2571,-:3"
GCF_000864105.1_noTerminalStopCodon.part_lcl__NC_007364.1_cds_YP_308673.1_12,NS1,nonstructural protein 1,51,negative,0,0.355,-,0.01,"G:S:1,G:G:4",1,0.667,G,"G:2570,S:1,-:3"
GCF_000864105.1_noTerminalStopCodon.part_lcl__NC_007364.1_cds_YP_308673.1_12,NS1,nonstructural protein 1,52,neutral,0.14,0.601,-,0.088,"L:L:13,L:M:1,I:L:1",1,0.667,L,"L:2558,-:3,M:1,I:12"
GCF_000864105.1_noTerminalStopCodon.part_lcl__NC_007364.1_cds_YP_308673.1_12,NS1,nonstructural protein 1,53,neutral,0.817,1.677,-,0.07,"D:E:2,D:G:8,D:D:13,D:N:11,G:S:1,G:G:2,D:V:2",1,0.343,D,"D:2016,E:2,G:529,N:16,S:1,-:3,V:5,?:2"
GCF_000864105.1_noTerminalStopCodon.part_lcl__NC_007364.1_cds_YP_308673.1_12,NS1,nonstructural protein 1,54,negative,0.171,1.58,-,0,"I:I:18,I:V:3,I:T:2,I:M:1,I:L:2,L:L:2",1,0.667,I,"I:2537,-:5,V:4,T:2,M:1,L:25"
GCF_000864105.1_noTerminalStopCodon.part_lcl__NC_007364.1_cds_YP_308673.1_12,NS1,nonstructural protein 1,55,neutral,0.998,1.866,-,0.076,"E:E:18,E:K:23,A:E:2,D:E:3,E:G:9,E:Q:1,E:R:1,R:R:3",1,0.667,E,"E:2437,K:72,A:10,D:3,G:20,-:5,Q:2,?:1,R:24"
GCF_000864105.1_noTerminalStopCodon.part_lcl__NC_007364.1_cds_YP_308673.1_12,NS1,nonstructural protein 1,56,negative,0.54,1.422,-,0.017,"T:T:20,A:T:11,I:T:4,R:T:1,A:A:1,A:V:2,M:T:2",1,0.667,T,"T:2468,A:62,I:11,-:5,R:1,V:25,M:2"
GCF_000864105.1_noTerminalStopCodon.part_lcl__NC_007364.1_cds_YP_308673.1_12,NS1,nonstructural protein 1,57,negative,0.146,2.045,-,0,"A:A:25,A:S:5",1,0.667,A,"A:2560,-:5,S:8,?:1"
GCF_000864105.1_noTerminalStopCodon.part_lcl__NC_007364.1_cds_YP_308673.1_12,NS1,nonstructural protein 1,58,negative,0,1.523,-,0,"I:T:8,N:T:1,T:T:18,S:T:1,A:T:3",1,0.667,T,"T:2555,I:8,N:1,-:5,S:1,A:3,?:1"
GCF_000864105.1_noTerminalStopCodon.part_lcl__NC_007364.1_cds_YP_308673.1_12,NS1,nonstructural protein 1,59,neutral,1.843,1.445,-,0.482,"R:R:15,H:R:23,L:R:4,R:S:8,C:R:10,C:S:1,M:R:1,I:M:1",1,0.208,R,"R:2421,H:59,L:4,S:26,C:34,-:5,?:1,M:21,I:3"
GCF_000864105.1_noTerminalStopCodon.part_lcl__NC_007364.1_cds_YP_308673.1_12,NS1,nonstructural protein 1,60,negative,0.571,2.105,-,0.001,"A:D:2,A:V:7,A:T:10,A:A:26,A:E:8,M:V:1,V:V:1,A:S:6,E:E:1",1,0.667,A,"A:2430,D:2,V:35,T:47,E:31,-:5,M:1,S:23"
GCF_000864105.1_noTerminalStopCodon.part_lcl__NC_007364.1_cds_YP_308673.1_12,NS1,nonstructural protein 1,61,negative,0,2.281,-,0,"G:G:34,G:R:1",1,0.667,G,"G:2569,-:4,R:1"
GCF_000864105.1_noTerminalStopCodon.part_lcl__NC_007364.1_cds_YP_308673.1_12,NS1,nonstructural protein 1,62,negative,0.134,1.274,-,0,"K:R:4,K:K:18",1,0.473,K,"K:2562,R:8,-:4"
GCF_000864105.1_noTerminalStopCodon.part_lcl__NC_007364.1_cds_YP_308673.1_12,NS1,nonstructural protein 1,63,negative,0.217,2.62,-,0,"H:Q:5,Q:R:5,K:Q:5,L:Q:3,Q:Q:35,L:L:1,P:Q:1,K:T:1",1,0.667,Q,"Q:2508,H:5,R:5,K:27,L:23,-:4,P:1,T:1"
GCF_000864105.1_noTerminalStopCodon.part_lcl__NC_007364.1_cds_YP_308673.1_12,NS1,nonstructural protein 1,64,negative,0.365,1.288,-,0.039,"I:M:7,I:V:4,I:T:1,I:L:3,I:I:6",1,0.168,I,"I:2534,M:15,V:4,T:11,L:6,-:4"
GCF_000864105.1_noTerminalStopCodon.part_lcl__NC_007364.1_cds_YP_308673.1_12,NS1,nonstructural protein 1,65,negative,0.371,1.095,-,0.038,"A:V:1,L:V:5,M:V:9,V:V:17,G:V:3,I:V:1",1,0.583,V,"V:2528,A:1,L:7,M:19,-:4,G:3,I:12"
GCF_000864105.1_noTerminalStopCodon.part_lcl__NC_007364.1_cds_YP_308673.1_12,NS1,nonstructural protein 1,66,neutral,0.474,0.546,-,0.801,"E:K:12,K:R:1,E:E:8,D:E:3,E:V:1,E:G:4",1,0.192,E,"E:2539,K:16,R:1,D:3,V:3,-:4,G:8"
GCF_000864105.1_noTerminalStopCodon.part_lcl__NC_007364.1_cds_YP_308673.1_12,NS1,nonstructural protein 1,67,neutral,0.796,1.517,-,0.094,"K:R:4,R:R:23,Q:R:4,R:W:2,D:R:1,D:D:2,D:N:1,D:G:1,M:R:1,G:R:7,G:G:2",1,0.554,R,"R:2356,K:4,Q:21,W:2,-:4,D:20,N:3,G:163,M:1"
GCF_000864105.1_noTerminalStopCodon.part_lcl__NC_007364.1_cds_YP_308673.1_12,NS1,nonstructural protein 1,68,negative,0.223,1.701,-,0,"I:I:17,I:T:3,I:V:8",1,0.51,I,"I:2554,T:3,V:12,-:4,?:1"
GCF_000864105.1_noTerminalStopCodon.part_lcl__NC_007364.1_cds_YP_308673.1_12,NS1,nonstructural protein 1,69,negative,0.146,1.247,-,0.003,"L:L:27,L:M:5,L:P:1",1,0.667,L,"L:2560,M:9,-:4,P:1"
GCF_000864105.1_noTerminalStopCodon.part_lcl__NC_007364.1_cds_YP_308673.1_12,NS1,nonstructural protein 1,70,neutral,0.891,1.631,-,0.114,"E:K:19,D:E:6,E:E:16,E:G:10,D:D:2,D:V:1,D:G:3,D:N:3,D:T:1,E:V:2,K:R:1,K:K:1",1,0.667,E,"E:2159,K:62,D:229,?:1,G:50,-:4,V:47,N:20,T:1,R:1"
GCF_000864105.1_noTerminalStopCodon.part_lcl__NC_007364.1_cds_YP_308673.1_12,NS1,nonstructural protein 1,71,neutral,0.784,1.151,-,0.361,"E:G:8,E:E:11,A:E:1,E:K:12,D:E:2,E:S:1,S:S:2",1,0.667,E,"E:2399,G:26,A:2,K:117,D:2,-:4,S:24"
GCF_000864105.1_noTerminalStopCodon.part_lcl__NC_007364.1_cds_YP_308673.1_12,NS1,nonstructural protein 1,72,negative,0.145,1.37,-,0,"E:K:8,E:E:15,E:G:1",1,0.421,E,"E:2557,K:10,-:4,?:1,G:2"
GCF_000864105.1_noTerminalStopCodon.part_lcl__NC_007364.1_cds_YP_308673.1_12,NS1,nonstructural protein 1,73,negative,0.903,2.521,-,0.004,"S:Y:3,S:S:25,P:S:11,F:S:4,A:P:1,S:T:2,H:P:1,H:N:1,P:P:1,P:T:2,T:T:2",1,0.667,S,"S:2200,Y:16,P:298,F:7,-:4,A:1,T:28,H:18,N:2"
GCF_000864105.1_noTerminalStopCodon.part_lcl__NC_007364.1_cds_YP_308673.1_12,NS1,nonstructural protein 1,74,negative,0.359,1.344,-,0.012,"D:N:14,D:Y:3,D:G:4,D:D:11,D:V:2,D:E:3",1,0.329,D,"D:2528,N:22,Y:3,G:4,?:7,V:3,-:4,E:3"
GCF_000864105.1_noTerminalStopCodon.part_lcl__NC_007364.1_cds_YP_308673.1_12,NS1,nonstructural protein 1,75,neutral,0.639,1.283,-,0.098,"D:E:7,E:K:12,E:G:15,E:E:17,A:E:1,G:G:1,K:K:1",1,0.309,E,"E:2330,D:17,K:80,G:136,A:1,-:10"
GCF_000864105.1_noTerminalStopCodon.part_lcl__NC_007364.1_cds_YP_308673.1_12,NS1,nonstructural protein 1,76,neutral,0.633,0.531,-,0.739,"A:A:5,A:T:10,K:T:1,A:E:2,A:S:1,A:N:1,N:N:2",1,0.259,A,"A:1934,T:594,K:1,-:11,E:9,S:1,N:24"
GCF_000864105.1_noTerminalStopCodon.part_lcl__NC_007364.1_cds_YP_308673.1_12,NS1,nonstructural protein 1,77,negative,0.441,1.648,-,0.008,"I:L:5,F:L:6,H:L:3,L:L:18,L:P:2,L:S:1,L:R:1",1,0.469,L,"L:2500,I:10,F:36,H:3,P:2,-:11,S:1,R:11"
GCF_000864105.1_noTerminalStopCodon.part_lcl__NC_007364.1_cds_YP_308673.1_12,NS1,nonstructural protein 1,78,negative,0.13,0.823,-,0.007,"K:R:6,K:K:9,E:K:2,D:K:1,K:T:1",1,0.488,K,"K:2537,R:20,?:1,E:2,-:12,D:1,T:1"
GCF_000864105.1_noTerminalStopCodon.part_lcl__NC_007364.1_cds_YP_308673.1_12,NS1,nonstructural protein 1,79,negative,0.366,7.265,-,0.005,"I:M:16,M:T:1,L:M:11,M:V:5,E:M:1,L:L:1,I:I:1",1,0.667,M,"M:2478,I:46,T:1,L:18,V:11,-:19,E:1"
GCF_000864105.1_noTerminalStopCodon.part_lcl__NC_007364.1_cds_YP_308673.1_12,NS1,nonstructural protein 1,80,negative,0.694,2.557,-,0.002,"T:T:15,I:T:7,A:T:9,S:T:1,N:T:7,A:A:3,A:Q:1,A:P:1,K:T:1",0.6370333819155083,0.667,T,"T:1966,I:9,A:36,S:1,N:24,-:529,Q:1,P:6,K:2"
GCF_000864105.1_noTerminalStopCodon.part_lcl__NC_007364.1_cds_YP_308673.1_12,NS1,nonstructural protein 1,81,neutral,0.349,0.694,-,0.341,"I:I:4,I:T:9,I:V:6,D:I:1,I:L:1",1,0.527,I,"I:1995,T:12,V:26,-:530,?:9,D:1,L:1"
GCF_000864105.1_noTerminalStopCodon.part_lcl__NC_007364.1_cds_YP_308673.1_12,NS1,nonstructural protein 1,82,neutral,1.495,1.82,-,0.628,"A:V:5,A:A:13,A:P:1,A:T:12,A:G:2,T:T:2,A:L:1,L:S:1,A:D:5,N:T:1",1,0.001,A,"A:1888,V:6,P:1,T:128,G:3,-:529,L:11,S:1,D:6,N:1"
GCF_000864105.1_noTerminalStopCodon.part_lcl__NC_007364.1_cds_YP_308673.1_12,NS1,nonstructural protein 1,83,negative,0.744,2.237,-,0.015,"P:S:6,S:S:10,P:P:8,L:P:1,K:S:1,K:Q:1,Q:Q:1,A:S:1,L:S:1,F:S:2,S:Y:1",1,0,S,"S:1256,P:772,L:2,-:529,K:7,Q:4,A:1,F:2,Y:1"
GCF_000864105.1_noTerminalStopCodon.part_lcl__NC_007364.1_cds_YP_308673.1_12,NS1,nonstructural protein 1,84,neutral,1.718,1.48,-,0.7,"M:V:14,V:V:13,E:V:1,A:V:1,L:V:5,M:R:1,M:T:2,K:M:1,K:N:1,M:S:1,N:S:1,S:V:1,S:S:2,R:S:1,G:V:1",1,0.032,V,"V:1973,M:27,E:1,A:2,L:9,-:521,R:2,T:4,?:6,N:2,K:1,S:25,G:1"
GCF_000864105.1_noTerminalStopCodon.part_lcl__NC_007364.1_cds_YP_308673.1_12,NS1,nonstructural protein 1,85,negative,0.45,2.044,-,0,"P:S:14,L:P:3,P:P:29,P:Q:1,P:T:1,H:P:1",1,0.366,P,"P:2517,S:28,L:15,Q:1,-:10,T:1,H:1,?:1"
GCF_000864105.1_noTerminalStopCodon.part_lcl__NC_007364.1_cds_YP_308673.1_12,NS1,nonstructural protein 1,86,neutral,1.392,0.797,-,0.179,"A:T:22,A:S:4,A:A:8,A:D:3,A:V:12,I:T:2,T:T:1,F:V:1,A:N:1",1,0.033,A,"A:2109,T:360,?:5,S:6,D:6,V:72,I:4,-:10,F:1,N:1"
GCF_000864105.1_noTerminalStopCodon.part_lcl__NC_007364.1_cds_YP_308673.1_12,NS1,nonstructural protein 1,87,neutral,0.672,0.748,-,0.827,"P:P:6,P:S:9,S:S:4,A:S:1,L:S:3,L:P:2,P:Q:2",1,0.653,S,"P:840,S:1708,?:2,A:1,L:9,-:12,Q:2"
GCF_000864105.1_noTerminalStopCodon.part_lcl__NC_007364.1_cds_YP_308673.1_12,NS1,nonstructural protein 1,88,neutral,1.454,1.022,-,0.363,"H:R:23,C:R:10,R:R:13,R:S:1,L:R:3,H:Y:1,H:Q:1,H:H:1",1,0.026,R,"R:2386,H:147,C:21,S:1,L:4,Y:1,Q:2,?:1,-:11"
GCF_000864105.1_noTerminalStopCodon.part_lcl__NC_007364.1_cds_YP_308673.1_12,NS1,nonstructural protein 1,89,negative,0,2.448,-,0,"Y:Y:23,S:Y:1",1,0.667,Y,"Y:2562,S:1,-:11"
GCF_000864105.1_noTerminalStopCodon.part_lcl__NC_007364.1_cds_YP_308673.1_12,NS1,nonstructural protein 1,90,negative,0.262,1.058,-,0.035,"L:L:18,I:L:4,L:Q:1,I:V:1,I:I:3",1,0.603,L,"L:2505,I:38,Q:19,V:1,-:11"
GCF_000864105.1_noTerminalStopCodon.part_lcl__NC_007364.1_cds_YP_308673.1_12,NS1,nonstructural protein 1,91,negative,0.202,0.886,-,0.015,"T:T:10,I:T:5,N:T:1,S:T:3,A:T:2",1,0.013,T,"T:2547,I:5,?:1,N:1,S:6,A:3,-:11"
GCF_000864105.1_noTerminalStopCodon.part_lcl__NC_007364.1_cds_YP_308673.1_12,NS1,nonstructural protein 1,92,neutral,0.209,0.617,-,0.117,"D:D:6,D:E:5",1,0.499,D,"D:2418,E:144,?:1,-:11"
GCF_000864105.1_noTerminalStopCodon.part_lcl__NC_007364.1_cds_YP_308673.1_12,NS1,nonstructural protein 1,93,neutral,0.098,0,-,0.928,L:M:2,1,0.108,M,"M:2556,L:8,-:10"
GCF_000864105.1_noTerminalStopCodon.part_lcl__NC_007364.1_cds_YP_308673.1_12,NS1,nonstructural protein 1,94,negative,0.31,1.555,-,0.001,"N:T:2,T:T:13,A:T:1,S:T:3,S:S:4,N:S:1",1,0.667,T,"T:2529,N:3,A:2,S:30,-:10"
GCF_000864105.1_noTerminalStopCodon.part_lcl__NC_007364.1_cds_YP_308673.1_12,NS1,nonstructural protein 1,95,neutral,0.437,0.871,-,0.245,"I:L:9,L:L:9,F:L:1,L:T:1",1,0.653,L,"L:2519,I:32,F:1,T:12,-:10"
GCF_000864105.1_noTerminalStopCodon.part_lcl__NC_007364.1_cds_YP_308673.1_12,NS1,nonstructural protein 1,96,negative,0,1.777,-,0,"E:E:21,D:E:3,E:K:2",1,0.667,E,"E:2557,D:3,?:2,K:2,-:10"
GCF_000864105.1_noTerminalStopCodon.part_lcl__NC_007364.1_cds_YP_308673.1_12,NS1,nonstructural protein 1,97,negative,0,2.383,-,0,E:E:31,1,0.667,E,"E:2564,-:10"
GCF_000864105.1_noTerminalStopCodon.part_lcl__NC_007364.1_cds_YP_308673.1_12,NS1,nonstructural protein 1,98,neutral,0.2,0,-,0.729,"I:M:4,M:V:2,L:M:1",1,0.56,M,"M:2537,I:21,V:5,L:1,-:10"
GCF_000864105.1_noTerminalStopCodon.part_lcl__NC_007364.1_cds_YP_308673.1_12,NS1,nonstructural protein 1,99,neutral,0.264,0.815,-,0.08,"L:S:1,S:S:12,P:S:1",1,0.073,S,"S:2562,L:1,P:1,-:10"
GCF_000864105.1_noTerminalStopCodon.part_lcl__NC_007364.1_cds_YP_308673.1_12,NS1,nonstructural protein 1,100,negative,0.348,1.994,-,0,"R:R:30,K:R:10,G:R:2,K:K:2",1,0.487,R,"R:2383,?:1,K:178,G:2,-:10"
GCF_000864105.1_noTerminalStopCodon.part_lcl__NC_007364.1_cds_YP_308673.1_12,NS1,nonstructural protein 1,101,neutral,0.655,0.956,-,0.434,"D:E:9,D:N:24,D:G:10,D:D:8",1,0.667,D,"D:2464,E:30,N:42,G:26,?:2,-:10"
GCF_000864105.1_noTerminalStopCodon.part_lcl__NC_007364.1_cds_YP_308673.1_12,NS1,nonstructural protein 1,102,neutral,0.135,0.004,-,0.925,"R:W:1,L:W:2",1,0.32,W,"W:2556,R:1,L:7,-:10"
GCF_000864105.1_noTerminalStopCodon.part_lcl__NC_007364.1_cds_YP_308673.1_12,NS1,nonstructural protein 1,103,negative,0.09,0.86,-,0.006,"F:F:6,F:V:2,F:S:5,F:Y:1,Y:Y:2",1,0.667,F,"F:2533,V:2,S:5,Y:24,-:10"
GCF_000864105.1_noTerminalStopCodon.part_lcl__NC_007364.1_cds_YP_308673.1_12,NS1,nonstructural protein 1,104,neutral,0,0.026,-,1,"I:M:3,M:T:2,L:M:1",1,0.667,M,"M:2558,I:3,T:2,-:10,L:1"
GCF_000864105.1_noTerminalStopCodon.part_lcl__NC_007364.1_cds_YP_308673.1_12,NS1,nonstructural protein 1,105,negative,0,1.491,-,0,"L:P:1,L:L:21,F:L:2,I:L:4",1,0.667,L,"L:2557,P:1,F:2,I:4,-:10"
GCF_000864105.1_noTerminalStopCodon.part_lcl__NC_007364.1_cds_YP_308673.1_12,NS1,nonstructural protein 1,106,neutral,0,0.008,-,1,"I:M:5,M:V:1,L:M:2",1,0.667,M,"M:2556,I:5,V:1,L:2,-:10"
GCF_000864105.1_noTerminalStopCodon.part_lcl__NC_007364.1_cds_YP_308673.1_12,NS1,nonstructural protein 1,107,negative,0,1.308,-,0,P:P:18,1,0.667,P,"P:2564,-:10"
GCF_000864105.1_noTerminalStopCodon.part_lcl__NC_007364.1_cds_YP_308673.1_12,NS1,nonstructural protein 1,108,negative,0.066,2.136,-,0,"K:K:28,K:R:3,K:N:1,K:T:1",1,0.667,K,"K:2535,R:26,N:1,?:1,T:1,-:10"
GCF_000864105.1_noTerminalStopCodon.part_lcl__NC_007364.1_cds_YP_308673.1_12,NS1,nonstructural protein 1,109,negative,0.113,1.504,-,0,"Q:Q:20,K:Q:1,H:Q:2,E:Q:1,Q:R:2",1,0.667,Q,"Q:2552,K:1,H:2,E:1,R:8,-:10"
GCF_000864105.1_noTerminalStopCodon.part_lcl__NC_007364.1_cds_YP_308673.1_12,NS1,nonstructural protein 1,110,negative,0.13,1.103,-,0.001,"K:K:12,K:R:7,E:K:3,K:N:1",1,0.314,K,"K:2545,R:13,E:3,N:1,-:10,?:2"
GCF_000864105.1_noTerminalStopCodon.part_lcl__NC_007364.1_cds_YP_308673.1_12,NS1,nonstructural protein 1,111,neutral,0.742,0.96,-,0.566,"M:V:12,L:V:2,V:V:13,A:V:2,A:T:1,G:V:1,F:V:1,F:S:1,I:V:2,I:T:1,I:L:1,E:V:2",1,0.667,V,"V:2424,M:79,L:16,T:2,A:3,G:1,F:11,S:1,I:23,E:2,-:10,?:2"
GCF_000864105.1_noTerminalStopCodon.part_lcl__NC_007364.1_cds_YP_308673.1_12,NS1,nonstructural protein 1,112,neutral,0.82,1.093,-,0.483,"A:T:20,A:A:10,A:S:1,A:V:11,M:V:3,M:T:1,A:E:1,T:T:3",1,0.299,A,"A:2174,T:122,S:1,V:172,M:92,?:2,E:1,-:10"
GCF_000864105.1_noTerminalStopCodon.part_lcl__NC_007364.1_cds_YP_308673.1_12,NS1,nonstructural protein 1,113,negative,0,1.617,-,0,"G:G:18,D:G:1,?:G:1",1,0.667,G,"G:2563,D:1,-:5,?:5"
GCF_000864105.1_noTerminalStopCodon.part_lcl__NC_007364.1_cds_YP_308673.1_12,NS1,nonstructural protein 1,114,neutral,0.769,1.046,-,0.476,"S:T:2,P:S:18,S:S:11,P:P:1,N:S:1,G:S:1,G:G:2,A:S:1",1,0.492,S,"S:2451,T:2,P:93,N:1,G:24,A:1,-:2"
GCF_000864105.1_noTerminalStopCodon.part_lcl__NC_007364.1_cds_YP_308673.1_12,NS1,nonstructural protein 1,115,negative,0,1.467,-,0,"L:L:18,F:L:1",1,0.667,L,"L:2571,F:1,-:2"
GCF_000864105.1_noTerminalStopCodon.part_lcl__NC_007364.1_cds_YP_308673.1_12,NS1,nonstructural protein 1,116,neutral,0.788,1.285,-,0.281,"C:S:12,C:C:9,C:F:1,C:R:2,C:Y:1,C:M:1,N:S:4,R:S:1,S:S:1",1,0.096,C,"S:493,C:2044,?:1,F:1,R:3,Y:1,M:24,-:3,N:4"
GCF_000864105.1_noTerminalStopCodon.part_lcl__NC_007364.1_cds_YP_308673.1_12,NS1,nonstructural protein 1,117,negative,0.159,1.303,-,0,"I:I:14,I:V:6,V:V:2",1,0.667,I,"I:2540,V:31,-:3"
GCF_000864105.1_noTerminalStopCodon.part_lcl__NC_007364.1_cds_YP_308673.1_12,NS1,nonstructural protein 1,118,neutral,0.66,0.478,-,0.542,"K:R:33,K:K:3,R:R:3,R:S:1,I:R:1",0.3899648758231993,0.367,R,"R:1786,K:783,-:3,S:1,I:1"
GCF_000864105.1_noTerminalStopCodon.part_lcl__NC_007364.1_cds_YP_308673.1_12,NS1,nonstructural protein 1,119,neutral,0,0,-,1,"M:V:7,L:M:3,I:M:4",1,0.667,M,"M:2557,V:7,L:3,I:4,-:3"
GCF_000864105.1_noTerminalStopCodon.part_lcl__NC_007364.1_cds_YP_308673.1_12,NS1,nonstructural protein 1,120,negative,0,1.686,-,0,"D:D:16,D:G:1",1,0.667,D,"D:2570,G:1,-:3"
GCF_000864105.1_noTerminalStopCodon.part_lcl__NC_007364.1_cds_YP_308673.1_12,NS1,nonstructural protein 1,121,negative,0,1.403,-,0,Q:Q:21,1,0.667,Q,"Q:2571,-:3"
GCF_000864105.1_noTerminalStopCodon.part_lcl__NC_007364.1_cds_YP_308673.1_12,NS1,nonstructural protein 1,122,negative,0,1.413,-,0,"A:A:21,A:T:2,A:S:1,A:E:1",1,0.667,A,"A:2566,T:2,?:1,S:1,E:1,-:3"
GCF_000864105.1_noTerminalStopCodon.part_lcl__NC_007364.1_cds_YP_308673.1_12,NS1,nonstructural protein 1,123,negative,0.245,2.627,-,0,"I:I:13,I:V:10,I:T:2,I:M:5,M:V:2",1,0.667,I,"I:2453,V:15,T:2,M:101,-:3"
GCF_000864105.1_noTerminalStopCodon.part_lcl__NC_007364.1_cds_YP_308673.1_12,NS1,nonstructural protein 1,124,neutral,0.099,0,-,0.872,"I:M:6,M:V:6,M:T:3,L:M:1",1,0.63,M,"M:2538,I:23,V:6,T:3,L:1,-:3"
GCF_000864105.1_noTerminalStopCodon.part_lcl__NC_007364.1_cds_YP_308673.1_12,NS1,nonstructural protein 1,125,negative,0.286,2.713,-,0,"D:N:12,D:G:4,D:D:21",1,0.482,D,"D:2541,N:20,G:10,-:1,?:2"
GCF_000864105.1_noTerminalStopCodon.part_lcl__NC_007364.1_cds_YP_308673.1_12,NS1,nonstructural protein 1,126,negative,0.065,0.81,-,0.001,"K:T:1,K:K:10,K:R:2,E:K:1",1,0.667,K,"K:2568,T:2,R:2,E:1,-:1"
GCF_000864105.1_noTerminalStopCodon.part_lcl__NC_007364.1_cds_YP_308673.1_12,NS1,nonstructural protein 1,127,neutral,1.728,1.022,"overall,structure,composition",0.148,"N:S:1,N:T:24,N:N:6,K:N:2,D:N:2,I:N:1,I:T:5,T:T:4,S:T:1,A:T:4,P:T:1,T:V:1,N:R:1,K:R:1,R:R:1",0.00205189,0.091,N,"N:1953,S:8,T:538,K:5,D:13,I:8,A:21,P:1,V:5,R:21,-:1"
GCF_000864105.1_noTerminalStopCodon.part_lcl__NC_007364.1_cds_YP_308673.1_12,NS1,nonstructural protein 1,128,negative,0.151,0.773,-,0.016,"I:I:9,I:V:8,V:V:1",1,0.463,I,"I:2477,V:96,-:1"
GCF_000864105.1_noTerminalStopCodon.part_lcl__NC_007364.1_cds_YP_308673.1_12,NS1,nonstructural protein 1,129,neutral,1.045,0.986,-,0.911,"I:T:24,I:M:10,I:L:2,I:V:2,I:I:6,I:R:1",1,0.375,I,"T:189,I:2361,M:16,?:1,L:3,V:2,-:1,R:1"
GCF_000864105.1_noTerminalStopCodon.part_lcl__NC_007364.1_cds_YP_308673.1_12,NS1,nonstructural protein 1,130,negative,0,1.149,-,0,L:L:25,1,0.667,L,"L:2573,-:1"
GCF_000864105.1_noTerminalStopCodon.part_lcl__NC_007364.1_cds_YP_308673.1_12,NS1,nonstructural protein 1,131,negative,0,1.494,-,0,K:K:17,1,0.667,K,"K:2573,-:1"
GCF_000864105.1_noTerminalStopCodon.part_lcl__NC_007364.1_cds_YP_308673.1_12,NS1,nonstructural protein 1,132,negative,0,1.043,-,0,"A:A:15,A:T:1",1,0.667,A,"A:2572,T:1,-:1"
GCF_000864105.1_noTerminalStopCodon.part_lcl__NC_007364.1_cds_YP_308673.1_12,NS1,nonstructural protein 1,133,negative,0,2.721,-,0,"N:N:25,K:N:2,N:S:3",1,0.667,N,"N:2568,K:2,S:3,-:1"
GCF_000864105.1_noTerminalStopCodon.part_lcl__NC_007364.1_cds_YP_308673.1_12,NS1,nonstructural protein 1,134,negative,0,0.62,-,0.002,"F:I:1,F:L:5,F:V:1,F:F:6",1,0.667,F,"F:2566,I:1,L:5,V:1,-:1"
GCF_000864105.1_noTerminalStopCodon.part_lcl__NC_007364.1_cds_YP_308673.1_12,NS1,nonstructural protein 1,135,negative,0.307,1.35,-,0.005,"N:S:4,S:S:12,R:S:2,C:S:1,I:S:1,G:S:1",1,0.345,S,"S:2562,N:5,R:2,C:1,I:2,G:1,-:1"
GCF_000864105.1_noTerminalStopCodon.part_lcl__NC_007364.1_cds_YP_308673.1_12,NS1,nonstructural protein 1,136,negative,0.351,2.128,-,0,"M:V:9,V:V:34,A:V:6",1,0.434,V,"V:2550,M:16,A:7,-:1"
GCF_000864105.1_noTerminalStopCodon.part_lcl__NC_007364.1_cds_YP_308673.1_12,NS1,nonstructural protein 1,137,negative,0.604,1.941,-,0.005,"I:V:11,I:I:17,I:S:1,I:L:3,I:T:13,I:N:3,I:M:2,T:T:1,F:I:2,A:I:1,L:L:2",1,0.667,I,"I:2410,V:57,S:1,L:26,T:69,N:3,M:2,?:2,F:2,A:1,-:1"
GCF_000864105.1_noTerminalStopCodon.part_lcl__NC_007364.1_cds_YP_308673.1_12,NS1,nonstructural protein 1,138,negative,0.44,2.421,-,0,"F:L:6,F:F:17,F:S:1,F:Y:3,C:Y:1,C:F:3,F:V:1,L:L:2",1,0.546,F,"F:2322,L:169,S:3,Y:72,C:5,V:1,?:1,-:1"
GCF_000864105.1_noTerminalStopCodon.part_lcl__NC_007364.1_cds_YP_308673.1_12,NS1,nonstructural protein 1,139,neutral,1.304,1.728,-,0.447,"D:N:18,D:D:10,D:E:2,D:G:10,N:N:3,K:N:1",1,0.652,D,"N:1021,D:1517,E:4,G:30,?:1,K:1"
GCF_000864105.1_noTerminalStopCodon.part_lcl__NC_007364.1_cds_YP_308673.1_12,NS1,nonstructural protein 1,140,negative,0.824,2.906,-,0,"Q:R:21,R:R:48,K:R:1,?:R:1,Q:Q:2",1,0.667,R,"R:2493,Q:77,?:3,K:1"
GCF_000864105.1_noTerminalStopCodon.part_lcl__NC_007364.1_cds_YP_308673.1_12,NS1,nonstructural protein 1,141,negative,0.148,1.8,-,0,"L:L:38,L:M:6,F:L:1,I:L:4",1,0.595,L,"L:2561,M:7,F:1,I:4,?:1"
GCF_000864105.1_noTerminalStopCodon.part_lcl__NC_007364.1_cds_YP_308673.1_12,NS1,nonstructural protein 1,142,negative,0.147,1.61,-,0,"E:E:21,D:E:6,E:G:5,E:K:6",1,0.667,E,"E:2547,D:16,G:5,K:6"
GCF_000864105.1_noTerminalStopCodon.part_lcl__NC_007364.1_cds_YP_308673.1_12,NS1,nonstructural protein 1,143,negative,0.133,1.381,-,0,"A:T:7,T:T:18,N:T:4,K:T:1",1,0.667,T,"T:2507,A:9,N:56,?:1,K:1"
GCF_000864105.1_noTerminalStopCodon.part_lcl__NC_007364.1_cds_YP_308673.1_12,NS1,nonstructural protein 1,144,negative,0,0.963,-,0.001,"I:L:2,L:L:20",1,0.667,L,"L:2572,I:2"
GCF_000864105.1_noTerminalStopCodon.part_lcl__NC_007364.1_cds_YP_308673.1_12,NS1,nonstructural protein 1,145,negative,0.14,1.394,-,0.002,"I:I:4,I:M:1,I:T:4,I:V:6,V:V:3",1,0.667,I,"I:2512,M:1,T:4,V:53,?:4"
GCF_000864105.1_noTerminalStopCodon.part_lcl__NC_007364.1_cds_YP_308673.1_12,NS1,nonstructural protein 1,146,negative,0.154,1.973,-,0,"I:L:1,L:L:37,L:M:1,L:S:1,S:S:1",1,0.667,L,"L:2546,I:1,M:1,?:2,S:24"
GCF_000864105.1_noTerminalStopCodon.part_lcl__NC_007364.1_cds_YP_308673.1_12,NS1,nonstructural protein 1,147,negative,0.112,1.563,-,0,"L:L:17,I:L:4,I:I:1",1,0.667,L,"L:2399,I:175"
GCF_000864105.1_noTerminalStopCodon.part_lcl__NC_007364.1_cds_YP_308673.1_12,NS1,nonstructural protein 1,148,negative,0,1.393,-,0,R:R:20,1,0.667,R,R:2574
GCF_000864105.1_noTerminalStopCodon.part_lcl__NC_007364.1_cds_YP_308673.1_12,NS1,nonstructural protein 1,149,negative,0,1.062,-,0,"A:A:13,A:T:1",1,0.667,A,"A:2573,T:1"
GCF_000864105.1_noTerminalStopCodon.part_lcl__NC_007364.1_cds_YP_308673.1_12,NS1,nonstructural protein 1,150,negative,0,0.418,-,0.011,F:F:4,1,0.667,F,F:2574
GCF_000864105.1_noTerminalStopCodon.part_lcl__NC_007364.1_cds_YP_308673.1_12,NS1,nonstructural protein 1,151,negative,0,1.316,-,0,T:T:18,1,0.667,T,"T:2571,?:3"
GCF_000864105.1_noTerminalStopCodon.part_lcl__NC_007364.1_cds_YP_308673.1_12,NS1,nonstructural protein 1,152,neutral,0.543,1.057,-,0.17,"E:E:11,A:E:1,E:K:6,D:E:4,E:G:1,E:N:1",1,0.455,E,"E:2524,A:1,K:8,D:28,G:1,N:12"
GCF_000864105.1_noTerminalStopCodon.part_lcl__NC_007364.1_cds_YP_308673.1_12,NS1,nonstructural protein 1,153,negative,0.534,1.508,-,0.017,"E:K:8,E:G:8,D:E:6,E:E:15,G:G:1,D:S:1,D:D:1",1,0.171,E,"E:2487,K:10,?:1,G:47,D:24,S:5"
GCF_000864105.1_noTerminalStopCodon.part_lcl__NC_007364.1_cds_YP_308673.1_12,NS1,nonstructural protein 1,154,negative,0,1.403,-,0,"G:G:20,E:G:2,G:R:1",1,0.667,G,"G:2571,E:2,R:1"
GCF_000864105.1_noTerminalStopCodon.part_lcl__NC_007364.1_cds_YP_308673.1_12,NS1,nonstructural protein 1,155,neutral,0.618,0.96,-,0.326,"A:T:8,A:S:6,A:A:14,A:E:4,A:V:7",1,0.179,A,"A:2515,T:34,S:11,E:5,V:8,?:1"
GCF_000864105.1_noTerminalStopCodon.part_lcl__NC_007364.1_cds_YP_308673.1_12,NS1,nonstructural protein 1,156,negative,0.146,3.125,-,0,"I:V:12,I:I:32",1,0.374,I,"I:2558,V:16"
GCF_000864105.1_noTerminalStopCodon.part_lcl__NC_007364.1_cds_YP_308673.1_12,NS1,nonstructural protein 1,157,negative,0.173,1.422,-,0,"V:V:22,A:V:7,I:V:2",1,0.667,V,"V:2560,?:1,A:11,I:2"
GCF_000864105.1_noTerminalStopCodon.part_lcl__NC_007364.1_cds_YP_308673.1_12,NS1,nonstructural protein 1,158,negative,0.097,1.727,-,0,"G:G:24,A:G:1",1,0.667,G,"G:2550,A:24"
GCF_000864105.1_noTerminalStopCodon.part_lcl__NC_007364.1_cds_YP_308673.1_12,NS1,nonstructural protein 1,159,negative,0,1.3,-,0,"E:E:14,E:G:1,E:K:1,E:Q:1",1,0.667,E,"E:2565,G:1,K:1,?:6,Q:1"
GCF_000864105.1_noTerminalStopCodon.part_lcl__NC_007364.1_cds_YP_308673.1_12,NS1,nonstructural protein 1,160,negative,0,2.071,-,0,"I:I:24,I:V:1",1,0.667,I,"I:2572,V:1,?:1"
GCF_000864105.1_noTerminalStopCodon.part_lcl__NC_007364.1_cds_YP_308673.1_12,NS1,nonstructural protein 1,161,neutral,0.397,0.065,-,0.08,"L:S:6,S:T:4,P:S:1,S:S:1",1,0.016,S,"S:2493,L:14,T:66,P:1"
GCF_000864105.1_noTerminalStopCodon.part_lcl__NC_007364.1_cds_YP_308673.1_12,NS1,nonstructural protein 1,162,negative,0.088,1.522,-,0,"P:P:22,L:P:1,P:Q:1",1,0.667,P,"P:2561,L:1,Q:12"
GCF_000864105.1_noTerminalStopCodon.part_lcl__NC_007364.1_cds_YP_308673.1_12,NS1,nonstructural protein 1,163,neutral,0.34,1.025,-,0.08,"L:L:19,L:S:3,I:L:3,L:V:1,L:M:1",1,0.635,L,"L:2541,S:3,I:27,V:1,M:1,?:1"
GCF_000864105.1_noTerminalStopCodon.part_lcl__NC_007364.1_cds_YP_308673.1_12,NS1,nonstructural protein 1,164,negative,0,0.959,-,0,"P:T:2,H:P:5,P:S:4,P:P:12,L:P:3",1,0.667,P,"P:2559,?:1,T:2,H:5,S:4,L:3"
GCF_000864105.1_noTerminalStopCodon.part_lcl__NC_007364.1_cds_YP_308673.1_12,NS1,nonstructural protein 1,165,neutral,0.418,0.847,-,0.191,"F:S:8,S:Y:10,S:S:10,C:Y:1",1,0.45,S,"S:2481,F:42,Y:50,C:1"
GCF_000864105.1_noTerminalStopCodon.part_lcl__NC_007364.1_cds_YP_308673.1_12,NS1,nonstructural protein 1,166,positive,0.774,0.11,-,0.024,"I:L:6,F:L:15,F:F:1,L:M:1,I:M:1,I:V:1",1,0.022,L,"L:2357,I:14,F:182,?:1,M:19,V:1"
GCF_000864105.1_noTerminalStopCodon.part_lcl__NC_007364.1_cds_YP_308673.1_12,NS1,nonstructural protein 1,167,neutral,0.088,0,-,0.189,"L:P:1,P:S:7",1,0.191,P,"P:2565,L:1,S:8"
GCF_000864105.1_noTerminalStopCodon.part_lcl__NC_007364.1_cds_YP_308673.1_12,NS1,nonstructural protein 1,168,negative,0,0.459,-,0.003,G:G:7,1,0.667,G,G:2574
GCF_000864105.1_noTerminalStopCodon.part_lcl__NC_007364.1_cds_YP_308673.1_12,NS1,nonstructural protein 1,169,negative,0,0.357,-,0.021,"H:H:3,H:N:1",1,0.667,H,"H:2573,N:1"
GCF_000864105.1_noTerminalStopCodon.part_lcl__NC_007364.1_cds_YP_308673.1_12,NS1,nonstructural protein 1,170,neutral,0.074,0,-,0.26,"I:T:1,S:T:2,N:T:1",1,0.255,T,"T:2549,I:1,S:23,N:1"
GCF_000864105.1_noTerminalStopCodon.part_lcl__NC_007364.1_cds_YP_308673.1_12,NS1,nonstructural protein 1,171,neutral,2.704,1.761,-,0.168,"D:V:1,D:G:26,D:N:17,G:S:6,D:D:5,D:E:4,H:N:1,K:N:1,N:S:3,N:N:2,R:S:1,R:R:1,S:S:2,G:G:4,D:S:1,D:T:1,N:T:1,A:T:1,A:D:1",1,0.092,D,"D:1777,V:1,G:305,N:292,S:118,E:5,H:18,K:1,R:31,?:1,T:20,A:4,-:1"
GCF_000864105.1_noTerminalStopCodon.part_lcl__NC_007364.1_cds_YP_308673.1_12,NS1,nonstructural protein 1,172,neutral,0.311,0.064,-,0.111,"E:K:5,A:E:2,E:E:1",1,0.027,E,"E:2537,K:18,A:18,-:1"
GCF_000864105.1_noTerminalStopCodon.part_lcl__NC_007364.1_cds_YP_308673.1_12,NS1,nonstructural protein 1,173,neutral,0,0,-,1,D:N:3,1,0.667,D,"D:2570,N:3,-:1"
GCF_000864105.1_noTerminalStopCodon.part_lcl__NC_007364.1_cds_YP_308673.1_12,NS1,nonstructural protein 1,174,neutral,0,0,-,1,I:V:2,1,0.667,V,"V:2571,I:2,-:1"
GCF_000864105.1_noTerminalStopCodon.part_lcl__NC_007364.1_cds_YP_308673.1_12,NS1,nonstructural protein 1,175,negative,0,0.264,-,0.023,"E:K:2,K:K:3",1,0.667,K,"K:2571,E:2,-:1"
GCF_000864105.1_noTerminalStopCodon.part_lcl__NC_007364.1_cds_YP_308673.1_12,NS1,nonstructural protein 1,176,neutral,0.196,0,-,0.104,"D:N:5,N:S:4,N:T:1,I:N:8,H:N:1",1,0.025,N,"N:2510,D:44,S:9,T:1,I:8,H:1,?:1"
GCF_000864105.1_noTerminalStopCodon.part_lcl__NC_007364.1_cds_YP_308673.1_12,NS1,nonstructural protein 1,177,neutral,0,0.194,-,0.051,"A:S:2,A:G:1,A:A:3",1,0.667,A,"A:2571,S:2,G:1"
GCF_000864105.1_noTerminalStopCodon.part_lcl__NC_007364.1_cds_YP_308673.1_12,NS1,nonstructural protein 1,178,neutral,0,0,-,1,I:V:3,1,0.667,I,"I:2571,V:3"
GCF_000864105.1_noTerminalStopCodon.part_lcl__NC_007364.1_cds_YP_308673.1_12,NS1,nonstructural protein 1,179,negative,0.14,1.437,-,0,"G:R:2,G:G:23,E:G:1,D:G:2",1,0.596,G,"G:2566,R:2,E:1,?:1,D:4"
GCF_000864105.1_noTerminalStopCodon.part_lcl__NC_007364.1_cds_YP_308673.1_12,NS1,nonstructural protein 1,180,neutral,0.426,0.638,-,0.475,"V:V:9,I:V:21",1,0.667,V,"V:2470,I:103,?:1"
GCF_000864105.1_noTerminalStopCodon.part_lcl__NC_007364.1_cds_YP_308673.1_12,NS1,nonstructural protein 1,181,neutral,0,0.069,-,0.316,L:L:1,1,0.667,L,L:2574
GCF_000864105.1_noTerminalStopCodon.part_lcl__NC_007364.1_cds_YP_308673.1_12,NS1,nonstructural protein 1,182,neutral,0,0.071,-,0.249,"I:V:2,I:I:1,I:T:2",1,0.667,I,"I:2570,V:2,T:2"
GCF_000864105.1_noTerminalStopCodon.part_lcl__NC_007364.1_cds_YP_308673.1_12,NS1,nonstructural protein 1,183,negative,0.071,1.105,-,0,"G:R:4,G:G:16",1,0.418,G,"G:2569,R:5"
GCF_000864105.1_noTerminalStopCodon.part_lcl__NC_007364.1_cds_YP_308673.1_12,NS1,nonstructural protein 1,184,negative,0,2.377,-,0,"G:G:34,G:R:2",1,0.667,G,"G:2572,R:2"
GCF_000864105.1_noTerminalStopCodon.part_lcl__NC_007364.1_cds_YP_308673.1_12,NS1,nonstructural protein 1,185,neutral,0.215,0.169,-,0.812,"F:L:9,L:L:2",1,0.355,L,"L:2546,F:28"
GCF_000864105.1_noTerminalStopCodon.part_lcl__NC_007364.1_cds_YP_308673.1_12,NS1,nonstructural protein 1,186,negative,0.07,0.447,-,0.05,"E:V:1,E:K:5,E:E:5,E:G:1,A:E:1",1,0.667,E,"E:2565,V:1,K:6,G:1,A:1"
GCF_000864105.1_noTerminalStopCodon.part_lcl__NC_007364.1_cds_YP_308673.1_12,NS1,nonstructural protein 1,187,neutral,0,0.223,-,1,NA,1,0.667,W,"W:2573,?:1"
GCF_000864105.1_noTerminalStopCodon.part_lcl__NC_007364.1_cds_YP_308673.1_12,NS1,nonstructural protein 1,188,neutral,0,0,-,1,NA,1,0.667,N,"N:2573,-:1"
GCF_000864105.1_noTerminalStopCodon.part_lcl__NC_007364.1_cds_YP_308673.1_12,NS1,nonstructural protein 1,189,neutral,0.518,0.236,-,0.304,"D:N:11,D:G:12,D:Y:1,D:D:2",1,0.02,D,"D:2538,N:16,G:18,Y:1,-:1"
GCF_000864105.1_noTerminalStopCodon.part_lcl__NC_007364.1_cds_YP_308673.1_12,NS1,nonstructural protein 1,190,negative,0,0.41,-,0.005,N:N:4,1,0.667,N,"N:2573,-:1"
GCF_000864105.1_noTerminalStopCodon.part_lcl__NC_007364.1_cds_YP_308673.1_12,NS1,nonstructural protein 1,191,negative,0.076,0.729,-,0.004,"T:T:11,A:T:1,S:T:2",1,0.667,T,"T:2549,A:1,S:23,-:1"
GCF_000864105.1_noTerminalStopCodon.part_lcl__NC_007364.1_cds_YP_308673.1_12,NS1,nonstructural protein 1,192,neutral,0.167,0,-,0.098,"I:V:7,L:V:1,I:T:1",1,0.107,V,"V:2544,I:25,L:1,T:3,-:1"
GCF_000864105.1_noTerminalStopCodon.part_lcl__NC_007364.1_cds_YP_308673.1_12,NS1,nonstructural protein 1,193,neutral,0.354,1.021,-,0.065,"R:R:18,Q:R:14,K:R:2,Q:Q:1,P:Q:1",1,0.291,R,"R:2412,Q:155,K:2,?:3,P:1,-:1"
GCF_000864105.1_noTerminalStopCodon.part_lcl__NC_007364.1_cds_YP_308673.1_12,NS1,nonstructural protein 1,194,neutral,1.017,0.466,-,0.12,"I:V:20,V:V:3,A:V:3",1,0.09,V,"V:2438,I:111,A:24,-:1"
GCF_000864105.1_noTerminalStopCodon.part_lcl__NC_007364.1_cds_YP_308673.1_12,NS1,nonstructural protein 1,195,neutral,0.081,0,-,0.245,S:T:6,1,0.238,S,"S:2497,T:76,-:1"
GCF_000864105.1_noTerminalStopCodon.part_lcl__NC_007364.1_cds_YP_308673.1_12,NS1,nonstructural protein 1,196,negative,0.071,0.703,-,0.006,"E:K:6,E:E:8,A:E:1",1,0.356,E,"E:2544,K:28,A:1,-:1"
GCF_000864105.1_noTerminalStopCodon.part_lcl__NC_007364.1_cds_YP_308673.1_12,NS1,nonstructural protein 1,197,positive,0.83,0,-,0,"N:T:8,I:T:18,A:T:9,I:V:1",1,0,T,"T:2414,N:41,I:105,A:11,V:2,-:1"
GCF_000864105.1_noTerminalStopCodon.part_lcl__NC_007364.1_cds_YP_308673.1_12,NS1,nonstructural protein 1,198,neutral,0.575,0.947,-,0.305,"L:L:14,I:L:7,I:V:3,L:V:1",1,0.667,L,"L:2033,?:2,I:513,V:25,-:1"
GCF_000864105.1_noTerminalStopCodon.part_lcl__NC_007364.1_cds_YP_308673.1_12,NS1,nonstructural protein 1,199,neutral,0,0.192,-,0.103,"Q:Q:3,H:Q:1",1,0.667,Q,"Q:2569,-:4,H:1"
GCF_000864105.1_noTerminalStopCodon.part_lcl__NC_007364.1_cds_YP_308673.1_12,NS1,nonstructural protein 1,200,neutral,0.063,0.069,-,0.944,"R:S:1,R:R:1,K:R:2",1,0.665,R,"R:2565,?:1,S:2,-:4,K:2"
GCF_000864105.1_noTerminalStopCodon.part_lcl__NC_007364.1_cds_YP_308673.1_12,NS1,nonstructural protein 1,201,negative,0.083,0.731,-,0.011,"F:F:7,F:L:4,F:Y:3,F:V:1",1,0.667,F,"F:2535,L:4,Y:30,-:4,V:1"
GCF_000864105.1_noTerminalStopCodon.part_lcl__NC_007364.1_cds_YP_308673.1_12,NS1,nonstructural protein 1,202,positive,0.372,0,-,0.012,"A:T:15,A:V:1,A:S:2,A:D:1",1,0.01,A,"A:2418,T:148,V:1,S:2,-:4,D:1"
GCF_000864105.1_noTerminalStopCodon.part_lcl__NC_007364.1_cds_YP_308673.1_12,NS1,nonstructural protein 1,203,neutral,0,0.033,-,1,R:W:2,1,0.667,W,"W:2564,?:4,R:2,-:4"
GCF_000864105.1_noTerminalStopCodon.part_lcl__NC_007364.1_cds_YP_308673.1_12,NS1,nonstructural protein 1,204,neutral,0.584,0.35,-,0.363,"G:R:15,K:R:5,R:R:5",1,0.267,R,"R:2436,?:2,G:124,-:5,K:7"
GCF_000864105.1_noTerminalStopCodon.part_lcl__NC_007364.1_cds_YP_308673.1_12,NS1,nonstructural protein 1,205,positive,0.791,0.195,-,0.036,"I:S:11,N:S:10,G:S:7,S:S:2,I:N:1,D:N:2,D:G:1,I:V:3,C:S:1,R:S:1",1,0.032,S,"S:2386,?:2,I:27,N:121,G:20,-:5,D:4,V:7,C:1,R:1"
GCF_000864105.1_noTerminalStopCodon.part_lcl__NC_007364.1_cds_YP_308673.1_12,NS1,nonstructural protein 1,206,neutral,0.733,0.814,-,0.832,"G:S:4,S:S:7,I:S:3,N:S:8,I:V:1,S:T:1,G:N:1,C:S:5,C:Y:1,C:R:2,R:S:2",1,0.658,S,"S:2223,G:65,I:71,N:15,-:5,V:1,T:1,C:165,Y:1,R:27"
GCF_000864105.1_noTerminalStopCodon.part_lcl__NC_007364.1_cds_YP_308673.1_12,NS1,nonstructural protein 1,207,positive,0.411,0,-,0.019,"H:N:1,D:N:19,D:G:2",1,0.022,N,"N:1887,H:1,D:671,-:5,G:10"
GCF_000864105.1_noTerminalStopCodon.part_lcl__NC_007364.1_cds_YP_308673.1_12,NS1,nonstructural protein 1,208,neutral,0.076,0.063,-,0.904,"E:K:4,E:E:1,A:E:1",1,0.608,E,"E:2564,-:4,K:5,A:1"
GCF_000864105.1_noTerminalStopCodon.part_lcl__NC_007364.1_cds_YP_308673.1_12,NS1,nonstructural protein 1,209,positive,2.363,0.44,-,0,"D:N:32,D:G:26,D:D:4,G:S:11,D:V:1,N:S:1",1,0,D,"D:2002,N:135,G:381,S:17,-:1,V:34,?:4"
GCF_000864105.1_noTerminalStopCodon.part_lcl__NC_007364.1_cds_YP_308673.1_12,NS1,nonstructural protein 1,210,positive,0.437,0,-,0.002,"G:W:2,E:G:6,G:R:10",1,0.001,G,"G:2516,W:3,E:12,R:42,-:1"
GCF_000864105.1_noTerminalStopCodon.part_lcl__NC_007364.1_cds_YP_308673.1_12,NS1,nonstructural protein 1,211,neutral,0.394,0.069,-,0.055,"G:R:17,R:R:1,K:R:2",1,0.054,R,"R:2500,G:70,-:1,K:2,?:1"
GCF_000864105.1_noTerminalStopCodon.part_lcl__NC_007364.1_cds_YP_308673.1_12,NS1,nonstructural protein 1,212,positive,0.56,0.084,-,0.035,"P:S:10,L:P:11,A:P:1,L:L:1,F:L:2,P:T:3,A:T:1,H:P:1",1,0.018,P,"P:1889,S:15,L:500,A:2,-:1,F:2,T:164,H:1"
GCF_000864105.1_noTerminalStopCodon.part_lcl__NC_007364.1_cds_YP_308673.1_12,NS1,nonstructural protein 1,213,positive,1.149,0.064,-,0,"P:S:19,P:T:2,L:P:5,P:P:1",1,0,P,"P:2515,S:40,T:2,L:16,-:1"
GCF_000864105.1_noTerminalStopCodon.part_lcl__NC_007364.1_cds_YP_308673.1_12,NS1,nonstructural protein 1,214,positive,1.146,0,-,0,"F:L:19,H:L:2,H:Q:1",0.7539822955732589,0,L,"L:2508,F:54,H:10,-:1,Q:1"
GCF_000864105.1_noTerminalStopCodon.part_lcl__NC_007364.1_cds_YP_308673.1_12,NS1,nonstructural protein 1,215,positive,0.94,0,-,0,"P:S:10,H:P:2,L:P:8,F:L:2,P:T:3",1,0,P,"P:2484,S:22,H:2,L:48,-:1,F:3,T:14"
GCF_000864105.1_noTerminalStopCodon.part_lcl__NC_007364.1_cds_YP_308673.1_12,NS1,nonstructural protein 1,216,positive,0.641,0.064,-,0.007,"P:S:19,P:T:2,P:Q:2,P:P:1",0.9175256495900435,0.004,P,"P:2520,S:47,T:2,Q:2,-:1,?:2"
GCF_000864105.1_noTerminalStopCodon.part_lcl__NC_007364.1_cds_YP_308673.1_12,NS1,nonstructural protein 1,217,negative,0.673,2.71,-,0,"K:K:24,K:N:6,E:K:9,D:N:3,D:D:2,H:N:1,H:Q:1,N:N:7,N:T:1,K:R:1,K:T:4",1,0.667,K,"K:2003,N:420,E:23,D:74,H:30,Q:1,-:1,T:21,R:1"
GCF_000864105.1_noTerminalStopCodon.part_lcl__NC_007364.1_cds_YP_308673.1_12,NS1,nonstructural protein 1,218,neutral,0.483,0.331,-,0.581,"K:Q:3,Q:Q:5,Q:R:1,Q:W:2,P:Q:1",1,0,Q,"Q:2537,-:9,K:3,R:1,W:23,P:1"
GCF_000864105.1_noTerminalStopCodon.part_lcl__NC_007364.1_cds_YP_308673.1_12,NS1,nonstructural protein 1,219,positive,0.332,0,-,0.018,"E:K:6,K:N:3",1,0.012,K,"K:2453,E:41,-:3,N:77"
GCF_000864105.1_noTerminalStopCodon.part_lcl__NC_007364.1_cds_YP_308673.1_12,NS1,nonstructural protein 1,220,neutral,0.643,0.849,-,0.568,"R:R:15,R:W:9,Q:R:13,K:W:1,K:R:1,C:R:1",1,0.667,R,"R:2504,?:1,W:14,Q:26,K:2,-:26,C:1"
GCF_000864105.1_noTerminalStopCodon.part_lcl__NC_007364.1_cds_YP_308673.1_12,NS1,nonstructural protein 1,221,neutral,0.301,0.557,-,0.336,"E:K:8,K:K:6,K:R:3,K:N:1,K:Y:1",1,0.303,K,"K:2498,E:9,-:36,R:3,?:1,N:3,Y:24"
GCF_000864105.1_noTerminalStopCodon.part_lcl__NC_007364.1_cds_YP_308673.1_12,NS1,nonstructural protein 1,222,neutral,0.437,0.448,-,0.981,"M:V:12,L:M:4,L:L:1",1,0.318,M,"M:2394,V:27,-:2,L:151"
GCF_000864105.1_noTerminalStopCodon.part_lcl__NC_007364.1_cds_YP_308673.1_12,NS1,nonstructural protein 1,223,neutral,0.299,0.057,-,0.095,"A:E:12,E:E:1",1,0.054,A,"E:651,A:1921,-:2"
GCF_000864105.1_noTerminalStopCodon.part_lcl__NC_007364.1_cds_YP_308673.1_12,NS1,nonstructural protein 1,224,negative,0.127,0.986,-,0.001,"R:R:14,G:R:7,K:R:4",1,0.667,R,"R:2542,G:24,K:4,-:4"
GCF_000864105.1_noTerminalStopCodon.part_lcl__NC_007364.1_cds_YP_308673.1_12,NS1,nonstructural protein 1,225,neutral,0.558,0.26,-,0.212,"A:T:16,T:T:1,P:T:1,R:T:1,R:R:3,K:T:1",1,0.167,T,"T:2377,A:168,-:2,P:2,R:24,K:1"
GCF_000864105.1_noTerminalStopCodon.part_lcl__NC_007364.1_cds_YP_308673.1_12,NS1,nonstructural protein 1,226,positive,0.788,0,-,0.001,"I:T:12,I:V:14,I:S:1",1,0.001,I,"I:2491,?:1,T:29,V:50,-:2,S:1"
GCF_000864105.1_noTerminalStopCodon.part_lcl__NC_007364.1_cds_YP_308673.1_12,NS1,nonstructural protein 1,227,positive,0.31,0,-,0.012,"E:K:10,E:G:11,E:V:2",1,0.01,E,"E:2525,K:11,G:33,V:2,-:2,?:1"
GCF_000864105.1_noTerminalStopCodon.part_lcl__NC_007364.1_cds_YP_308673.1_12,NS1,nonstructural protein 1,228,positive,1.358,0.195,"overall,volume",0.001,"S:Y:1,S:S:3,P:S:30",0.000514202,0,S,"S:2485,Y:3,P:84,-:2"
GCF_000864105.1_noTerminalStopCodon.part_lcl__NC_007364.1_cds_YP_308673.1_12,NS1,nonstructural protein 1,229,neutral,0.368,0.445,-,0.768,"E:E:4,E:K:10,A:E:1",1,0.341,E,"E:2494,K:77,-:2,A:1"
GCF_000864105.1_noTerminalStopCodon.part_lcl__NC_007364.1_cds_YP_308673.1_12,NS1,nonstructural protein 1,230,neutral,0.172,0.084,-,0.547,"I:V:13,V:V:1",1,0.29,V,"V:2556,I:16,-:2"